# Blender 5.2.2 LTS
# www.blender.org
mtllib error.mtl
o Text
v 0.658795 0.100000 0.254072
v 0.655738 0.100000 0.250698
v 0.652947 0.100000 0.247229
v 0.650422 0.100000 0.243663
v 0.648163 0.100000 0.240002
v 0.646170 0.100000 0.236244
v 0.644442 0.100000 0.232390
v 0.642980 0.100000 0.228440
v 0.641784 0.100000 0.224394
v 0.640854 0.100000 0.220251
v 0.640190 0.100000 0.216013
v 0.639791 0.100000 0.211678
v 0.639658 0.100000 0.207248
v 0.639789 0.100000 0.202958
v 0.640184 0.100000 0.198776
v 0.640841 0.100000 0.194702
v 0.641762 0.100000 0.190735
v 0.642945 0.100000 0.186875
v 0.644391 0.100000 0.183123
v 0.646101 0.100000 0.179478
v 0.648073 0.100000 0.175941
v 0.650308 0.100000 0.172511
v 0.652806 0.100000 0.169189
v 0.655567 0.100000 0.165974
v 0.658591 0.100000 0.162866
v 0.661799 0.100000 0.159940
v 0.665112 0.100000 0.157268
v 0.668529 0.100000 0.154850
v 0.672050 0.100000 0.152687
v 0.675677 0.100000 0.150779
v 0.679408 0.100000 0.149125
v 0.683243 0.100000 0.147725
v 0.687183 0.100000 0.146580
v 0.691228 0.100000 0.145689
v 0.695378 0.100000 0.145053
v 0.699632 0.100000 0.144671
v 0.703990 0.100000 0.144544
v 0.708352 0.100000 0.144673
v 0.712614 0.100000 0.145059
v 0.716778 0.100000 0.145702
v 0.720842 0.100000 0.146602
v 0.724808 0.100000 0.147760
v 0.728675 0.100000 0.149175
v 0.732442 0.100000 0.150848
v 0.736111 0.100000 0.152778
v 0.739681 0.100000 0.154965
v 0.743152 0.100000 0.157409
v 0.746524 0.100000 0.160111
v 0.749796 0.100000 0.163070
v 0.752885 0.100000 0.166213
v 0.755706 0.100000 0.169466
v 0.758258 0.100000 0.172829
v 0.760541 0.100000 0.176303
v 0.762556 0.100000 0.179887
v 0.764302 0.100000 0.183581
v 0.765779 0.100000 0.187385
v 0.766988 0.100000 0.191300
v 0.767928 0.100000 0.195325
v 0.768600 0.100000 0.199461
v 0.769002 0.100000 0.203706
v 0.769137 0.100000 0.208062
v 0.769000 0.100000 0.212553
v 0.768588 0.100000 0.216935
v 0.767903 0.100000 0.221206
v 0.766943 0.100000 0.225366
v 0.765708 0.100000 0.229417
v 0.764200 0.100000 0.233357
v 0.762417 0.100000 0.237187
v 0.760360 0.100000 0.240907
v 0.758029 0.100000 0.244516
v 0.755423 0.100000 0.248015
v 0.752543 0.100000 0.251404
v 0.749389 0.100000 0.254682
v 0.746063 0.100000 0.257771
v 0.742665 0.100000 0.260592
v 0.739197 0.100000 0.263144
v 0.735659 0.100000 0.265427
v 0.732049 0.100000 0.267442
v 0.728369 0.100000 0.269188
v 0.724619 0.100000 0.270665
v 0.720797 0.100000 0.271874
v 0.716905 0.100000 0.272814
v 0.712942 0.100000 0.273486
v 0.708909 0.100000 0.273888
v 0.704805 0.100000 0.274023
v 0.700379 0.100000 0.273884
v 0.696062 0.100000 0.273469
v 0.691852 0.100000 0.272776
v 0.687749 0.100000 0.271806
v 0.683753 0.100000 0.270559
v 0.679866 0.100000 0.269035
v 0.676085 0.100000 0.267234
v 0.672412 0.100000 0.265156
v 0.668847 0.100000 0.262800
v 0.665389 0.100000 0.260168
v 0.662038 0.100000 0.257258
v 0.518730 0.100000 -0.057410
v 0.603827 0.100000 -0.057410
v 0.598127 0.100000 -0.032166
v 0.513029 0.100000 -0.032166
v 0.456433 0.100000 0.190147
v 0.455848 0.100000 0.192618
v 0.455313 0.100000 0.195010
v 0.454830 0.100000 0.197323
v 0.454397 0.100000 0.199557
v 0.454016 0.100000 0.201711
v 0.453685 0.100000 0.203787
v 0.453405 0.100000 0.205783
v 0.453176 0.100000 0.207700
v 0.452998 0.100000 0.209538
v 0.452870 0.100000 0.211297
v 0.452794 0.100000 0.212976
v 0.452769 0.100000 0.214577
v 0.452885 0.100000 0.217113
v 0.453232 0.100000 0.219429
v 0.453812 0.100000 0.221524
v 0.454624 0.100000 0.223398
v 0.455667 0.100000 0.225053
v 0.456942 0.100000 0.226486
v 0.458449 0.100000 0.227699
v 0.460188 0.100000 0.228692
v 0.462159 0.100000 0.229464
v 0.464362 0.100000 0.230015
v 0.466796 0.100000 0.230346
v 0.469463 0.100000 0.230456
v 0.478680 0.100000 0.229803
v 0.487740 0.100000 0.227843
v 0.496641 0.100000 0.224578
v 0.505384 0.100000 0.220005
v 0.513968 0.100000 0.214127
v 0.522394 0.100000 0.206942
v 0.530662 0.100000 0.198451
v 0.538771 0.100000 0.188654
v 0.546722 0.100000 0.177550
v 0.554515 0.100000 0.165140
v 0.562149 0.100000 0.151423
v 0.569625 0.100000 0.136401
v 0.594463 0.100000 0.144544
v 0.585513 0.100000 0.164379
v 0.575767 0.100000 0.182490
v 0.565223 0.100000 0.198875
v 0.553882 0.100000 0.213536
v 0.541743 0.100000 0.226472
v 0.528807 0.100000 0.237683
v 0.515074 0.100000 0.247170
v 0.500543 0.100000 0.254931
v 0.485215 0.100000 0.260968
v 0.469089 0.100000 0.265280
v 0.452166 0.100000 0.267867
v 0.434446 0.100000 0.268730
v 0.427913 0.100000 0.268592
v 0.421615 0.100000 0.268181
v 0.415551 0.100000 0.267495
v 0.409722 0.100000 0.266535
v 0.404128 0.100000 0.265301
v 0.398768 0.100000 0.263793
v 0.393643 0.100000 0.262010
v 0.388753 0.100000 0.259953
v 0.384098 0.100000 0.257622
v 0.379677 0.100000 0.255016
v 0.375491 0.100000 0.252136
v 0.371539 0.100000 0.248982
v 0.367865 0.100000 0.245650
v 0.364510 0.100000 0.242236
v 0.361474 0.100000 0.238739
v 0.358759 0.100000 0.235161
v 0.356362 0.100000 0.231501
v 0.354285 0.100000 0.227759
v 0.352528 0.100000 0.223934
v 0.351090 0.100000 0.220028
v 0.349972 0.100000 0.216040
v 0.349173 0.100000 0.211970
v 0.348694 0.100000 0.207817
v 0.348534 0.100000 0.203583
v 0.348543 0.100000 0.201699
v 0.348568 0.100000 0.199845
v 0.348611 0.100000 0.198023
v 0.348670 0.100000 0.196231
v 0.348746 0.100000 0.194471
v 0.348840 0.100000 0.192742
v 0.348950 0.100000 0.191044
v 0.349077 0.100000 0.189377
v 0.349221 0.100000 0.187742
v 0.349382 0.100000 0.186137
v 0.349561 0.100000 0.184564
v 0.349756 0.100000 0.183021
v 0.350021 0.100000 0.181272
v 0.350412 0.100000 0.179080
v 0.350926 0.100000 0.176443
v 0.351565 0.100000 0.173362
v 0.352329 0.100000 0.169838
v 0.353217 0.100000 0.165869
v 0.354229 0.100000 0.161457
v 0.355365 0.100000 0.156601
v 0.356627 0.100000 0.151300
v 0.358012 0.100000 0.145556
v 0.359522 0.100000 0.139368
v 0.361156 0.100000 0.132736
v 0.401873 0.100000 -0.032166
v 0.343648 0.100000 -0.032166
v 0.350163 0.100000 -0.057410
v 0.408795 0.100000 -0.057410
v 0.431189 0.100000 -0.142101
v 0.542752 0.100000 -0.153094
v 0.165717 0.100000 -0.157166
v 0.162920 0.100000 -0.160132
v 0.160367 0.100000 -0.163194
v 0.158057 0.100000 -0.166353
v 0.155990 0.100000 -0.169607
v 0.154166 0.100000 -0.172958
v 0.152585 0.100000 -0.176405
v 0.151248 0.100000 -0.179948
v 0.150154 0.100000 -0.183587
v 0.149303 0.100000 -0.187322
v 0.148695 0.100000 -0.191153
v 0.148330 0.100000 -0.195081
v 0.148208 0.100000 -0.199104
v 0.148330 0.100000 -0.203060
v 0.148695 0.100000 -0.206920
v 0.149303 0.100000 -0.210683
v 0.150154 0.100000 -0.214350
v 0.151248 0.100000 -0.217922
v 0.152585 0.100000 -0.221397
v 0.154166 0.100000 -0.224775
v 0.155990 0.100000 -0.228058
v 0.158057 0.100000 -0.231245
v 0.160367 0.100000 -0.234335
v 0.162920 0.100000 -0.237330
v 0.165717 0.100000 -0.240228
v 0.168683 0.100000 -0.242959
v 0.171745 0.100000 -0.245453
v 0.174903 0.100000 -0.247710
v 0.178158 0.100000 -0.249729
v 0.181508 0.100000 -0.251510
v 0.184955 0.100000 -0.253054
v 0.188498 0.100000 -0.254360
v 0.192137 0.100000 -0.255429
v 0.195872 0.100000 -0.256260
v 0.199704 0.100000 -0.256854
v 0.203631 0.100000 -0.257210
v 0.207655 0.100000 -0.257329
v 0.211547 0.100000 -0.257210
v 0.215351 0.100000 -0.256854
v 0.219068 0.100000 -0.256260
v 0.222697 0.100000 -0.255429
v 0.226239 0.100000 -0.254360
v 0.229693 0.100000 -0.253054
v 0.233059 0.100000 -0.251510
v 0.236337 0.100000 -0.249729
v 0.239528 0.100000 -0.247710
v 0.242631 0.100000 -0.245453
v 0.245647 0.100000 -0.242959
v 0.248575 0.100000 -0.240228
v 0.251339 0.100000 -0.237330
v 0.253862 0.100000 -0.234335
v 0.256146 0.100000 -0.231245
v 0.258189 0.100000 -0.228058
v 0.259991 0.100000 -0.224775
v 0.261553 0.100000 -0.221397
v 0.262875 0.100000 -0.217922
v 0.263957 0.100000 -0.214350
v 0.264798 0.100000 -0.210683
v 0.265399 0.100000 -0.206920
v 0.265759 0.100000 -0.203060
v 0.265879 0.100000 -0.199104
v 0.265761 0.100000 -0.195081
v 0.265404 0.100000 -0.191153
v 0.264811 0.100000 -0.187322
v 0.263979 0.100000 -0.183587
v 0.262911 0.100000 -0.179948
v 0.261604 0.100000 -0.176405
v 0.260060 0.100000 -0.172958
v 0.258279 0.100000 -0.169607
v 0.256260 0.100000 -0.166353
v 0.254004 0.100000 -0.163194
v 0.251510 0.100000 -0.160132
v 0.248778 0.100000 -0.157166
v 0.245880 0.100000 -0.154370
v 0.242886 0.100000 -0.151816
v 0.239795 0.100000 -0.149506
v 0.236609 0.100000 -0.147439
v 0.233326 0.100000 -0.145616
v 0.229947 0.100000 -0.144035
v 0.226472 0.100000 -0.142698
v 0.222901 0.100000 -0.141603
v 0.219233 0.100000 -0.140752
v 0.215470 0.100000 -0.140144
v 0.211610 0.100000 -0.139780
v 0.207655 0.100000 -0.139658
v 0.203631 0.100000 -0.139780
v 0.199704 0.100000 -0.140144
v 0.195872 0.100000 -0.140752
v 0.192137 0.100000 -0.141603
v 0.188498 0.100000 -0.142698
v 0.184955 0.100000 -0.144035
v 0.181508 0.100000 -0.145616
v 0.178158 0.100000 -0.147439
v 0.174903 0.100000 -0.149506
v 0.171745 0.100000 -0.151816
v 0.168683 0.100000 -0.154370
v 0.226792 0.100000 -0.063111
v 0.246743 0.100000 -0.063111
v 0.180782 0.100000 0.197068
v 0.180704 0.100000 0.197388
v 0.180606 0.100000 0.197804
v 0.180489 0.100000 0.198315
v 0.180352 0.100000 0.198923
v 0.180195 0.100000 0.199627
v 0.180018 0.100000 0.200428
v 0.179822 0.100000 0.201324
v 0.179605 0.100000 0.202316
v 0.179369 0.100000 0.203405
v 0.179113 0.100000 0.204590
v 0.178838 0.100000 0.205871
v 0.178542 0.100000 0.207248
v 0.178250 0.100000 0.208639
v 0.177982 0.100000 0.209962
v 0.177741 0.100000 0.211217
v 0.177524 0.100000 0.212405
v 0.177334 0.100000 0.213525
v 0.177168 0.100000 0.214577
v 0.177028 0.100000 0.215560
v 0.176914 0.100000 0.216477
v 0.176825 0.100000 0.217325
v 0.176761 0.100000 0.218105
v 0.176723 0.100000 0.218818
v 0.176710 0.100000 0.219463
v 0.176786 0.100000 0.221349
v 0.177015 0.100000 0.223070
v 0.177397 0.100000 0.224628
v 0.177932 0.100000 0.226022
v 0.178619 0.100000 0.227252
v 0.179458 0.100000 0.228318
v 0.180451 0.100000 0.229220
v 0.181596 0.100000 0.229958
v 0.182894 0.100000 0.230532
v 0.184344 0.100000 0.230942
v 0.185948 0.100000 0.231188
v 0.187704 0.100000 0.231270
v 0.193384 0.100000 0.230708
v 0.199025 0.100000 0.229020
v 0.204626 0.100000 0.226206
v 0.210188 0.100000 0.222267
v 0.215710 0.100000 0.217203
v 0.221193 0.100000 0.211014
v 0.226636 0.100000 0.203699
v 0.232039 0.100000 0.195259
v 0.237403 0.100000 0.185693
v 0.242728 0.100000 0.175002
v 0.248012 0.100000 0.163186
v 0.253257 0.100000 0.150244
v 0.275244 0.100000 0.166124
v 0.268062 0.100000 0.183358
v 0.260224 0.100000 0.199093
v 0.251730 0.100000 0.213330
v 0.242581 0.100000 0.226068
v 0.232775 0.100000 0.237307
v 0.222313 0.100000 0.247048
v 0.211195 0.100000 0.255290
v 0.199421 0.100000 0.262034
v 0.186991 0.100000 0.267279
v 0.173905 0.100000 0.271026
v 0.160163 0.100000 0.273273
v 0.145765 0.100000 0.274023
v 0.133409 0.100000 0.273644
v 0.122127 0.100000 0.272507
v 0.111920 0.100000 0.270613
v 0.102787 0.100000 0.267961
v 0.094728 0.100000 0.264551
v 0.087744 0.100000 0.260383
v 0.081835 0.100000 0.255457
v 0.077000 0.100000 0.249774
v 0.073239 0.100000 0.243333
v 0.070553 0.100000 0.236134
v 0.068941 0.100000 0.228177
v 0.068404 0.100000 0.219463
v 0.068449 0.100000 0.216748
v 0.068585 0.100000 0.213898
v 0.068811 0.100000 0.210912
v 0.069128 0.100000 0.207790
v 0.069535 0.100000 0.204533
v 0.070033 0.100000 0.201140
v 0.070621 0.100000 0.197611
v 0.071299 0.100000 0.193947
v 0.072068 0.100000 0.190147
v 0.072928 0.100000 0.186211
v 0.073878 0.100000 0.182139
v 0.074919 0.100000 0.177932
v 0.129886 0.100000 -0.032166
v 0.078990 0.100000 -0.032166
v 0.085098 0.100000 -0.057410
v 0.141694 0.100000 -0.057410
v 0.146201 0.100000 -0.057430
v 0.150765 0.100000 -0.057490
v 0.155385 0.100000 -0.057589
v 0.160062 0.100000 -0.057727
v 0.164795 0.100000 -0.057905
v 0.169585 0.100000 -0.058123
v 0.174431 0.100000 -0.058380
v 0.179334 0.100000 -0.058677
v 0.184294 0.100000 -0.059014
v 0.189310 0.100000 -0.059390
v 0.194382 0.100000 -0.059805
v 0.199511 0.100000 -0.060261
v -0.201954 0.100000 -0.288274
v -0.185261 0.100000 -0.288274
v -0.259772 0.100000 -0.002850
v -0.258143 0.100000 -0.001222
v -0.247840 0.100000 -0.011367
v -0.237423 0.100000 -0.020630
v -0.226893 0.100000 -0.029011
v -0.216250 0.100000 -0.036509
v -0.205494 0.100000 -0.043126
v -0.194625 0.100000 -0.048860
v -0.183643 0.100000 -0.053712
v -0.172548 0.100000 -0.057682
v -0.161340 0.100000 -0.060770
v -0.150018 0.100000 -0.062975
v -0.138584 0.100000 -0.064298
v -0.127036 0.100000 -0.064739
v -0.121029 0.100000 -0.064622
v -0.115222 0.100000 -0.064270
v -0.109617 0.100000 -0.063683
v -0.104212 0.100000 -0.062862
v -0.099008 0.100000 -0.061806
v -0.094004 0.100000 -0.060515
v -0.089202 0.100000 -0.058990
v -0.084600 0.100000 -0.057229
v -0.080199 0.100000 -0.055235
v -0.075999 0.100000 -0.053005
v -0.071999 0.100000 -0.050541
v -0.068200 0.100000 -0.047842
v -0.064656 0.100000 -0.044948
v -0.061420 0.100000 -0.041899
v -0.058492 0.100000 -0.038694
v -0.055872 0.100000 -0.035333
v -0.053561 0.100000 -0.031817
v -0.051557 0.100000 -0.028145
v -0.049862 0.100000 -0.024318
v -0.048475 0.100000 -0.020336
v -0.047397 0.100000 -0.016198
v -0.046626 0.100000 -0.011904
v -0.046164 0.100000 -0.007455
v -0.046010 0.100000 -0.002850
v -0.046069 0.100000 0.000170
v -0.046247 0.100000 0.003393
v -0.046544 0.100000 0.006820
v -0.046960 0.100000 0.010451
v -0.047494 0.100000 0.014285
v -0.048147 0.100000 0.018322
v -0.048919 0.100000 0.022564
v -0.049810 0.100000 0.027009
v -0.050819 0.100000 0.031657
v -0.051948 0.100000 0.036509
v -0.053195 0.100000 0.041565
v -0.054560 0.100000 0.046824
v -0.088762 0.100000 0.180375
v -0.089673 0.100000 0.183824
v -0.090504 0.100000 0.187115
v -0.091256 0.100000 0.190248
v -0.091929 0.100000 0.193223
v -0.092523 0.100000 0.196039
v -0.093037 0.100000 0.198697
v -0.093473 0.100000 0.201197
v -0.093829 0.100000 0.203538
v -0.094106 0.100000 0.205721
v -0.094304 0.100000 0.207745
v -0.094423 0.100000 0.209611
v -0.094463 0.100000 0.211319
v -0.094389 0.100000 0.213335
v -0.094168 0.100000 0.215176
v -0.093801 0.100000 0.216841
v -0.093286 0.100000 0.218332
v -0.092625 0.100000 0.219646
v -0.091816 0.100000 0.220786
v -0.090860 0.100000 0.221750
v -0.089757 0.100000 0.222539
v -0.088508 0.100000 0.223152
v -0.087111 0.100000 0.223591
v -0.085567 0.100000 0.223854
v -0.083876 0.100000 0.223941
v -0.082236 0.100000 0.223810
v -0.080438 0.100000 0.223415
v -0.078481 0.100000 0.222758
v -0.076366 0.100000 0.221838
v -0.074093 0.100000 0.220654
v -0.071661 0.100000 0.219208
v -0.069071 0.100000 0.217499
v -0.066323 0.100000 0.215527
v -0.063416 0.100000 0.213291
v -0.060351 0.100000 0.210793
v -0.057128 0.100000 0.208032
v -0.053746 0.100000 0.205008
v -0.050288 0.100000 0.201673
v -0.046835 0.100000 0.197979
v -0.043389 0.100000 0.193926
v -0.039948 0.100000 0.189513
v -0.036512 0.100000 0.184742
v -0.033082 0.100000 0.179611
v -0.029658 0.100000 0.174121
v -0.026240 0.100000 0.168273
v -0.022827 0.100000 0.162065
v -0.019420 0.100000 0.155498
v -0.016018 0.100000 0.148572
v -0.012622 0.100000 0.141287
v 0.012215 0.100000 0.148616
v 0.007844 0.100000 0.158849
v 0.003280 0.100000 0.168646
v -0.001476 0.100000 0.178008
v -0.006424 0.100000 0.186935
v -0.011565 0.100000 0.195426
v -0.016897 0.100000 0.203481
v -0.022422 0.100000 0.211102
v -0.028140 0.100000 0.218286
v -0.034049 0.100000 0.225036
v -0.040151 0.100000 0.231350
v -0.046445 0.100000 0.237228
v -0.052932 0.100000 0.242671
v -0.059525 0.100000 0.247679
v -0.066142 0.100000 0.252251
v -0.072781 0.100000 0.256387
v -0.079443 0.100000 0.260089
v -0.086127 0.100000 0.263354
v -0.092834 0.100000 0.266185
v -0.099563 0.100000 0.268580
v -0.106316 0.100000 0.270539
v -0.113090 0.100000 0.272063
v -0.119888 0.100000 0.273152
v -0.126708 0.100000 0.273805
v -0.133550 0.100000 0.274023
v -0.138690 0.100000 0.273901
v -0.143656 0.100000 0.273536
v -0.148450 0.100000 0.272929
v -0.153072 0.100000 0.272077
v -0.157521 0.100000 0.270983
v -0.161798 0.100000 0.269646
v -0.165902 0.100000 0.268065
v -0.169833 0.100000 0.266241
v -0.173593 0.100000 0.264174
v -0.177179 0.100000 0.261864
v -0.180594 0.100000 0.259311
v -0.183836 0.100000 0.256515
v -0.186860 0.100000 0.253543
v -0.189621 0.100000 0.250464
v -0.192119 0.100000 0.247277
v -0.194354 0.100000 0.243983
v -0.196326 0.100000 0.240581
v -0.198035 0.100000 0.237072
v -0.199482 0.100000 0.233456
v -0.200665 0.100000 0.229732
v -0.201585 0.100000 0.225901
v -0.202243 0.100000 0.221962
v -0.202637 0.100000 0.217916
v -0.202769 0.100000 0.213762
v -0.202695 0.100000 0.210030
v -0.202475 0.100000 0.206026
v -0.202107 0.100000 0.201751
v -0.201592 0.100000 0.197204
v -0.200931 0.100000 0.192386
v -0.200122 0.100000 0.187296
v -0.199166 0.100000 0.181935
v -0.198064 0.100000 0.176303
v -0.196814 0.100000 0.170399
v -0.195417 0.100000 0.164224
v -0.193873 0.100000 0.157777
v -0.192182 0.100000 0.151059
v -0.153094 0.100000 0.003664
v -0.152379 0.100000 0.001349
v -0.151726 0.100000 -0.000848
v -0.151135 0.100000 -0.002927
v -0.150606 0.100000 -0.004886
v -0.150140 0.100000 -0.006727
v -0.149735 0.100000 -0.008449
v -0.149393 0.100000 -0.010052
v -0.149113 0.100000 -0.011536
v -0.148896 0.100000 -0.012902
v -0.148740 0.100000 -0.014149
v -0.148647 0.100000 -0.015277
v -0.148616 0.100000 -0.016287
v -0.148720 0.100000 -0.018953
v -0.149034 0.100000 -0.021388
v -0.149557 0.100000 -0.023590
v -0.150290 0.100000 -0.025561
v -0.151231 0.100000 -0.027300
v -0.152382 0.100000 -0.028807
v -0.153742 0.100000 -0.030082
v -0.155311 0.100000 -0.031126
v -0.157090 0.100000 -0.031937
v -0.159078 0.100000 -0.032517
v -0.161275 0.100000 -0.032865
v -0.163681 0.100000 -0.032980
v -0.168179 0.100000 -0.032746
v -0.172853 0.100000 -0.032042
v -0.177703 0.100000 -0.030868
v -0.182727 0.100000 -0.029225
v -0.187927 0.100000 -0.027113
v -0.193302 0.100000 -0.024532
v -0.198853 0.100000 -0.021481
v -0.204578 0.100000 -0.017961
v -0.210479 0.100000 -0.013971
v -0.216556 0.100000 -0.009512
v -0.222808 0.100000 -0.004583
v -0.229235 0.100000 0.000814
v -0.235486 0.100000 0.006246
v -0.241212 0.100000 0.011276
v -0.246412 0.100000 0.015905
v -0.251086 0.100000 0.020132
v -0.255234 0.100000 0.023958
v -0.258856 0.100000 0.027382
v -0.261952 0.100000 0.030405
v -0.264522 0.100000 0.033026
v -0.266567 0.100000 0.035245
v -0.268085 0.100000 0.037063
v -0.269077 0.100000 0.038480
v -0.269544 0.100000 0.039495
v -0.328176 0.100000 0.264658
v -0.437296 0.100000 0.264658
v -0.302117 0.100000 -0.256515
v -0.372150 0.100000 -0.256515
v -0.365635 0.100000 -0.281352
v -0.306189 0.100000 -0.281352
v -0.300477 0.100000 -0.281377
v -0.294743 0.100000 -0.281454
v -0.288986 0.100000 -0.281581
v -0.283207 0.100000 -0.281759
v -0.277405 0.100000 -0.281988
v -0.271580 0.100000 -0.282268
v -0.265732 0.100000 -0.282599
v -0.259862 0.100000 -0.282980
v -0.253970 0.100000 -0.283413
v -0.248055 0.100000 -0.283897
v -0.242117 0.100000 -0.284431
v -0.236156 0.100000 -0.285016
v -0.677524 0.100000 0.135179
v -0.691312 0.100000 0.128826
v -0.703900 0.100000 0.122116
v -0.715289 0.100000 0.115050
v -0.725480 0.100000 0.107628
v -0.734471 0.100000 0.099849
v -0.742264 0.100000 0.091714
v -0.748858 0.100000 0.083223
v -0.754253 0.100000 0.074376
v -0.758449 0.100000 0.065172
v -0.761446 0.100000 0.055612
v -0.763244 0.100000 0.045696
v -0.763844 0.100000 0.035423
v -0.763565 0.100000 0.028014
v -0.762730 0.100000 0.020850
v -0.761337 0.100000 0.013933
v -0.759387 0.100000 0.007261
v -0.756881 0.100000 0.000836
v -0.753817 0.100000 -0.005344
v -0.750197 0.100000 -0.011278
v -0.746019 0.100000 -0.016965
v -0.741284 0.100000 -0.022407
v -0.735992 0.100000 -0.027602
v -0.730144 0.100000 -0.032552
v -0.723738 0.100000 -0.037256
v -0.716812 0.100000 -0.041645
v -0.709402 0.100000 -0.045654
v -0.701509 0.100000 -0.049280
v -0.693132 0.100000 -0.052524
v -0.684272 0.100000 -0.055387
v -0.674929 0.100000 -0.057868
v -0.665102 0.100000 -0.059968
v -0.654791 0.100000 -0.061686
v -0.643997 0.100000 -0.063022
v -0.632719 0.100000 -0.063976
v -0.620958 0.100000 -0.064549
v -0.608713 0.100000 -0.064739
v -0.599392 0.100000 -0.064616
v -0.590430 0.100000 -0.064247
v -0.581828 0.100000 -0.063632
v -0.573584 0.100000 -0.062771
v -0.565699 0.100000 -0.061664
v -0.558174 0.100000 -0.060311
v -0.551007 0.100000 -0.058712
v -0.544200 0.100000 -0.056868
v -0.537752 0.100000 -0.054777
v -0.531663 0.100000 -0.052440
v -0.525933 0.100000 -0.049857
v -0.520562 0.100000 -0.047028
v -0.515587 0.100000 -0.044004
v -0.511044 0.100000 -0.040835
v -0.506934 0.100000 -0.037523
v -0.503257 0.100000 -0.034066
v -0.500013 0.100000 -0.030465
v -0.497201 0.100000 -0.026720
v -0.494821 0.100000 -0.022831
v -0.492874 0.100000 -0.018798
v -0.491360 0.100000 -0.014620
v -0.490279 0.100000 -0.010298
v -0.489630 0.100000 -0.005832
v -0.489414 0.100000 -0.001222
v -0.489515 0.100000 0.001661
v -0.489821 0.100000 0.004473
v -0.490330 0.100000 0.007214
v -0.491042 0.100000 0.009885
v -0.491958 0.100000 0.012485
v -0.493078 0.100000 0.015014
v -0.494401 0.100000 0.017473
v -0.495928 0.100000 0.019861
v -0.497659 0.100000 0.022178
v -0.499593 0.100000 0.024424
v -0.501730 0.100000 0.026600
v -0.504072 0.100000 0.028705
v -0.506551 0.100000 0.030689
v -0.509105 0.100000 0.032500
v -0.511731 0.100000 0.034138
v -0.514432 0.100000 0.035604
v -0.517206 0.100000 0.036898
v -0.520053 0.100000 0.038019
v -0.522974 0.100000 0.038968
v -0.525968 0.100000 0.039744
v -0.529036 0.100000 0.040348
v -0.532177 0.100000 0.040779
v -0.535392 0.100000 0.041038
v -0.538681 0.100000 0.041124
v -0.541828 0.100000 0.041042
v -0.544890 0.100000 0.040796
v -0.547868 0.100000 0.040386
v -0.550760 0.100000 0.039812
v -0.553568 0.100000 0.039074
v -0.556291 0.100000 0.038172
v -0.558929 0.100000 0.037106
v -0.561482 0.100000 0.035876
v -0.563951 0.100000 0.034482
v -0.566334 0.100000 0.032924
v -0.568633 0.100000 0.031202
v -0.570847 0.100000 0.029316
v -0.572928 0.100000 0.027294
v -0.574828 0.100000 0.025165
v -0.576547 0.100000 0.022929
v -0.578085 0.100000 0.020585
v -0.579443 0.100000 0.018133
v -0.580619 0.100000 0.015574
v -0.581614 0.100000 0.012908
v -0.582428 0.100000 0.010134
v -0.583062 0.100000 0.007253
v -0.583514 0.100000 0.004264
v -0.583786 0.100000 0.001168
v -0.583876 0.100000 -0.002036
v -0.583862 0.100000 -0.003266
v -0.583820 0.100000 -0.004513
v -0.583749 0.100000 -0.005777
v -0.583650 0.100000 -0.007058
v -0.583523 0.100000 -0.008355
v -0.583367 0.100000 -0.009670
v -0.583183 0.100000 -0.011002
v -0.582971 0.100000 -0.012351
v -0.582731 0.100000 -0.013716
v -0.582462 0.100000 -0.015099
v -0.582166 0.100000 -0.016499
v -0.581840 0.100000 -0.017915
v -0.581515 0.100000 -0.019304
v -0.581218 0.100000 -0.020618
v -0.580950 0.100000 -0.021860
v -0.580709 0.100000 -0.023028
v -0.580497 0.100000 -0.024122
v -0.580313 0.100000 -0.025143
v -0.580158 0.100000 -0.026090
v -0.580031 0.100000 -0.026963
v -0.579932 0.100000 -0.027764
v -0.579861 0.100000 -0.028490
v -0.579819 0.100000 -0.029143
v -0.579805 0.100000 -0.029723
v -0.580059 0.100000 -0.032129
v -0.580822 0.100000 -0.034326
v -0.582095 0.100000 -0.036314
v -0.583876 0.100000 -0.038093
v -0.586166 0.100000 -0.039662
v -0.588966 0.100000 -0.041022
v -0.592274 0.100000 -0.042173
v -0.596091 0.100000 -0.043114
v -0.600417 0.100000 -0.043847
v -0.605252 0.100000 -0.044370
v -0.610596 0.100000 -0.044684
v -0.616449 0.100000 -0.044788
v -0.626530 0.100000 -0.044534
v -0.635733 0.100000 -0.043770
v -0.644060 0.100000 -0.042498
v -0.651511 0.100000 -0.040717
v -0.658085 0.100000 -0.038426
v -0.663783 0.100000 -0.035627
v -0.668604 0.100000 -0.032319
v -0.672548 0.100000 -0.028502
v -0.675616 0.100000 -0.024175
v -0.677807 0.100000 -0.019340
v -0.679122 0.100000 -0.013996
v -0.679560 0.100000 -0.008143
v -0.679480 0.100000 -0.006245
v -0.679238 0.100000 -0.004349
v -0.678835 0.100000 -0.002456
v -0.678271 0.100000 -0.000565
v -0.677546 0.100000 0.001322
v -0.676659 0.100000 0.003206
v -0.675612 0.100000 0.005088
v -0.674403 0.100000 0.006967
v -0.673033 0.100000 0.008843
v -0.671502 0.100000 0.010716
v -0.669809 0.100000 0.012587
v -0.667956 0.100000 0.014454
v -0.665725 0.100000 0.016424
v -0.662900 0.100000 0.018600
v -0.659482 0.100000 0.020982
v -0.655470 0.100000 0.023570
v -0.650863 0.100000 0.026365
v -0.645664 0.100000 0.029367
v -0.639870 0.100000 0.032575
v -0.633483 0.100000 0.035989
v -0.626501 0.100000 0.039610
v -0.618926 0.100000 0.043437
v -0.610758 0.100000 0.047470
v -0.601995 0.100000 0.051710
v -0.593166 0.100000 0.056062
v -0.584798 0.100000 0.060430
v -0.576891 0.100000 0.064816
v -0.569444 0.100000 0.069218
v -0.562459 0.100000 0.073638
v -0.555934 0.100000 0.078074
v -0.549871 0.100000 0.082527
v -0.544268 0.100000 0.086998
v -0.539126 0.100000 0.091485
v -0.534445 0.100000 0.095989
v -0.530225 0.100000 0.100511
v -0.526466 0.100000 0.105049
v -0.523084 0.100000 0.109629
v -0.519996 0.100000 0.114278
v -0.517203 0.100000 0.118994
v -0.514703 0.100000 0.123778
v -0.512498 0.100000 0.128631
v -0.510586 0.100000 0.133550
v -0.508969 0.100000 0.138538
v -0.507646 0.100000 0.143594
v -0.506616 0.100000 0.148717
v -0.505881 0.100000 0.153909
v -0.505440 0.100000 0.159168
v -0.505293 0.100000 0.164495
v -0.505615 0.100000 0.172383
v -0.506582 0.100000 0.180030
v -0.508194 0.100000 0.187436
v -0.510451 0.100000 0.194603
v -0.513352 0.100000 0.201529
v -0.516897 0.100000 0.208215
v -0.521088 0.100000 0.214660
v -0.525923 0.100000 0.220865
v -0.531403 0.100000 0.226830
v -0.537527 0.100000 0.232554
v -0.544297 0.100000 0.238038
v -0.551710 0.100000 0.243282
v -0.559633 0.100000 0.248192
v -0.567929 0.100000 0.252675
v -0.576598 0.100000 0.256731
v -0.585641 0.100000 0.260360
v -0.595056 0.100000 0.263562
v -0.604845 0.100000 0.266338
v -0.615007 0.100000 0.268686
v -0.625543 0.100000 0.270607
v -0.636452 0.100000 0.272101
v -0.647733 0.100000 0.273169
v -0.659389 0.100000 0.273809
v -0.671417 0.100000 0.274023
v -0.681701 0.100000 0.273864
v -0.691651 0.100000 0.273389
v -0.701267 0.100000 0.272598
v -0.710550 0.100000 0.271489
v -0.719499 0.100000 0.270064
v -0.728115 0.100000 0.268322
v -0.736397 0.100000 0.266264
v -0.744345 0.100000 0.263889
v -0.751959 0.100000 0.261197
v -0.759240 0.100000 0.258189
v -0.766188 0.100000 0.254863
v -0.772801 0.100000 0.251221
v -0.778979 0.100000 0.247345
v -0.784620 0.100000 0.243316
v -0.789724 0.100000 0.239134
v -0.794291 0.100000 0.234799
v -0.798320 0.100000 0.230312
v -0.801812 0.100000 0.225672
v -0.804767 0.100000 0.220879
v -0.807184 0.100000 0.215934
v -0.809065 0.100000 0.210836
v -0.810408 0.100000 0.205585
v -0.811213 0.100000 0.200182
v -0.811482 0.100000 0.194625
v -0.811376 0.100000 0.191542
v -0.811058 0.100000 0.188535
v -0.810528 0.100000 0.185604
v -0.809785 0.100000 0.182750
v -0.808831 0.100000 0.179972
v -0.807665 0.100000 0.177270
v -0.806286 0.100000 0.174645
v -0.804696 0.100000 0.172096
v -0.802893 0.100000 0.169623
v -0.800879 0.100000 0.167227
v -0.798652 0.100000 0.164907
v -0.796213 0.100000 0.162663
v -0.793628 0.100000 0.160549
v -0.790960 0.100000 0.158619
v -0.788210 0.100000 0.156873
v -0.785378 0.100000 0.155311
v -0.782464 0.100000 0.153933
v -0.779469 0.100000 0.152738
v -0.776391 0.100000 0.151727
v -0.773231 0.100000 0.150900
v -0.769989 0.100000 0.150257
v -0.766666 0.100000 0.149798
v -0.763260 0.100000 0.149522
v -0.759772 0.100000 0.149430
v -0.756372 0.100000 0.149513
v -0.753093 0.100000 0.149764
v -0.749936 0.100000 0.150181
v -0.746901 0.100000 0.150765
v -0.743987 0.100000 0.151515
v -0.741195 0.100000 0.152433
v -0.738524 0.100000 0.153517
v -0.735975 0.100000 0.154768
v -0.733548 0.100000 0.156186
v -0.731242 0.100000 0.157771
v -0.729058 0.100000 0.159523
v -0.726995 0.100000 0.161441
v -0.725062 0.100000 0.163447
v -0.723268 0.100000 0.165462
v -0.721613 0.100000 0.167485
v -0.720096 0.100000 0.169517
v -0.718717 0.100000 0.171557
v -0.717478 0.100000 0.173605
v -0.716376 0.100000 0.175662
v -0.715413 0.100000 0.177728
v -0.714589 0.100000 0.179802
v -0.713904 0.100000 0.181884
v -0.713356 0.100000 0.183975
v -0.712948 0.100000 0.186075
v -0.712873 0.100000 0.191836
v -0.712648 0.100000 0.197312
v -0.712273 0.100000 0.202502
v -0.711749 0.100000 0.207406
v -0.711075 0.100000 0.212025
v -0.710250 0.100000 0.216358
v -0.709276 0.100000 0.220406
v -0.708152 0.100000 0.224168
v -0.706879 0.100000 0.227644
v -0.705455 0.100000 0.230835
v -0.703881 0.100000 0.233740
v -0.702158 0.100000 0.236360
v -0.700256 0.100000 0.238734
v -0.698149 0.100000 0.240901
v -0.695834 0.100000 0.242862
v -0.693313 0.100000 0.244616
v -0.690586 0.100000 0.246164
v -0.687653 0.100000 0.247506
v -0.684513 0.100000 0.248641
v -0.681166 0.100000 0.249570
v -0.677614 0.100000 0.250293
v -0.673854 0.100000 0.250809
v -0.669889 0.100000 0.251118
v -0.665717 0.100000 0.251221
v -0.660559 0.100000 0.251149
v -0.655537 0.100000 0.250933
v -0.650652 0.100000 0.250573
v -0.645901 0.100000 0.250068
v -0.641287 0.100000 0.249419
v -0.636808 0.100000 0.248626
v -0.632465 0.100000 0.247688
v -0.628257 0.100000 0.246607
v -0.624186 0.100000 0.245381
v -0.620250 0.100000 0.244011
v -0.616450 0.100000 0.242497
v -0.612785 0.100000 0.240839
v -0.609338 0.100000 0.239048
v -0.606191 0.100000 0.237135
v -0.603344 0.100000 0.235100
v -0.600796 0.100000 0.232944
v -0.598548 0.100000 0.230667
v -0.596600 0.100000 0.228268
v -0.594952 0.100000 0.225747
v -0.593603 0.100000 0.223104
v -0.592554 0.100000 0.220340
v -0.591805 0.100000 0.217455
v -0.591355 0.100000 0.214448
v -0.591205 0.100000 0.211319
v -0.591805 0.100000 0.204819
v -0.593603 0.100000 0.198346
v -0.596600 0.100000 0.191902
v -0.600796 0.100000 0.185487
v -0.606191 0.100000 0.179099
v -0.612785 0.100000 0.172740
v -0.620578 0.100000 0.166409
v -0.629569 0.100000 0.160107
v -0.639760 0.100000 0.153832
v -0.651149 0.100000 0.147586
v -0.663737 0.100000 0.141369
v 0.658795 -0.100000 0.254072
v 0.655738 -0.100000 0.250698
v 0.652947 -0.100000 0.247229
v 0.650422 -0.100000 0.243663
v 0.648163 -0.100000 0.240002
v 0.646170 -0.100000 0.236244
v 0.644442 -0.100000 0.232390
v 0.642980 -0.100000 0.228440
v 0.641784 -0.100000 0.224394
v 0.640854 -0.100000 0.220251
v 0.640190 -0.100000 0.216013
v 0.639791 -0.100000 0.211678
v 0.639658 -0.100000 0.207248
v 0.639789 -0.100000 0.202958
v 0.640184 -0.100000 0.198776
v 0.640841 -0.100000 0.194702
v 0.641762 -0.100000 0.190735
v 0.642945 -0.100000 0.186875
v 0.644391 -0.100000 0.183123
v 0.646101 -0.100000 0.179478
v 0.648073 -0.100000 0.175941
v 0.650308 -0.100000 0.172511
v 0.652806 -0.100000 0.169189
v 0.655567 -0.100000 0.165974
v 0.658591 -0.100000 0.162866
v 0.661799 -0.100000 0.159940
v 0.665112 -0.100000 0.157268
v 0.668529 -0.100000 0.154850
v 0.672050 -0.100000 0.152687
v 0.675677 -0.100000 0.150779
v 0.679408 -0.100000 0.149125
v 0.683243 -0.100000 0.147725
v 0.687183 -0.100000 0.146580
v 0.691228 -0.100000 0.145689
v 0.695378 -0.100000 0.145053
v 0.699632 -0.100000 0.144671
v 0.703990 -0.100000 0.144544
v 0.708352 -0.100000 0.144673
v 0.712614 -0.100000 0.145059
v 0.716778 -0.100000 0.145702
v 0.720842 -0.100000 0.146602
v 0.724808 -0.100000 0.147760
v 0.728675 -0.100000 0.149175
v 0.732442 -0.100000 0.150848
v 0.736111 -0.100000 0.152778
v 0.739681 -0.100000 0.154965
v 0.743152 -0.100000 0.157409
v 0.746524 -0.100000 0.160111
v 0.749796 -0.100000 0.163070
v 0.752885 -0.100000 0.166213
v 0.755706 -0.100000 0.169466
v 0.758258 -0.100000 0.172829
v 0.760541 -0.100000 0.176303
v 0.762556 -0.100000 0.179887
v 0.764302 -0.100000 0.183581
v 0.765779 -0.100000 0.187385
v 0.766988 -0.100000 0.191300
v 0.767928 -0.100000 0.195325
v 0.768600 -0.100000 0.199461
v 0.769002 -0.100000 0.203706
v 0.769137 -0.100000 0.208062
v 0.769000 -0.100000 0.212553
v 0.768588 -0.100000 0.216935
v 0.767903 -0.100000 0.221206
v 0.766943 -0.100000 0.225366
v 0.765708 -0.100000 0.229417
v 0.764200 -0.100000 0.233357
v 0.762417 -0.100000 0.237187
v 0.760360 -0.100000 0.240907
v 0.758029 -0.100000 0.244516
v 0.755423 -0.100000 0.248015
v 0.752543 -0.100000 0.251404
v 0.749389 -0.100000 0.254682
v 0.746063 -0.100000 0.257771
v 0.742665 -0.100000 0.260592
v 0.739197 -0.100000 0.263144
v 0.735659 -0.100000 0.265427
v 0.732049 -0.100000 0.267442
v 0.728369 -0.100000 0.269188
v 0.724619 -0.100000 0.270665
v 0.720797 -0.100000 0.271874
v 0.716905 -0.100000 0.272814
v 0.712942 -0.100000 0.273486
v 0.708909 -0.100000 0.273888
v 0.704805 -0.100000 0.274023
v 0.700379 -0.100000 0.273884
v 0.696062 -0.100000 0.273469
v 0.691852 -0.100000 0.272776
v 0.687749 -0.100000 0.271806
v 0.683753 -0.100000 0.270559
v 0.679866 -0.100000 0.269035
v 0.676085 -0.100000 0.267234
v 0.672412 -0.100000 0.265156
v 0.668847 -0.100000 0.262800
v 0.665389 -0.100000 0.260168
v 0.662038 -0.100000 0.257258
v 0.518730 -0.100000 -0.057410
v 0.603827 -0.100000 -0.057410
v 0.598127 -0.100000 -0.032166
v 0.513029 -0.100000 -0.032166
v 0.456433 -0.100000 0.190147
v 0.455848 -0.100000 0.192618
v 0.455313 -0.100000 0.195010
v 0.454830 -0.100000 0.197323
v 0.454397 -0.100000 0.199557
v 0.454016 -0.100000 0.201711
v 0.453685 -0.100000 0.203787
v 0.453405 -0.100000 0.205783
v 0.453176 -0.100000 0.207700
v 0.452998 -0.100000 0.209538
v 0.452870 -0.100000 0.211297
v 0.452794 -0.100000 0.212976
v 0.452769 -0.100000 0.214577
v 0.452885 -0.100000 0.217113
v 0.453232 -0.100000 0.219429
v 0.453812 -0.100000 0.221524
v 0.454624 -0.100000 0.223398
v 0.455667 -0.100000 0.225053
v 0.456942 -0.100000 0.226486
v 0.458449 -0.100000 0.227699
v 0.460188 -0.100000 0.228692
v 0.462159 -0.100000 0.229464
v 0.464362 -0.100000 0.230015
v 0.466796 -0.100000 0.230346
v 0.469463 -0.100000 0.230456
v 0.478680 -0.100000 0.229803
v 0.487740 -0.100000 0.227843
v 0.496641 -0.100000 0.224578
v 0.505384 -0.100000 0.220005
v 0.513968 -0.100000 0.214127
v 0.522394 -0.100000 0.206942
v 0.530662 -0.100000 0.198451
v 0.538771 -0.100000 0.188654
v 0.546722 -0.100000 0.177550
v 0.554515 -0.100000 0.165140
v 0.562149 -0.100000 0.151423
v 0.569625 -0.100000 0.136401
v 0.594463 -0.100000 0.144544
v 0.585513 -0.100000 0.164379
v 0.575767 -0.100000 0.182490
v 0.565223 -0.100000 0.198875
v 0.553882 -0.100000 0.213536
v 0.541743 -0.100000 0.226472
v 0.528807 -0.100000 0.237683
v 0.515074 -0.100000 0.247170
v 0.500543 -0.100000 0.254931
v 0.485215 -0.100000 0.260968
v 0.469089 -0.100000 0.265280
v 0.452166 -0.100000 0.267867
v 0.434446 -0.100000 0.268730
v 0.427913 -0.100000 0.268592
v 0.421615 -0.100000 0.268181
v 0.415551 -0.100000 0.267495
v 0.409722 -0.100000 0.266535
v 0.404128 -0.100000 0.265301
v 0.398768 -0.100000 0.263793
v 0.393643 -0.100000 0.262010
v 0.388753 -0.100000 0.259953
v 0.384098 -0.100000 0.257622
v 0.379677 -0.100000 0.255016
v 0.375491 -0.100000 0.252136
v 0.371539 -0.100000 0.248982
v 0.367865 -0.100000 0.245650
v 0.364510 -0.100000 0.242236
v 0.361474 -0.100000 0.238739
v 0.358759 -0.100000 0.235161
v 0.356362 -0.100000 0.231501
v 0.354285 -0.100000 0.227759
v 0.352528 -0.100000 0.223934
v 0.351090 -0.100000 0.220028
v 0.349972 -0.100000 0.216040
v 0.349173 -0.100000 0.211970
v 0.348694 -0.100000 0.207817
v 0.348534 -0.100000 0.203583
v 0.348543 -0.100000 0.201699
v 0.348568 -0.100000 0.199845
v 0.348611 -0.100000 0.198023
v 0.348670 -0.100000 0.196231
v 0.348746 -0.100000 0.194471
v 0.348840 -0.100000 0.192742
v 0.348950 -0.100000 0.191044
v 0.349077 -0.100000 0.189377
v 0.349221 -0.100000 0.187742
v 0.349382 -0.100000 0.186137
v 0.349561 -0.100000 0.184564
v 0.349756 -0.100000 0.183021
v 0.350021 -0.100000 0.181272
v 0.350412 -0.100000 0.179080
v 0.350926 -0.100000 0.176443
v 0.351565 -0.100000 0.173362
v 0.352329 -0.100000 0.169838
v 0.353217 -0.100000 0.165869
v 0.354229 -0.100000 0.161457
v 0.355365 -0.100000 0.156601
v 0.356627 -0.100000 0.151300
v 0.358012 -0.100000 0.145556
v 0.359522 -0.100000 0.139368
v 0.361156 -0.100000 0.132736
v 0.401873 -0.100000 -0.032166
v 0.343648 -0.100000 -0.032166
v 0.350163 -0.100000 -0.057410
v 0.408795 -0.100000 -0.057410
v 0.431189 -0.100000 -0.142101
v 0.542752 -0.100000 -0.153094
v 0.165717 -0.100000 -0.157166
v 0.162920 -0.100000 -0.160132
v 0.160367 -0.100000 -0.163194
v 0.158057 -0.100000 -0.166353
v 0.155990 -0.100000 -0.169607
v 0.154166 -0.100000 -0.172958
v 0.152585 -0.100000 -0.176405
v 0.151248 -0.100000 -0.179948
v 0.150154 -0.100000 -0.183587
v 0.149303 -0.100000 -0.187322
v 0.148695 -0.100000 -0.191153
v 0.148330 -0.100000 -0.195081
v 0.148208 -0.100000 -0.199104
v 0.148330 -0.100000 -0.203060
v 0.148695 -0.100000 -0.206920
v 0.149303 -0.100000 -0.210683
v 0.150154 -0.100000 -0.214350
v 0.151248 -0.100000 -0.217922
v 0.152585 -0.100000 -0.221397
v 0.154166 -0.100000 -0.224775
v 0.155990 -0.100000 -0.228058
v 0.158057 -0.100000 -0.231245
v 0.160367 -0.100000 -0.234335
v 0.162920 -0.100000 -0.237330
v 0.165717 -0.100000 -0.240228
v 0.168683 -0.100000 -0.242959
v 0.171745 -0.100000 -0.245453
v 0.174903 -0.100000 -0.247710
v 0.178158 -0.100000 -0.249729
v 0.181508 -0.100000 -0.251510
v 0.184955 -0.100000 -0.253054
v 0.188498 -0.100000 -0.254360
v 0.192137 -0.100000 -0.255429
v 0.195872 -0.100000 -0.256260
v 0.199704 -0.100000 -0.256854
v 0.203631 -0.100000 -0.257210
v 0.207655 -0.100000 -0.257329
v 0.211547 -0.100000 -0.257210
v 0.215351 -0.100000 -0.256854
v 0.219068 -0.100000 -0.256260
v 0.222697 -0.100000 -0.255429
v 0.226239 -0.100000 -0.254360
v 0.229693 -0.100000 -0.253054
v 0.233059 -0.100000 -0.251510
v 0.236337 -0.100000 -0.249729
v 0.239528 -0.100000 -0.247710
v 0.242631 -0.100000 -0.245453
v 0.245647 -0.100000 -0.242959
v 0.248575 -0.100000 -0.240228
v 0.251339 -0.100000 -0.237330
v 0.253862 -0.100000 -0.234335
v 0.256146 -0.100000 -0.231245
v 0.258189 -0.100000 -0.228058
v 0.259991 -0.100000 -0.224775
v 0.261553 -0.100000 -0.221397
v 0.262875 -0.100000 -0.217922
v 0.263957 -0.100000 -0.214350
v 0.264798 -0.100000 -0.210683
v 0.265399 -0.100000 -0.206920
v 0.265759 -0.100000 -0.203060
v 0.265879 -0.100000 -0.199104
v 0.265761 -0.100000 -0.195081
v 0.265404 -0.100000 -0.191153
v 0.264811 -0.100000 -0.187322
v 0.263979 -0.100000 -0.183587
v 0.262911 -0.100000 -0.179948
v 0.261604 -0.100000 -0.176405
v 0.260060 -0.100000 -0.172958
v 0.258279 -0.100000 -0.169607
v 0.256260 -0.100000 -0.166353
v 0.254004 -0.100000 -0.163194
v 0.251510 -0.100000 -0.160132
v 0.248778 -0.100000 -0.157166
v 0.245880 -0.100000 -0.154370
v 0.242886 -0.100000 -0.151816
v 0.239795 -0.100000 -0.149506
v 0.236609 -0.100000 -0.147439
v 0.233326 -0.100000 -0.145616
v 0.229947 -0.100000 -0.144035
v 0.226472 -0.100000 -0.142698
v 0.222901 -0.100000 -0.141603
v 0.219233 -0.100000 -0.140752
v 0.215470 -0.100000 -0.140144
v 0.211610 -0.100000 -0.139780
v 0.207655 -0.100000 -0.139658
v 0.203631 -0.100000 -0.139780
v 0.199704 -0.100000 -0.140144
v 0.195872 -0.100000 -0.140752
v 0.192137 -0.100000 -0.141603
v 0.188498 -0.100000 -0.142698
v 0.184955 -0.100000 -0.144035
v 0.181508 -0.100000 -0.145616
v 0.178158 -0.100000 -0.147439
v 0.174903 -0.100000 -0.149506
v 0.171745 -0.100000 -0.151816
v 0.168683 -0.100000 -0.154370
v 0.226792 -0.100000 -0.063111
v 0.246743 -0.100000 -0.063111
v 0.180782 -0.100000 0.197068
v 0.180704 -0.100000 0.197388
v 0.180606 -0.100000 0.197804
v 0.180489 -0.100000 0.198315
v 0.180352 -0.100000 0.198923
v 0.180195 -0.100000 0.199627
v 0.180018 -0.100000 0.200428
v 0.179822 -0.100000 0.201324
v 0.179605 -0.100000 0.202316
v 0.179369 -0.100000 0.203405
v 0.179113 -0.100000 0.204590
v 0.178838 -0.100000 0.205871
v 0.178542 -0.100000 0.207248
v 0.178250 -0.100000 0.208639
v 0.177982 -0.100000 0.209962
v 0.177741 -0.100000 0.211217
v 0.177524 -0.100000 0.212405
v 0.177334 -0.100000 0.213525
v 0.177168 -0.100000 0.214577
v 0.177028 -0.100000 0.215560
v 0.176914 -0.100000 0.216477
v 0.176825 -0.100000 0.217325
v 0.176761 -0.100000 0.218105
v 0.176723 -0.100000 0.218818
v 0.176710 -0.100000 0.219463
v 0.176786 -0.100000 0.221349
v 0.177015 -0.100000 0.223070
v 0.177397 -0.100000 0.224628
v 0.177932 -0.100000 0.226022
v 0.178619 -0.100000 0.227252
v 0.179458 -0.100000 0.228318
v 0.180451 -0.100000 0.229220
v 0.181596 -0.100000 0.229958
v 0.182894 -0.100000 0.230532
v 0.184344 -0.100000 0.230942
v 0.185948 -0.100000 0.231188
v 0.187704 -0.100000 0.231270
v 0.193384 -0.100000 0.230708
v 0.199025 -0.100000 0.229020
v 0.204626 -0.100000 0.226206
v 0.210188 -0.100000 0.222267
v 0.215710 -0.100000 0.217203
v 0.221193 -0.100000 0.211014
v 0.226636 -0.100000 0.203699
v 0.232039 -0.100000 0.195259
v 0.237403 -0.100000 0.185693
v 0.242728 -0.100000 0.175002
v 0.248012 -0.100000 0.163186
v 0.253257 -0.100000 0.150244
v 0.275244 -0.100000 0.166124
v 0.268062 -0.100000 0.183358
v 0.260224 -0.100000 0.199093
v 0.251730 -0.100000 0.213330
v 0.242581 -0.100000 0.226068
v 0.232775 -0.100000 0.237307
v 0.222313 -0.100000 0.247048
v 0.211195 -0.100000 0.255290
v 0.199421 -0.100000 0.262034
v 0.186991 -0.100000 0.267279
v 0.173905 -0.100000 0.271026
v 0.160163 -0.100000 0.273273
v 0.145765 -0.100000 0.274023
v 0.133409 -0.100000 0.273644
v 0.122127 -0.100000 0.272507
v 0.111920 -0.100000 0.270613
v 0.102787 -0.100000 0.267961
v 0.094728 -0.100000 0.264551
v 0.087744 -0.100000 0.260383
v 0.081835 -0.100000 0.255457
v 0.077000 -0.100000 0.249774
v 0.073239 -0.100000 0.243333
v 0.070553 -0.100000 0.236134
v 0.068941 -0.100000 0.228177
v 0.068404 -0.100000 0.219463
v 0.068449 -0.100000 0.216748
v 0.068585 -0.100000 0.213898
v 0.068811 -0.100000 0.210912
v 0.069128 -0.100000 0.207790
v 0.069535 -0.100000 0.204533
v 0.070033 -0.100000 0.201140
v 0.070621 -0.100000 0.197611
v 0.071299 -0.100000 0.193947
v 0.072068 -0.100000 0.190147
v 0.072928 -0.100000 0.186211
v 0.073878 -0.100000 0.182139
v 0.074919 -0.100000 0.177932
v 0.129886 -0.100000 -0.032166
v 0.078990 -0.100000 -0.032166
v 0.085098 -0.100000 -0.057410
v 0.141694 -0.100000 -0.057410
v 0.146201 -0.100000 -0.057430
v 0.150765 -0.100000 -0.057490
v 0.155385 -0.100000 -0.057589
v 0.160062 -0.100000 -0.057727
v 0.164795 -0.100000 -0.057905
v 0.169585 -0.100000 -0.058123
v 0.174431 -0.100000 -0.058380
v 0.179334 -0.100000 -0.058677
v 0.184294 -0.100000 -0.059014
v 0.189310 -0.100000 -0.059390
v 0.194382 -0.100000 -0.059805
v 0.199511 -0.100000 -0.060261
v -0.201954 -0.100000 -0.288274
v -0.185261 -0.100000 -0.288274
v -0.259772 -0.100000 -0.002850
v -0.258143 -0.100000 -0.001222
v -0.247840 -0.100000 -0.011367
v -0.237423 -0.100000 -0.020630
v -0.226893 -0.100000 -0.029011
v -0.216250 -0.100000 -0.036509
v -0.205494 -0.100000 -0.043126
v -0.194625 -0.100000 -0.048860
v -0.183643 -0.100000 -0.053712
v -0.172548 -0.100000 -0.057682
v -0.161340 -0.100000 -0.060770
v -0.150018 -0.100000 -0.062975
v -0.138584 -0.100000 -0.064298
v -0.127036 -0.100000 -0.064739
v -0.121029 -0.100000 -0.064622
v -0.115222 -0.100000 -0.064270
v -0.109617 -0.100000 -0.063683
v -0.104212 -0.100000 -0.062862
v -0.099008 -0.100000 -0.061806
v -0.094004 -0.100000 -0.060515
v -0.089202 -0.100000 -0.058990
v -0.084600 -0.100000 -0.057229
v -0.080199 -0.100000 -0.055235
v -0.075999 -0.100000 -0.053005
v -0.071999 -0.100000 -0.050541
v -0.068200 -0.100000 -0.047842
v -0.064656 -0.100000 -0.044948
v -0.061420 -0.100000 -0.041899
v -0.058492 -0.100000 -0.038694
v -0.055872 -0.100000 -0.035333
v -0.053561 -0.100000 -0.031817
v -0.051557 -0.100000 -0.028145
v -0.049862 -0.100000 -0.024318
v -0.048475 -0.100000 -0.020336
v -0.047397 -0.100000 -0.016198
v -0.046626 -0.100000 -0.011904
v -0.046164 -0.100000 -0.007455
v -0.046010 -0.100000 -0.002850
v -0.046069 -0.100000 0.000170
v -0.046247 -0.100000 0.003393
v -0.046544 -0.100000 0.006820
v -0.046960 -0.100000 0.010451
v -0.047494 -0.100000 0.014285
v -0.048147 -0.100000 0.018322
v -0.048919 -0.100000 0.022564
v -0.049810 -0.100000 0.027009
v -0.050819 -0.100000 0.031657
v -0.051948 -0.100000 0.036509
v -0.053195 -0.100000 0.041565
v -0.054560 -0.100000 0.046824
v -0.088762 -0.100000 0.180375
v -0.089673 -0.100000 0.183824
v -0.090504 -0.100000 0.187115
v -0.091256 -0.100000 0.190248
v -0.091929 -0.100000 0.193223
v -0.092523 -0.100000 0.196039
v -0.093037 -0.100000 0.198697
v -0.093473 -0.100000 0.201197
v -0.093829 -0.100000 0.203538
v -0.094106 -0.100000 0.205721
v -0.094304 -0.100000 0.207745
v -0.094423 -0.100000 0.209611
v -0.094463 -0.100000 0.211319
v -0.094389 -0.100000 0.213335
v -0.094168 -0.100000 0.215176
v -0.093801 -0.100000 0.216841
v -0.093286 -0.100000 0.218332
v -0.092625 -0.100000 0.219646
v -0.091816 -0.100000 0.220786
v -0.090860 -0.100000 0.221750
v -0.089757 -0.100000 0.222539
v -0.088508 -0.100000 0.223152
v -0.087111 -0.100000 0.223591
v -0.085567 -0.100000 0.223854
v -0.083876 -0.100000 0.223941
v -0.082236 -0.100000 0.223810
v -0.080438 -0.100000 0.223415
v -0.078481 -0.100000 0.222758
v -0.076366 -0.100000 0.221838
v -0.074093 -0.100000 0.220654
v -0.071661 -0.100000 0.219208
v -0.069071 -0.100000 0.217499
v -0.066323 -0.100000 0.215527
v -0.063416 -0.100000 0.213291
v -0.060351 -0.100000 0.210793
v -0.057128 -0.100000 0.208032
v -0.053746 -0.100000 0.205008
v -0.050288 -0.100000 0.201673
v -0.046835 -0.100000 0.197979
v -0.043389 -0.100000 0.193926
v -0.039948 -0.100000 0.189513
v -0.036512 -0.100000 0.184742
v -0.033082 -0.100000 0.179611
v -0.029658 -0.100000 0.174121
v -0.026240 -0.100000 0.168273
v -0.022827 -0.100000 0.162065
v -0.019420 -0.100000 0.155498
v -0.016018 -0.100000 0.148572
v -0.012622 -0.100000 0.141287
v 0.012215 -0.100000 0.148616
v 0.007844 -0.100000 0.158849
v 0.003280 -0.100000 0.168646
v -0.001476 -0.100000 0.178008
v -0.006424 -0.100000 0.186935
v -0.011565 -0.100000 0.195426
v -0.016897 -0.100000 0.203481
v -0.022422 -0.100000 0.211102
v -0.028140 -0.100000 0.218286
v -0.034049 -0.100000 0.225036
v -0.040151 -0.100000 0.231350
v -0.046445 -0.100000 0.237228
v -0.052932 -0.100000 0.242671
v -0.059525 -0.100000 0.247679
v -0.066142 -0.100000 0.252251
v -0.072781 -0.100000 0.256387
v -0.079443 -0.100000 0.260089
v -0.086127 -0.100000 0.263354
v -0.092834 -0.100000 0.266185
v -0.099563 -0.100000 0.268580
v -0.106316 -0.100000 0.270539
v -0.113090 -0.100000 0.272063
v -0.119888 -0.100000 0.273152
v -0.126708 -0.100000 0.273805
v -0.133550 -0.100000 0.274023
v -0.138690 -0.100000 0.273901
v -0.143656 -0.100000 0.273536
v -0.148450 -0.100000 0.272929
v -0.153072 -0.100000 0.272077
v -0.157521 -0.100000 0.270983
v -0.161798 -0.100000 0.269646
v -0.165902 -0.100000 0.268065
v -0.169833 -0.100000 0.266241
v -0.173593 -0.100000 0.264174
v -0.177179 -0.100000 0.261864
v -0.180594 -0.100000 0.259311
v -0.183836 -0.100000 0.256515
v -0.186860 -0.100000 0.253543
v -0.189621 -0.100000 0.250464
v -0.192119 -0.100000 0.247277
v -0.194354 -0.100000 0.243983
v -0.196326 -0.100000 0.240581
v -0.198035 -0.100000 0.237072
v -0.199482 -0.100000 0.233456
v -0.200665 -0.100000 0.229732
v -0.201585 -0.100000 0.225901
v -0.202243 -0.100000 0.221962
v -0.202637 -0.100000 0.217916
v -0.202769 -0.100000 0.213762
v -0.202695 -0.100000 0.210030
v -0.202475 -0.100000 0.206026
v -0.202107 -0.100000 0.201751
v -0.201592 -0.100000 0.197204
v -0.200931 -0.100000 0.192386
v -0.200122 -0.100000 0.187296
v -0.199166 -0.100000 0.181935
v -0.198064 -0.100000 0.176303
v -0.196814 -0.100000 0.170399
v -0.195417 -0.100000 0.164224
v -0.193873 -0.100000 0.157777
v -0.192182 -0.100000 0.151059
v -0.153094 -0.100000 0.003664
v -0.152379 -0.100000 0.001349
v -0.151726 -0.100000 -0.000848
v -0.151135 -0.100000 -0.002927
v -0.150606 -0.100000 -0.004886
v -0.150140 -0.100000 -0.006727
v -0.149735 -0.100000 -0.008449
v -0.149393 -0.100000 -0.010052
v -0.149113 -0.100000 -0.011536
v -0.148896 -0.100000 -0.012902
v -0.148740 -0.100000 -0.014149
v -0.148647 -0.100000 -0.015277
v -0.148616 -0.100000 -0.016287
v -0.148720 -0.100000 -0.018953
v -0.149034 -0.100000 -0.021388
v -0.149557 -0.100000 -0.023590
v -0.150290 -0.100000 -0.025561
v -0.151231 -0.100000 -0.027300
v -0.152382 -0.100000 -0.028807
v -0.153742 -0.100000 -0.030082
v -0.155311 -0.100000 -0.031126
v -0.157090 -0.100000 -0.031937
v -0.159078 -0.100000 -0.032517
v -0.161275 -0.100000 -0.032865
v -0.163681 -0.100000 -0.032980
v -0.168179 -0.100000 -0.032746
v -0.172853 -0.100000 -0.032042
v -0.177703 -0.100000 -0.030868
v -0.182727 -0.100000 -0.029225
v -0.187927 -0.100000 -0.027113
v -0.193302 -0.100000 -0.024532
v -0.198853 -0.100000 -0.021481
v -0.204578 -0.100000 -0.017961
v -0.210479 -0.100000 -0.013971
v -0.216556 -0.100000 -0.009512
v -0.222808 -0.100000 -0.004583
v -0.229235 -0.100000 0.000814
v -0.235486 -0.100000 0.006246
v -0.241212 -0.100000 0.011276
v -0.246412 -0.100000 0.015905
v -0.251086 -0.100000 0.020132
v -0.255234 -0.100000 0.023958
v -0.258856 -0.100000 0.027382
v -0.261952 -0.100000 0.030405
v -0.264522 -0.100000 0.033026
v -0.266567 -0.100000 0.035245
v -0.268085 -0.100000 0.037063
v -0.269077 -0.100000 0.038480
v -0.269544 -0.100000 0.039495
v -0.328176 -0.100000 0.264658
v -0.437296 -0.100000 0.264658
v -0.302117 -0.100000 -0.256515
v -0.372150 -0.100000 -0.256515
v -0.365635 -0.100000 -0.281352
v -0.306189 -0.100000 -0.281352
v -0.300477 -0.100000 -0.281377
v -0.294743 -0.100000 -0.281454
v -0.288986 -0.100000 -0.281581
v -0.283207 -0.100000 -0.281759
v -0.277405 -0.100000 -0.281988
v -0.271580 -0.100000 -0.282268
v -0.265732 -0.100000 -0.282599
v -0.259862 -0.100000 -0.282980
v -0.253970 -0.100000 -0.283413
v -0.248055 -0.100000 -0.283897
v -0.242117 -0.100000 -0.284431
v -0.236156 -0.100000 -0.285016
v -0.677524 -0.100000 0.135179
v -0.691312 -0.100000 0.128826
v -0.703900 -0.100000 0.122116
v -0.715289 -0.100000 0.115050
v -0.725480 -0.100000 0.107628
v -0.734471 -0.100000 0.099849
v -0.742264 -0.100000 0.091714
v -0.748858 -0.100000 0.083223
v -0.754253 -0.100000 0.074376
v -0.758449 -0.100000 0.065172
v -0.761446 -0.100000 0.055612
v -0.763244 -0.100000 0.045696
v -0.763844 -0.100000 0.035423
v -0.763565 -0.100000 0.028014
v -0.762730 -0.100000 0.020850
v -0.761337 -0.100000 0.013933
v -0.759387 -0.100000 0.007261
v -0.756881 -0.100000 0.000836
v -0.753817 -0.100000 -0.005344
v -0.750197 -0.100000 -0.011278
v -0.746019 -0.100000 -0.016965
v -0.741284 -0.100000 -0.022407
v -0.735992 -0.100000 -0.027602
v -0.730144 -0.100000 -0.032552
v -0.723738 -0.100000 -0.037256
v -0.716812 -0.100000 -0.041645
v -0.709402 -0.100000 -0.045654
v -0.701509 -0.100000 -0.049280
v -0.693132 -0.100000 -0.052524
v -0.684272 -0.100000 -0.055387
v -0.674929 -0.100000 -0.057868
v -0.665102 -0.100000 -0.059968
v -0.654791 -0.100000 -0.061686
v -0.643997 -0.100000 -0.063022
v -0.632719 -0.100000 -0.063976
v -0.620958 -0.100000 -0.064549
v -0.608713 -0.100000 -0.064739
v -0.599392 -0.100000 -0.064616
v -0.590430 -0.100000 -0.064247
v -0.581828 -0.100000 -0.063632
v -0.573584 -0.100000 -0.062771
v -0.565699 -0.100000 -0.061664
v -0.558174 -0.100000 -0.060311
v -0.551007 -0.100000 -0.058712
v -0.544200 -0.100000 -0.056868
v -0.537752 -0.100000 -0.054777
v -0.531663 -0.100000 -0.052440
v -0.525933 -0.100000 -0.049857
v -0.520562 -0.100000 -0.047028
v -0.515587 -0.100000 -0.044004
v -0.511044 -0.100000 -0.040835
v -0.506934 -0.100000 -0.037523
v -0.503257 -0.100000 -0.034066
v -0.500013 -0.100000 -0.030465
v -0.497201 -0.100000 -0.026720
v -0.494821 -0.100000 -0.022831
v -0.492874 -0.100000 -0.018798
v -0.491360 -0.100000 -0.014620
v -0.490279 -0.100000 -0.010298
v -0.489630 -0.100000 -0.005832
v -0.489414 -0.100000 -0.001222
v -0.489515 -0.100000 0.001661
v -0.489821 -0.100000 0.004473
v -0.490330 -0.100000 0.007214
v -0.491042 -0.100000 0.009885
v -0.491958 -0.100000 0.012485
v -0.493078 -0.100000 0.015014
v -0.494401 -0.100000 0.017473
v -0.495928 -0.100000 0.019861
v -0.497659 -0.100000 0.022178
v -0.499593 -0.100000 0.024424
v -0.501730 -0.100000 0.026600
v -0.504072 -0.100000 0.028705
v -0.506551 -0.100000 0.030689
v -0.509105 -0.100000 0.032500
v -0.511731 -0.100000 0.034138
v -0.514432 -0.100000 0.035604
v -0.517206 -0.100000 0.036898
v -0.520053 -0.100000 0.038019
v -0.522974 -0.100000 0.038968
v -0.525968 -0.100000 0.039744
v -0.529036 -0.100000 0.040348
v -0.532177 -0.100000 0.040779
v -0.535392 -0.100000 0.041038
v -0.538681 -0.100000 0.041124
v -0.541828 -0.100000 0.041042
v -0.544890 -0.100000 0.040796
v -0.547868 -0.100000 0.040386
v -0.550760 -0.100000 0.039812
v -0.553568 -0.100000 0.039074
v -0.556291 -0.100000 0.038172
v -0.558929 -0.100000 0.037106
v -0.561482 -0.100000 0.035876
v -0.563951 -0.100000 0.034482
v -0.566334 -0.100000 0.032924
v -0.568633 -0.100000 0.031202
v -0.570847 -0.100000 0.029316
v -0.572928 -0.100000 0.027294
v -0.574828 -0.100000 0.025165
v -0.576547 -0.100000 0.022929
v -0.578085 -0.100000 0.020585
v -0.579443 -0.100000 0.018133
v -0.580619 -0.100000 0.015574
v -0.581614 -0.100000 0.012908
v -0.582428 -0.100000 0.010134
v -0.583062 -0.100000 0.007253
v -0.583514 -0.100000 0.004264
v -0.583786 -0.100000 0.001168
v -0.583876 -0.100000 -0.002036
v -0.583862 -0.100000 -0.003266
v -0.583820 -0.100000 -0.004513
v -0.583749 -0.100000 -0.005777
v -0.583650 -0.100000 -0.007058
v -0.583523 -0.100000 -0.008355
v -0.583367 -0.100000 -0.009670
v -0.583183 -0.100000 -0.011002
v -0.582971 -0.100000 -0.012351
v -0.582731 -0.100000 -0.013716
v -0.582462 -0.100000 -0.015099
v -0.582166 -0.100000 -0.016499
v -0.581840 -0.100000 -0.017915
v -0.581515 -0.100000 -0.019304
v -0.581218 -0.100000 -0.020618
v -0.580950 -0.100000 -0.021860
v -0.580709 -0.100000 -0.023028
v -0.580497 -0.100000 -0.024122
v -0.580313 -0.100000 -0.025143
v -0.580158 -0.100000 -0.026090
v -0.580031 -0.100000 -0.026963
v -0.579932 -0.100000 -0.027764
v -0.579861 -0.100000 -0.028490
v -0.579819 -0.100000 -0.029143
v -0.579805 -0.100000 -0.029723
v -0.580059 -0.100000 -0.032129
v -0.580822 -0.100000 -0.034326
v -0.582095 -0.100000 -0.036314
v -0.583876 -0.100000 -0.038093
v -0.586166 -0.100000 -0.039662
v -0.588966 -0.100000 -0.041022
v -0.592274 -0.100000 -0.042173
v -0.596091 -0.100000 -0.043114
v -0.600417 -0.100000 -0.043847
v -0.605252 -0.100000 -0.044370
v -0.610596 -0.100000 -0.044684
v -0.616449 -0.100000 -0.044788
v -0.626530 -0.100000 -0.044534
v -0.635733 -0.100000 -0.043770
v -0.644060 -0.100000 -0.042498
v -0.651511 -0.100000 -0.040717
v -0.658085 -0.100000 -0.038426
v -0.663783 -0.100000 -0.035627
v -0.668604 -0.100000 -0.032319
v -0.672548 -0.100000 -0.028502
v -0.675616 -0.100000 -0.024175
v -0.677807 -0.100000 -0.019340
v -0.679122 -0.100000 -0.013996
v -0.679560 -0.100000 -0.008143
v -0.679480 -0.100000 -0.006245
v -0.679238 -0.100000 -0.004349
v -0.678835 -0.100000 -0.002456
v -0.678271 -0.100000 -0.000565
v -0.677546 -0.100000 0.001322
v -0.676659 -0.100000 0.003206
v -0.675612 -0.100000 0.005088
v -0.674403 -0.100000 0.006967
v -0.673033 -0.100000 0.008843
v -0.671502 -0.100000 0.010716
v -0.669809 -0.100000 0.012587
v -0.667956 -0.100000 0.014454
v -0.665725 -0.100000 0.016424
v -0.662900 -0.100000 0.018600
v -0.659482 -0.100000 0.020982
v -0.655470 -0.100000 0.023570
v -0.650863 -0.100000 0.026365
v -0.645664 -0.100000 0.029367
v -0.639870 -0.100000 0.032575
v -0.633483 -0.100000 0.035989
v -0.626501 -0.100000 0.039610
v -0.618926 -0.100000 0.043437
v -0.610758 -0.100000 0.047470
v -0.601995 -0.100000 0.051710
v -0.593166 -0.100000 0.056062
v -0.584798 -0.100000 0.060430
v -0.576891 -0.100000 0.064816
v -0.569444 -0.100000 0.069218
v -0.562459 -0.100000 0.073638
v -0.555934 -0.100000 0.078074
v -0.549871 -0.100000 0.082527
v -0.544268 -0.100000 0.086998
v -0.539126 -0.100000 0.091485
v -0.534445 -0.100000 0.095989
v -0.530225 -0.100000 0.100511
v -0.526466 -0.100000 0.105049
v -0.523084 -0.100000 0.109629
v -0.519996 -0.100000 0.114278
v -0.517203 -0.100000 0.118994
v -0.514703 -0.100000 0.123778
v -0.512498 -0.100000 0.128631
v -0.510586 -0.100000 0.133550
v -0.508969 -0.100000 0.138538
v -0.507646 -0.100000 0.143594
v -0.506616 -0.100000 0.148717
v -0.505881 -0.100000 0.153909
v -0.505440 -0.100000 0.159168
v -0.505293 -0.100000 0.164495
v -0.505615 -0.100000 0.172383
v -0.506582 -0.100000 0.180030
v -0.508194 -0.100000 0.187436
v -0.510451 -0.100000 0.194603
v -0.513352 -0.100000 0.201529
v -0.516897 -0.100000 0.208215
v -0.521088 -0.100000 0.214660
v -0.525923 -0.100000 0.220865
v -0.531403 -0.100000 0.226830
v -0.537527 -0.100000 0.232554
v -0.544297 -0.100000 0.238038
v -0.551710 -0.100000 0.243282
v -0.559633 -0.100000 0.248192
v -0.567929 -0.100000 0.252675
v -0.576598 -0.100000 0.256731
v -0.585641 -0.100000 0.260360
v -0.595056 -0.100000 0.263562
v -0.604845 -0.100000 0.266338
v -0.615007 -0.100000 0.268686
v -0.625543 -0.100000 0.270607
v -0.636452 -0.100000 0.272101
v -0.647733 -0.100000 0.273169
v -0.659389 -0.100000 0.273809
v -0.671417 -0.100000 0.274023
v -0.681701 -0.100000 0.273864
v -0.691651 -0.100000 0.273389
v -0.701267 -0.100000 0.272598
v -0.710550 -0.100000 0.271489
v -0.719499 -0.100000 0.270064
v -0.728115 -0.100000 0.268322
v -0.736397 -0.100000 0.266264
v -0.744345 -0.100000 0.263889
v -0.751959 -0.100000 0.261197
v -0.759240 -0.100000 0.258189
v -0.766188 -0.100000 0.254863
v -0.772801 -0.100000 0.251221
v -0.778979 -0.100000 0.247345
v -0.784620 -0.100000 0.243316
v -0.789724 -0.100000 0.239134
v -0.794291 -0.100000 0.234799
v -0.798320 -0.100000 0.230312
v -0.801812 -0.100000 0.225672
v -0.804767 -0.100000 0.220879
v -0.807184 -0.100000 0.215934
v -0.809065 -0.100000 0.210836
v -0.810408 -0.100000 0.205585
v -0.811213 -0.100000 0.200182
v -0.811482 -0.100000 0.194625
v -0.811376 -0.100000 0.191542
v -0.811058 -0.100000 0.188535
v -0.810528 -0.100000 0.185604
v -0.809785 -0.100000 0.182750
v -0.808831 -0.100000 0.179972
v -0.807665 -0.100000 0.177270
v -0.806286 -0.100000 0.174645
v -0.804696 -0.100000 0.172096
v -0.802893 -0.100000 0.169623
v -0.800879 -0.100000 0.167227
v -0.798652 -0.100000 0.164907
v -0.796213 -0.100000 0.162663
v -0.793628 -0.100000 0.160549
v -0.790960 -0.100000 0.158619
v -0.788210 -0.100000 0.156873
v -0.785378 -0.100000 0.155311
v -0.782464 -0.100000 0.153933
v -0.779469 -0.100000 0.152738
v -0.776391 -0.100000 0.151727
v -0.773231 -0.100000 0.150900
v -0.769989 -0.100000 0.150257
v -0.766666 -0.100000 0.149798
v -0.763260 -0.100000 0.149522
v -0.759772 -0.100000 0.149430
v -0.756372 -0.100000 0.149513
v -0.753093 -0.100000 0.149764
v -0.749936 -0.100000 0.150181
v -0.746901 -0.100000 0.150765
v -0.743987 -0.100000 0.151515
v -0.741195 -0.100000 0.152433
v -0.738524 -0.100000 0.153517
v -0.735975 -0.100000 0.154768
v -0.733548 -0.100000 0.156186
v -0.731242 -0.100000 0.157771
v -0.729058 -0.100000 0.159523
v -0.726995 -0.100000 0.161441
v -0.725062 -0.100000 0.163447
v -0.723268 -0.100000 0.165462
v -0.721613 -0.100000 0.167485
v -0.720096 -0.100000 0.169517
v -0.718717 -0.100000 0.171557
v -0.717478 -0.100000 0.173605
v -0.716376 -0.100000 0.175662
v -0.715413 -0.100000 0.177728
v -0.714589 -0.100000 0.179802
v -0.713904 -0.100000 0.181884
v -0.713356 -0.100000 0.183975
v -0.712948 -0.100000 0.186075
v -0.712873 -0.100000 0.191836
v -0.712648 -0.100000 0.197312
v -0.712273 -0.100000 0.202502
v -0.711749 -0.100000 0.207406
v -0.711075 -0.100000 0.212025
v -0.710250 -0.100000 0.216358
v -0.709276 -0.100000 0.220406
v -0.708152 -0.100000 0.224168
v -0.706879 -0.100000 0.227644
v -0.705455 -0.100000 0.230835
v -0.703881 -0.100000 0.233740
v -0.702158 -0.100000 0.236360
v -0.700256 -0.100000 0.238734
v -0.698149 -0.100000 0.240901
v -0.695834 -0.100000 0.242862
v -0.693313 -0.100000 0.244616
v -0.690586 -0.100000 0.246164
v -0.687653 -0.100000 0.247506
v -0.684513 -0.100000 0.248641
v -0.681166 -0.100000 0.249570
v -0.677614 -0.100000 0.250293
v -0.673854 -0.100000 0.250809
v -0.669889 -0.100000 0.251118
v -0.665717 -0.100000 0.251221
v -0.660559 -0.100000 0.251149
v -0.655537 -0.100000 0.250933
v -0.650652 -0.100000 0.250573
v -0.645901 -0.100000 0.250068
v -0.641287 -0.100000 0.249419
v -0.636808 -0.100000 0.248626
v -0.632465 -0.100000 0.247688
v -0.628257 -0.100000 0.246607
v -0.624186 -0.100000 0.245381
v -0.620250 -0.100000 0.244011
v -0.616450 -0.100000 0.242497
v -0.612785 -0.100000 0.240839
v -0.609338 -0.100000 0.239048
v -0.606191 -0.100000 0.237135
v -0.603344 -0.100000 0.235100
v -0.600796 -0.100000 0.232944
v -0.598548 -0.100000 0.230667
v -0.596600 -0.100000 0.228268
v -0.594952 -0.100000 0.225747
v -0.593603 -0.100000 0.223104
v -0.592554 -0.100000 0.220340
v -0.591805 -0.100000 0.217455
v -0.591355 -0.100000 0.214448
v -0.591205 -0.100000 0.211319
v -0.591805 -0.100000 0.204819
v -0.593603 -0.100000 0.198346
v -0.596600 -0.100000 0.191902
v -0.600796 -0.100000 0.185487
v -0.606191 -0.100000 0.179099
v -0.612785 -0.100000 0.172740
v -0.620578 -0.100000 0.166409
v -0.629569 -0.100000 0.160107
v -0.639760 -0.100000 0.153832
v -0.651149 -0.100000 0.147586
v -0.663737 -0.100000 0.141369
v -0.677524 -0.100000 0.135179
v -0.677524 0.100000 0.135179
v -0.691312 -0.100000 0.128826
v -0.691312 0.100000 0.128826
v -0.703900 -0.100000 0.122116
v -0.703900 0.100000 0.122116
v -0.715289 -0.100000 0.115050
v -0.715289 0.100000 0.115050
v -0.725480 -0.100000 0.107628
v -0.725480 0.100000 0.107628
v -0.734471 -0.100000 0.099849
v -0.734471 0.100000 0.099849
v -0.742264 -0.100000 0.091714
v -0.742264 0.100000 0.091714
v -0.748858 -0.100000 0.083223
v -0.748858 0.100000 0.083223
v -0.754253 -0.100000 0.074376
v -0.754253 0.100000 0.074376
v -0.758449 -0.100000 0.065172
v -0.758449 0.100000 0.065172
v -0.761446 -0.100000 0.055612
v -0.761446 0.100000 0.055612
v -0.763244 -0.100000 0.045696
v -0.763244 0.100000 0.045696
v -0.763844 -0.100000 0.035423
v -0.763844 0.100000 0.035423
v -0.763565 -0.100000 0.028014
v -0.763565 0.100000 0.028014
v -0.762730 -0.100000 0.020850
v -0.762730 0.100000 0.020850
v -0.761337 -0.100000 0.013933
v -0.761337 0.100000 0.013933
v -0.759387 -0.100000 0.007261
v -0.759387 0.100000 0.007261
v -0.756881 -0.100000 0.000836
v -0.756881 0.100000 0.000836
v -0.753817 -0.100000 -0.005344
v -0.753817 0.100000 -0.005344
v -0.750197 -0.100000 -0.011278
v -0.750197 0.100000 -0.011278
v -0.746019 -0.100000 -0.016965
v -0.746019 0.100000 -0.016965
v -0.741284 -0.100000 -0.022407
v -0.741284 0.100000 -0.022407
v -0.735992 -0.100000 -0.027602
v -0.735992 0.100000 -0.027602
v -0.730144 -0.100000 -0.032552
v -0.730144 0.100000 -0.032552
v -0.723738 -0.100000 -0.037256
v -0.723738 0.100000 -0.037256
v -0.716812 -0.100000 -0.041645
v -0.716812 0.100000 -0.041645
v -0.709402 -0.100000 -0.045654
v -0.709402 0.100000 -0.045654
v -0.701509 -0.100000 -0.049280
v -0.701509 0.100000 -0.049280
v -0.693132 -0.100000 -0.052524
v -0.693132 0.100000 -0.052524
v -0.684272 -0.100000 -0.055387
v -0.684272 0.100000 -0.055387
v -0.674929 -0.100000 -0.057868
v -0.674929 0.100000 -0.057868
v -0.665102 -0.100000 -0.059968
v -0.665102 0.100000 -0.059968
v -0.654791 -0.100000 -0.061686
v -0.654791 0.100000 -0.061686
v -0.643997 -0.100000 -0.063022
v -0.643997 0.100000 -0.063022
v -0.632719 -0.100000 -0.063976
v -0.632719 0.100000 -0.063976
v -0.620958 -0.100000 -0.064549
v -0.620958 0.100000 -0.064549
v -0.608713 -0.100000 -0.064739
v -0.608713 0.100000 -0.064739
v -0.599392 -0.100000 -0.064616
v -0.599392 0.100000 -0.064616
v -0.590430 -0.100000 -0.064247
v -0.590430 0.100000 -0.064247
v -0.581828 -0.100000 -0.063632
v -0.581828 0.100000 -0.063632
v -0.573584 -0.100000 -0.062771
v -0.573584 0.100000 -0.062771
v -0.565699 -0.100000 -0.061664
v -0.565699 0.100000 -0.061664
v -0.558174 -0.100000 -0.060311
v -0.558174 0.100000 -0.060311
v -0.551007 -0.100000 -0.058712
v -0.551007 0.100000 -0.058712
v -0.544200 -0.100000 -0.056868
v -0.544200 0.100000 -0.056868
v -0.537752 -0.100000 -0.054777
v -0.537752 0.100000 -0.054777
v -0.531663 -0.100000 -0.052440
v -0.531663 0.100000 -0.052440
v -0.525933 -0.100000 -0.049857
v -0.525933 0.100000 -0.049857
v -0.520562 -0.100000 -0.047028
v -0.520562 0.100000 -0.047028
v -0.515587 -0.100000 -0.044004
v -0.515587 0.100000 -0.044004
v -0.511044 -0.100000 -0.040835
v -0.511044 0.100000 -0.040835
v -0.506934 -0.100000 -0.037523
v -0.506934 0.100000 -0.037523
v -0.503257 -0.100000 -0.034066
v -0.503257 0.100000 -0.034066
v -0.500013 -0.100000 -0.030465
v -0.500013 0.100000 -0.030465
v -0.497201 -0.100000 -0.026720
v -0.497201 0.100000 -0.026720
v -0.494821 -0.100000 -0.022831
v -0.494821 0.100000 -0.022831
v -0.492874 -0.100000 -0.018798
v -0.492874 0.100000 -0.018798
v -0.491360 -0.100000 -0.014620
v -0.491360 0.100000 -0.014620
v -0.490279 -0.100000 -0.010298
v -0.490279 0.100000 -0.010298
v -0.489630 -0.100000 -0.005832
v -0.489630 0.100000 -0.005832
v -0.489414 -0.100000 -0.001222
v -0.489414 0.100000 -0.001222
v -0.489515 -0.100000 0.001661
v -0.489515 0.100000 0.001661
v -0.489821 -0.100000 0.004473
v -0.489821 0.100000 0.004473
v -0.490330 -0.100000 0.007214
v -0.490330 0.100000 0.007214
v -0.491042 -0.100000 0.009885
v -0.491042 0.100000 0.009885
v -0.491958 -0.100000 0.012485
v -0.491958 0.100000 0.012485
v -0.493078 -0.100000 0.015014
v -0.493078 0.100000 0.015014
v -0.494401 -0.100000 0.017473
v -0.494401 0.100000 0.017473
v -0.495928 -0.100000 0.019861
v -0.495928 0.100000 0.019861
v -0.497659 -0.100000 0.022178
v -0.497659 0.100000 0.022178
v -0.499593 -0.100000 0.024424
v -0.499593 0.100000 0.024424
v -0.501730 -0.100000 0.026600
v -0.501730 0.100000 0.026600
v -0.504072 -0.100000 0.028705
v -0.504072 0.100000 0.028705
v -0.506551 -0.100000 0.030689
v -0.506551 0.100000 0.030689
v -0.509105 -0.100000 0.032500
v -0.509105 0.100000 0.032500
v -0.511731 -0.100000 0.034138
v -0.511731 0.100000 0.034138
v -0.514432 -0.100000 0.035604
v -0.514432 0.100000 0.035604
v -0.517206 -0.100000 0.036898
v -0.517206 0.100000 0.036898
v -0.520053 -0.100000 0.038019
v -0.520053 0.100000 0.038019
v -0.522974 -0.100000 0.038968
v -0.522974 0.100000 0.038968
v -0.525968 -0.100000 0.039744
v -0.525968 0.100000 0.039744
v -0.529036 -0.100000 0.040348
v -0.529036 0.100000 0.040348
v -0.532177 -0.100000 0.040779
v -0.532177 0.100000 0.040779
v -0.535392 -0.100000 0.041038
v -0.535392 0.100000 0.041038
v -0.538681 -0.100000 0.041124
v -0.538681 0.100000 0.041124
v -0.541828 -0.100000 0.041042
v -0.541828 0.100000 0.041042
v -0.544890 -0.100000 0.040796
v -0.544890 0.100000 0.040796
v -0.547868 -0.100000 0.040386
v -0.547868 0.100000 0.040386
v -0.550760 -0.100000 0.039812
v -0.550760 0.100000 0.039812
v -0.553568 -0.100000 0.039074
v -0.553568 0.100000 0.039074
v -0.556291 -0.100000 0.038172
v -0.556291 0.100000 0.038172
v -0.558929 -0.100000 0.037106
v -0.558929 0.100000 0.037106
v -0.561482 -0.100000 0.035876
v -0.561482 0.100000 0.035876
v -0.563951 -0.100000 0.034482
v -0.563951 0.100000 0.034482
v -0.566334 -0.100000 0.032924
v -0.566334 0.100000 0.032924
v -0.568633 -0.100000 0.031202
v -0.568633 0.100000 0.031202
v -0.570847 -0.100000 0.029316
v -0.570847 0.100000 0.029316
v -0.572928 -0.100000 0.027294
v -0.572928 0.100000 0.027294
v -0.574828 -0.100000 0.025165
v -0.574828 0.100000 0.025165
v -0.576547 -0.100000 0.022929
v -0.576547 0.100000 0.022929
v -0.578085 -0.100000 0.020585
v -0.578085 0.100000 0.020585
v -0.579443 -0.100000 0.018133
v -0.579443 0.100000 0.018133
v -0.580619 -0.100000 0.015574
v -0.580619 0.100000 0.015574
v -0.581614 -0.100000 0.012908
v -0.581614 0.100000 0.012908
v -0.582428 -0.100000 0.010134
v -0.582428 0.100000 0.010134
v -0.583062 -0.100000 0.007253
v -0.583062 0.100000 0.007253
v -0.583514 -0.100000 0.004264
v -0.583514 0.100000 0.004264
v -0.583786 -0.100000 0.001168
v -0.583786 0.100000 0.001168
v -0.583876 -0.100000 -0.002036
v -0.583876 0.100000 -0.002036
v -0.583862 -0.100000 -0.003266
v -0.583862 0.100000 -0.003266
v -0.583820 -0.100000 -0.004513
v -0.583820 0.100000 -0.004513
v -0.583749 -0.100000 -0.005777
v -0.583749 0.100000 -0.005777
v -0.583650 -0.100000 -0.007058
v -0.583650 0.100000 -0.007058
v -0.583523 -0.100000 -0.008355
v -0.583523 0.100000 -0.008355
v -0.583367 -0.100000 -0.009670
v -0.583367 0.100000 -0.009670
v -0.583183 -0.100000 -0.011002
v -0.583183 0.100000 -0.011002
v -0.582971 -0.100000 -0.012351
v -0.582971 0.100000 -0.012351
v -0.582731 -0.100000 -0.013716
v -0.582731 0.100000 -0.013716
v -0.582462 -0.100000 -0.015099
v -0.582462 0.100000 -0.015099
v -0.582166 -0.100000 -0.016499
v -0.582166 0.100000 -0.016499
v -0.581840 -0.100000 -0.017915
v -0.581840 0.100000 -0.017915
v -0.581515 -0.100000 -0.019304
v -0.581515 0.100000 -0.019304
v -0.581218 -0.100000 -0.020618
v -0.581218 0.100000 -0.020618
v -0.580950 -0.100000 -0.021860
v -0.580950 0.100000 -0.021860
v -0.580709 -0.100000 -0.023028
v -0.580709 0.100000 -0.023028
v -0.580497 -0.100000 -0.024122
v -0.580497 0.100000 -0.024122
v -0.580313 -0.100000 -0.025143
v -0.580313 0.100000 -0.025143
v -0.580158 -0.100000 -0.026090
v -0.580158 0.100000 -0.026090
v -0.580031 -0.100000 -0.026963
v -0.580031 0.100000 -0.026963
v -0.579932 -0.100000 -0.027764
v -0.579932 0.100000 -0.027764
v -0.579861 -0.100000 -0.028490
v -0.579861 0.100000 -0.028490
v -0.579819 -0.100000 -0.029143
v -0.579819 0.100000 -0.029143
v -0.579805 -0.100000 -0.029723
v -0.579805 0.100000 -0.029723
v -0.580059 -0.100000 -0.032129
v -0.580059 0.100000 -0.032129
v -0.580822 -0.100000 -0.034326
v -0.580822 0.100000 -0.034326
v -0.582095 -0.100000 -0.036314
v -0.582095 0.100000 -0.036314
v -0.583876 -0.100000 -0.038093
v -0.583876 0.100000 -0.038093
v -0.586166 -0.100000 -0.039662
v -0.586166 0.100000 -0.039662
v -0.588966 -0.100000 -0.041022
v -0.588966 0.100000 -0.041022
v -0.592274 -0.100000 -0.042173
v -0.592274 0.100000 -0.042173
v -0.596091 -0.100000 -0.043114
v -0.596091 0.100000 -0.043114
v -0.600417 -0.100000 -0.043847
v -0.600417 0.100000 -0.043847
v -0.605252 -0.100000 -0.044370
v -0.605252 0.100000 -0.044370
v -0.610596 -0.100000 -0.044684
v -0.610596 0.100000 -0.044684
v -0.616449 -0.100000 -0.044788
v -0.616449 0.100000 -0.044788
v -0.626530 -0.100000 -0.044534
v -0.626530 0.100000 -0.044534
v -0.635733 -0.100000 -0.043770
v -0.635733 0.100000 -0.043770
v -0.644060 -0.100000 -0.042498
v -0.644060 0.100000 -0.042498
v -0.651511 -0.100000 -0.040717
v -0.651511 0.100000 -0.040717
v -0.658085 -0.100000 -0.038426
v -0.658085 0.100000 -0.038426
v -0.663783 -0.100000 -0.035627
v -0.663783 0.100000 -0.035627
v -0.668604 -0.100000 -0.032319
v -0.668604 0.100000 -0.032319
v -0.672548 -0.100000 -0.028502
v -0.672548 0.100000 -0.028502
v -0.675616 -0.100000 -0.024175
v -0.675616 0.100000 -0.024175
v -0.677807 -0.100000 -0.019340
v -0.677807 0.100000 -0.019340
v -0.679122 -0.100000 -0.013996
v -0.679122 0.100000 -0.013996
v -0.679560 -0.100000 -0.008143
v -0.679560 0.100000 -0.008143
v -0.679480 -0.100000 -0.006245
v -0.679480 0.100000 -0.006245
v -0.679238 -0.100000 -0.004349
v -0.679238 0.100000 -0.004349
v -0.678835 -0.100000 -0.002456
v -0.678835 0.100000 -0.002456
v -0.678271 -0.100000 -0.000565
v -0.678271 0.100000 -0.000565
v -0.677546 -0.100000 0.001322
v -0.677546 0.100000 0.001322
v -0.676659 -0.100000 0.003206
v -0.676659 0.100000 0.003206
v -0.675612 -0.100000 0.005088
v -0.675612 0.100000 0.005088
v -0.674403 -0.100000 0.006967
v -0.674403 0.100000 0.006967
v -0.673033 -0.100000 0.008843
v -0.673033 0.100000 0.008843
v -0.671502 -0.100000 0.010716
v -0.671502 0.100000 0.010716
v -0.669809 -0.100000 0.012587
v -0.669809 0.100000 0.012587
v -0.667956 -0.100000 0.014454
v -0.667956 0.100000 0.014454
v -0.665725 -0.100000 0.016424
v -0.665725 0.100000 0.016424
v -0.662900 -0.100000 0.018600
v -0.662900 0.100000 0.018600
v -0.659482 -0.100000 0.020982
v -0.659482 0.100000 0.020982
v -0.655470 -0.100000 0.023570
v -0.655470 0.100000 0.023570
v -0.650863 -0.100000 0.026365
v -0.650863 0.100000 0.026365
v -0.645664 -0.100000 0.029367
v -0.645664 0.100000 0.029367
v -0.639870 -0.100000 0.032575
v -0.639870 0.100000 0.032575
v -0.633483 -0.100000 0.035989
v -0.633483 0.100000 0.035989
v -0.626501 -0.100000 0.039610
v -0.626501 0.100000 0.039610
v -0.618926 -0.100000 0.043437
v -0.618926 0.100000 0.043437
v -0.610758 -0.100000 0.047470
v -0.610758 0.100000 0.047470
v -0.601995 -0.100000 0.051710
v -0.601995 0.100000 0.051710
v -0.593166 -0.100000 0.056062
v -0.593166 0.100000 0.056062
v -0.584798 -0.100000 0.060430
v -0.584798 0.100000 0.060430
v -0.576891 -0.100000 0.064816
v -0.576891 0.100000 0.064816
v -0.569444 -0.100000 0.069218
v -0.569444 0.100000 0.069218
v -0.562459 -0.100000 0.073638
v -0.562459 0.100000 0.073638
v -0.555934 -0.100000 0.078074
v -0.555934 0.100000 0.078074
v -0.549871 -0.100000 0.082527
v -0.549871 0.100000 0.082527
v -0.544268 -0.100000 0.086998
v -0.544268 0.100000 0.086998
v -0.539126 -0.100000 0.091485
v -0.539126 0.100000 0.091485
v -0.534445 -0.100000 0.095989
v -0.534445 0.100000 0.095989
v -0.530225 -0.100000 0.100511
v -0.530225 0.100000 0.100511
v -0.526466 -0.100000 0.105049
v -0.526466 0.100000 0.105049
v -0.523084 -0.100000 0.109629
v -0.523084 0.100000 0.109629
v -0.519996 -0.100000 0.114278
v -0.519996 0.100000 0.114278
v -0.517203 -0.100000 0.118994
v -0.517203 0.100000 0.118994
v -0.514703 -0.100000 0.123778
v -0.514703 0.100000 0.123778
v -0.512498 -0.100000 0.128631
v -0.512498 0.100000 0.128631
v -0.510586 -0.100000 0.133550
v -0.510586 0.100000 0.133550
v -0.508969 -0.100000 0.138538
v -0.508969 0.100000 0.138538
v -0.507646 -0.100000 0.143594
v -0.507646 0.100000 0.143594
v -0.506616 -0.100000 0.148717
v -0.506616 0.100000 0.148717
v -0.505881 -0.100000 0.153909
v -0.505881 0.100000 0.153909
v -0.505440 -0.100000 0.159168
v -0.505440 0.100000 0.159168
v -0.505293 -0.100000 0.164495
v -0.505293 0.100000 0.164495
v -0.505615 -0.100000 0.172383
v -0.505615 0.100000 0.172383
v -0.506582 -0.100000 0.180030
v -0.506582 0.100000 0.180030
v -0.508194 -0.100000 0.187436
v -0.508194 0.100000 0.187436
v -0.510451 -0.100000 0.194603
v -0.510451 0.100000 0.194603
v -0.513352 -0.100000 0.201529
v -0.513352 0.100000 0.201529
v -0.516897 -0.100000 0.208215
v -0.516897 0.100000 0.208215
v -0.521088 -0.100000 0.214660
v -0.521088 0.100000 0.214660
v -0.525923 -0.100000 0.220865
v -0.525923 0.100000 0.220865
v -0.531403 -0.100000 0.226830
v -0.531403 0.100000 0.226830
v -0.537527 -0.100000 0.232554
v -0.537527 0.100000 0.232554
v -0.544297 -0.100000 0.238038
v -0.544297 0.100000 0.238038
v -0.551710 -0.100000 0.243282
v -0.551710 0.100000 0.243282
v -0.559633 -0.100000 0.248192
v -0.559633 0.100000 0.248192
v -0.567929 -0.100000 0.252675
v -0.567929 0.100000 0.252675
v -0.576598 -0.100000 0.256731
v -0.576598 0.100000 0.256731
v -0.585641 -0.100000 0.260360
v -0.585641 0.100000 0.260360
v -0.595056 -0.100000 0.263562
v -0.595056 0.100000 0.263562
v -0.604845 -0.100000 0.266338
v -0.604845 0.100000 0.266338
v -0.615007 -0.100000 0.268686
v -0.615007 0.100000 0.268686
v -0.625543 -0.100000 0.270607
v -0.625543 0.100000 0.270607
v -0.636452 -0.100000 0.272101
v -0.636452 0.100000 0.272101
v -0.647733 -0.100000 0.273169
v -0.647733 0.100000 0.273169
v -0.659389 -0.100000 0.273809
v -0.659389 0.100000 0.273809
v -0.671417 -0.100000 0.274023
v -0.671417 0.100000 0.274023
v -0.681701 -0.100000 0.273864
v -0.681701 0.100000 0.273864
v -0.691651 -0.100000 0.273389
v -0.691651 0.100000 0.273389
v -0.701267 -0.100000 0.272598
v -0.701267 0.100000 0.272598
v -0.710550 -0.100000 0.271489
v -0.710550 0.100000 0.271489
v -0.719499 -0.100000 0.270064
v -0.719499 0.100000 0.270064
v -0.728115 -0.100000 0.268322
v -0.728115 0.100000 0.268322
v -0.736397 -0.100000 0.266264
v -0.736397 0.100000 0.266264
v -0.744345 -0.100000 0.263889
v -0.744345 0.100000 0.263889
v -0.751959 -0.100000 0.261197
v -0.751959 0.100000 0.261197
v -0.759240 -0.100000 0.258189
v -0.759240 0.100000 0.258189
v -0.766188 -0.100000 0.254863
v -0.766188 0.100000 0.254863
v -0.772801 -0.100000 0.251221
v -0.772801 0.100000 0.251221
v -0.778979 -0.100000 0.247345
v -0.778979 0.100000 0.247345
v -0.784620 -0.100000 0.243316
v -0.784620 0.100000 0.243316
v -0.789724 -0.100000 0.239134
v -0.789724 0.100000 0.239134
v -0.794291 -0.100000 0.234799
v -0.794291 0.100000 0.234799
v -0.798320 -0.100000 0.230312
v -0.798320 0.100000 0.230312
v -0.801812 -0.100000 0.225672
v -0.801812 0.100000 0.225672
v -0.804767 -0.100000 0.220879
v -0.804767 0.100000 0.220879
v -0.807184 -0.100000 0.215934
v -0.807184 0.100000 0.215934
v -0.809065 -0.100000 0.210836
v -0.809065 0.100000 0.210836
v -0.810408 -0.100000 0.205585
v -0.810408 0.100000 0.205585
v -0.811213 -0.100000 0.200182
v -0.811213 0.100000 0.200182
v -0.811482 -0.100000 0.194625
v -0.811482 0.100000 0.194625
v -0.811376 -0.100000 0.191542
v -0.811376 0.100000 0.191542
v -0.811058 -0.100000 0.188535
v -0.811058 0.100000 0.188535
v -0.810528 -0.100000 0.185604
v -0.810528 0.100000 0.185604
v -0.809785 -0.100000 0.182750
v -0.809785 0.100000 0.182750
v -0.808831 -0.100000 0.179972
v -0.808831 0.100000 0.179972
v -0.807665 -0.100000 0.177270
v -0.807665 0.100000 0.177270
v -0.806286 -0.100000 0.174645
v -0.806286 0.100000 0.174645
v -0.804696 -0.100000 0.172096
v -0.804696 0.100000 0.172096
v -0.802893 -0.100000 0.169623
v -0.802893 0.100000 0.169623
v -0.800879 -0.100000 0.167227
v -0.800879 0.100000 0.167227
v -0.798652 -0.100000 0.164907
v -0.798652 0.100000 0.164907
v -0.796213 -0.100000 0.162663
v -0.796213 0.100000 0.162663
v -0.793628 -0.100000 0.160549
v -0.793628 0.100000 0.160549
v -0.790960 -0.100000 0.158619
v -0.790960 0.100000 0.158619
v -0.788210 -0.100000 0.156873
v -0.788210 0.100000 0.156873
v -0.785378 -0.100000 0.155311
v -0.785378 0.100000 0.155311
v -0.782464 -0.100000 0.153933
v -0.782464 0.100000 0.153933
v -0.779469 -0.100000 0.152738
v -0.779469 0.100000 0.152738
v -0.776391 -0.100000 0.151727
v -0.776391 0.100000 0.151727
v -0.773231 -0.100000 0.150900
v -0.773231 0.100000 0.150900
v -0.769989 -0.100000 0.150257
v -0.769989 0.100000 0.150257
v -0.766666 -0.100000 0.149798
v -0.766666 0.100000 0.149798
v -0.763260 -0.100000 0.149522
v -0.763260 0.100000 0.149522
v -0.759772 -0.100000 0.149430
v -0.759772 0.100000 0.149430
v -0.756372 -0.100000 0.149513
v -0.756372 0.100000 0.149513
v -0.753093 -0.100000 0.149764
v -0.753093 0.100000 0.149764
v -0.749936 -0.100000 0.150181
v -0.749936 0.100000 0.150181
v -0.746901 -0.100000 0.150765
v -0.746901 0.100000 0.150765
v -0.743987 -0.100000 0.151515
v -0.743987 0.100000 0.151515
v -0.741195 -0.100000 0.152433
v -0.741195 0.100000 0.152433
v -0.738524 -0.100000 0.153517
v -0.738524 0.100000 0.153517
v -0.735975 -0.100000 0.154768
v -0.735975 0.100000 0.154768
v -0.733548 -0.100000 0.156186
v -0.733548 0.100000 0.156186
v -0.731242 -0.100000 0.157771
v -0.731242 0.100000 0.157771
v -0.729058 -0.100000 0.159523
v -0.729058 0.100000 0.159523
v -0.726995 -0.100000 0.161441
v -0.726995 0.100000 0.161441
v -0.725062 -0.100000 0.163447
v -0.725062 0.100000 0.163447
v -0.723268 -0.100000 0.165462
v -0.723268 0.100000 0.165462
v -0.721613 -0.100000 0.167485
v -0.721613 0.100000 0.167485
v -0.720096 -0.100000 0.169517
v -0.720096 0.100000 0.169517
v -0.718717 -0.100000 0.171557
v -0.718717 0.100000 0.171557
v -0.717478 -0.100000 0.173605
v -0.717478 0.100000 0.173605
v -0.716376 -0.100000 0.175662
v -0.716376 0.100000 0.175662
v -0.715413 -0.100000 0.177728
v -0.715413 0.100000 0.177728
v -0.714589 -0.100000 0.179802
v -0.714589 0.100000 0.179802
v -0.713904 -0.100000 0.181884
v -0.713904 0.100000 0.181884
v -0.713356 -0.100000 0.183975
v -0.713356 0.100000 0.183975
v -0.712948 -0.100000 0.186075
v -0.712948 0.100000 0.186075
v -0.712873 -0.100000 0.191836
v -0.712873 0.100000 0.191836
v -0.712648 -0.100000 0.197312
v -0.712648 0.100000 0.197312
v -0.712273 -0.100000 0.202502
v -0.712273 0.100000 0.202502
v -0.711749 -0.100000 0.207406
v -0.711749 0.100000 0.207406
v -0.711075 -0.100000 0.212025
v -0.711075 0.100000 0.212025
v -0.710250 -0.100000 0.216358
v -0.710250 0.100000 0.216358
v -0.709276 -0.100000 0.220406
v -0.709276 0.100000 0.220406
v -0.708152 -0.100000 0.224168
v -0.708152 0.100000 0.224168
v -0.706879 -0.100000 0.227644
v -0.706879 0.100000 0.227644
v -0.705455 -0.100000 0.230835
v -0.705455 0.100000 0.230835
v -0.703881 -0.100000 0.233740
v -0.703881 0.100000 0.233740
v -0.702158 -0.100000 0.236360
v -0.702158 0.100000 0.236360
v -0.700256 -0.100000 0.238734
v -0.700256 0.100000 0.238734
v -0.698149 -0.100000 0.240901
v -0.698149 0.100000 0.240901
v -0.695834 -0.100000 0.242862
v -0.695834 0.100000 0.242862
v -0.693313 -0.100000 0.244616
v -0.693313 0.100000 0.244616
v -0.690586 -0.100000 0.246164
v -0.690586 0.100000 0.246164
v -0.687653 -0.100000 0.247506
v -0.687653 0.100000 0.247506
v -0.684513 -0.100000 0.248641
v -0.684513 0.100000 0.248641
v -0.681166 -0.100000 0.249570
v -0.681166 0.100000 0.249570
v -0.677614 -0.100000 0.250293
v -0.677614 0.100000 0.250293
v -0.673854 -0.100000 0.250809
v -0.673854 0.100000 0.250809
v -0.669889 -0.100000 0.251118
v -0.669889 0.100000 0.251118
v -0.665717 -0.100000 0.251221
v -0.665717 0.100000 0.251221
v -0.660559 -0.100000 0.251149
v -0.660559 0.100000 0.251149
v -0.655537 -0.100000 0.250933
v -0.655537 0.100000 0.250933
v -0.650652 -0.100000 0.250573
v -0.650652 0.100000 0.250573
v -0.645901 -0.100000 0.250068
v -0.645901 0.100000 0.250068
v -0.641287 -0.100000 0.249419
v -0.641287 0.100000 0.249419
v -0.636808 -0.100000 0.248626
v -0.636808 0.100000 0.248626
v -0.632465 -0.100000 0.247688
v -0.632465 0.100000 0.247688
v -0.628257 -0.100000 0.246607
v -0.628257 0.100000 0.246607
v -0.624186 -0.100000 0.245381
v -0.624186 0.100000 0.245381
v -0.620250 -0.100000 0.244011
v -0.620250 0.100000 0.244011
v -0.616450 -0.100000 0.242497
v -0.616450 0.100000 0.242497
v -0.612785 -0.100000 0.240839
v -0.612785 0.100000 0.240839
v -0.609338 -0.100000 0.239048
v -0.609338 0.100000 0.239048
v -0.606191 -0.100000 0.237135
v -0.606191 0.100000 0.237135
v -0.603344 -0.100000 0.235100
v -0.603344 0.100000 0.235100
v -0.600796 -0.100000 0.232944
v -0.600796 0.100000 0.232944
v -0.598548 -0.100000 0.230667
v -0.598548 0.100000 0.230667
v -0.596600 -0.100000 0.228268
v -0.596600 0.100000 0.228268
v -0.594952 -0.100000 0.225747
v -0.594952 0.100000 0.225747
v -0.593603 -0.100000 0.223104
v -0.593603 0.100000 0.223104
v -0.592554 -0.100000 0.220340
v -0.592554 0.100000 0.220340
v -0.591805 -0.100000 0.217455
v -0.591805 0.100000 0.217455
v -0.591355 -0.100000 0.214448
v -0.591355 0.100000 0.214448
v -0.591205 -0.100000 0.211319
v -0.591205 0.100000 0.211319
v -0.591805 -0.100000 0.204819
v -0.591805 0.100000 0.204819
v -0.593603 -0.100000 0.198346
v -0.593603 0.100000 0.198346
v -0.596600 -0.100000 0.191902
v -0.596600 0.100000 0.191902
v -0.600796 -0.100000 0.185487
v -0.600796 0.100000 0.185487
v -0.606191 -0.100000 0.179099
v -0.606191 0.100000 0.179099
v -0.612785 -0.100000 0.172740
v -0.612785 0.100000 0.172740
v -0.620578 -0.100000 0.166409
v -0.620578 0.100000 0.166409
v -0.629569 -0.100000 0.160107
v -0.629569 0.100000 0.160107
v -0.639760 -0.100000 0.153832
v -0.639760 0.100000 0.153832
v -0.651149 -0.100000 0.147586
v -0.651149 0.100000 0.147586
v -0.663737 -0.100000 0.141369
v -0.663737 0.100000 0.141369
v -0.201954 -0.100000 -0.288274
v -0.201954 0.100000 -0.288274
v -0.185261 -0.100000 -0.288274
v -0.185261 0.100000 -0.288274
v -0.259772 -0.100000 -0.002850
v -0.259772 0.100000 -0.002850
v -0.258143 -0.100000 -0.001222
v -0.258143 0.100000 -0.001222
v -0.247840 -0.100000 -0.011367
v -0.247840 0.100000 -0.011367
v -0.237423 -0.100000 -0.020630
v -0.237423 0.100000 -0.020630
v -0.226893 -0.100000 -0.029011
v -0.226893 0.100000 -0.029011
v -0.216250 -0.100000 -0.036509
v -0.216250 0.100000 -0.036509
v -0.205494 -0.100000 -0.043126
v -0.205494 0.100000 -0.043126
v -0.194625 -0.100000 -0.048860
v -0.194625 0.100000 -0.048860
v -0.183643 -0.100000 -0.053712
v -0.183643 0.100000 -0.053712
v -0.172548 -0.100000 -0.057682
v -0.172548 0.100000 -0.057682
v -0.161340 -0.100000 -0.060770
v -0.161340 0.100000 -0.060770
v -0.150018 -0.100000 -0.062975
v -0.150018 0.100000 -0.062975
v -0.138584 -0.100000 -0.064298
v -0.138584 0.100000 -0.064298
v -0.127036 -0.100000 -0.064739
v -0.127036 0.100000 -0.064739
v -0.121029 -0.100000 -0.064622
v -0.121029 0.100000 -0.064622
v -0.115222 -0.100000 -0.064270
v -0.115222 0.100000 -0.064270
v -0.109617 -0.100000 -0.063683
v -0.109617 0.100000 -0.063683
v -0.104212 -0.100000 -0.062862
v -0.104212 0.100000 -0.062862
v -0.099008 -0.100000 -0.061806
v -0.099008 0.100000 -0.061806
v -0.094004 -0.100000 -0.060515
v -0.094004 0.100000 -0.060515
v -0.089202 -0.100000 -0.058990
v -0.089202 0.100000 -0.058990
v -0.084600 -0.100000 -0.057229
v -0.084600 0.100000 -0.057229
v -0.080199 -0.100000 -0.055235
v -0.080199 0.100000 -0.055235
v -0.075999 -0.100000 -0.053005
v -0.075999 0.100000 -0.053005
v -0.071999 -0.100000 -0.050541
v -0.071999 0.100000 -0.050541
v -0.068200 -0.100000 -0.047842
v -0.068200 0.100000 -0.047842
v -0.064656 -0.100000 -0.044948
v -0.064656 0.100000 -0.044948
v -0.061420 -0.100000 -0.041899
v -0.061420 0.100000 -0.041899
v -0.058492 -0.100000 -0.038694
v -0.058492 0.100000 -0.038694
v -0.055872 -0.100000 -0.035333
v -0.055872 0.100000 -0.035333
v -0.053561 -0.100000 -0.031817
v -0.053561 0.100000 -0.031817
v -0.051557 -0.100000 -0.028145
v -0.051557 0.100000 -0.028145
v -0.049862 -0.100000 -0.024318
v -0.049862 0.100000 -0.024318
v -0.048475 -0.100000 -0.020336
v -0.048475 0.100000 -0.020336
v -0.047397 -0.100000 -0.016198
v -0.047397 0.100000 -0.016198
v -0.046626 -0.100000 -0.011904
v -0.046626 0.100000 -0.011904
v -0.046164 -0.100000 -0.007455
v -0.046164 0.100000 -0.007455
v -0.046010 -0.100000 -0.002850
v -0.046010 0.100000 -0.002850
v -0.046069 -0.100000 0.000170
v -0.046069 0.100000 0.000170
v -0.046247 -0.100000 0.003393
v -0.046247 0.100000 0.003393
v -0.046544 -0.100000 0.006820
v -0.046544 0.100000 0.006820
v -0.046960 -0.100000 0.010451
v -0.046960 0.100000 0.010451
v -0.047494 -0.100000 0.014285
v -0.047494 0.100000 0.014285
v -0.048147 -0.100000 0.018322
v -0.048147 0.100000 0.018322
v -0.048919 -0.100000 0.022564
v -0.048919 0.100000 0.022564
v -0.049810 -0.100000 0.027009
v -0.049810 0.100000 0.027009
v -0.050819 -0.100000 0.031657
v -0.050819 0.100000 0.031657
v -0.051948 -0.100000 0.036509
v -0.051948 0.100000 0.036509
v -0.053195 -0.100000 0.041565
v -0.053195 0.100000 0.041565
v -0.054560 -0.100000 0.046824
v -0.054560 0.100000 0.046824
v -0.088762 -0.100000 0.180375
v -0.088762 0.100000 0.180375
v -0.089673 -0.100000 0.183824
v -0.089673 0.100000 0.183824
v -0.090504 -0.100000 0.187115
v -0.090504 0.100000 0.187115
v -0.091256 -0.100000 0.190248
v -0.091256 0.100000 0.190248
v -0.091929 -0.100000 0.193223
v -0.091929 0.100000 0.193223
v -0.092523 -0.100000 0.196039
v -0.092523 0.100000 0.196039
v -0.093037 -0.100000 0.198697
v -0.093037 0.100000 0.198697
v -0.093473 -0.100000 0.201197
v -0.093473 0.100000 0.201197
v -0.093829 -0.100000 0.203538
v -0.093829 0.100000 0.203538
v -0.094106 -0.100000 0.205721
v -0.094106 0.100000 0.205721
v -0.094304 -0.100000 0.207745
v -0.094304 0.100000 0.207745
v -0.094423 -0.100000 0.209611
v -0.094423 0.100000 0.209611
v -0.094463 -0.100000 0.211319
v -0.094463 0.100000 0.211319
v -0.094389 -0.100000 0.213335
v -0.094389 0.100000 0.213335
v -0.094168 -0.100000 0.215176
v -0.094168 0.100000 0.215176
v -0.093801 -0.100000 0.216841
v -0.093801 0.100000 0.216841
v -0.093286 -0.100000 0.218332
v -0.093286 0.100000 0.218332
v -0.092625 -0.100000 0.219646
v -0.092625 0.100000 0.219646
v -0.091816 -0.100000 0.220786
v -0.091816 0.100000 0.220786
v -0.090860 -0.100000 0.221750
v -0.090860 0.100000 0.221750
v -0.089757 -0.100000 0.222539
v -0.089757 0.100000 0.222539
v -0.088508 -0.100000 0.223152
v -0.088508 0.100000 0.223152
v -0.087111 -0.100000 0.223591
v -0.087111 0.100000 0.223591
v -0.085567 -0.100000 0.223854
v -0.085567 0.100000 0.223854
v -0.083876 -0.100000 0.223941
v -0.083876 0.100000 0.223941
v -0.082236 -0.100000 0.223810
v -0.082236 0.100000 0.223810
v -0.080438 -0.100000 0.223415
v -0.080438 0.100000 0.223415
v -0.078481 -0.100000 0.222758
v -0.078481 0.100000 0.222758
v -0.076366 -0.100000 0.221838
v -0.076366 0.100000 0.221838
v -0.074093 -0.100000 0.220654
v -0.074093 0.100000 0.220654
v -0.071661 -0.100000 0.219208
v -0.071661 0.100000 0.219208
v -0.069071 -0.100000 0.217499
v -0.069071 0.100000 0.217499
v -0.066323 -0.100000 0.215527
v -0.066323 0.100000 0.215527
v -0.063416 -0.100000 0.213291
v -0.063416 0.100000 0.213291
v -0.060351 -0.100000 0.210793
v -0.060351 0.100000 0.210793
v -0.057128 -0.100000 0.208032
v -0.057128 0.100000 0.208032
v -0.053746 -0.100000 0.205008
v -0.053746 0.100000 0.205008
v -0.050288 -0.100000 0.201673
v -0.050288 0.100000 0.201673
v -0.046835 -0.100000 0.197979
v -0.046835 0.100000 0.197979
v -0.043389 -0.100000 0.193926
v -0.043389 0.100000 0.193926
v -0.039948 -0.100000 0.189513
v -0.039948 0.100000 0.189513
v -0.036512 -0.100000 0.184742
v -0.036512 0.100000 0.184742
v -0.033082 -0.100000 0.179611
v -0.033082 0.100000 0.179611
v -0.029658 -0.100000 0.174121
v -0.029658 0.100000 0.174121
v -0.026240 -0.100000 0.168273
v -0.026240 0.100000 0.168273
v -0.022827 -0.100000 0.162065
v -0.022827 0.100000 0.162065
v -0.019420 -0.100000 0.155498
v -0.019420 0.100000 0.155498
v -0.016018 -0.100000 0.148572
v -0.016018 0.100000 0.148572
v -0.012622 -0.100000 0.141287
v -0.012622 0.100000 0.141287
v 0.012215 -0.100000 0.148616
v 0.012215 0.100000 0.148616
v 0.007844 -0.100000 0.158849
v 0.007844 0.100000 0.158849
v 0.003280 -0.100000 0.168646
v 0.003280 0.100000 0.168646
v -0.001476 -0.100000 0.178008
v -0.001476 0.100000 0.178008
v -0.006424 -0.100000 0.186935
v -0.006424 0.100000 0.186935
v -0.011565 -0.100000 0.195426
v -0.011565 0.100000 0.195426
v -0.016897 -0.100000 0.203481
v -0.016897 0.100000 0.203481
v -0.022422 -0.100000 0.211102
v -0.022422 0.100000 0.211102
v -0.028140 -0.100000 0.218286
v -0.028140 0.100000 0.218286
v -0.034049 -0.100000 0.225036
v -0.034049 0.100000 0.225036
v -0.040151 -0.100000 0.231350
v -0.040151 0.100000 0.231350
v -0.046445 -0.100000 0.237228
v -0.046445 0.100000 0.237228
v -0.052932 -0.100000 0.242671
v -0.052932 0.100000 0.242671
v -0.059525 -0.100000 0.247679
v -0.059525 0.100000 0.247679
v -0.066142 -0.100000 0.252251
v -0.066142 0.100000 0.252251
v -0.072781 -0.100000 0.256387
v -0.072781 0.100000 0.256387
v -0.079443 -0.100000 0.260089
v -0.079443 0.100000 0.260089
v -0.086127 -0.100000 0.263354
v -0.086127 0.100000 0.263354
v -0.092834 -0.100000 0.266185
v -0.092834 0.100000 0.266185
v -0.099563 -0.100000 0.268580
v -0.099563 0.100000 0.268580
v -0.106316 -0.100000 0.270539
v -0.106316 0.100000 0.270539
v -0.113090 -0.100000 0.272063
v -0.113090 0.100000 0.272063
v -0.119888 -0.100000 0.273152
v -0.119888 0.100000 0.273152
v -0.126708 -0.100000 0.273805
v -0.126708 0.100000 0.273805
v -0.133550 -0.100000 0.274023
v -0.133550 0.100000 0.274023
v -0.138690 -0.100000 0.273901
v -0.138690 0.100000 0.273901
v -0.143656 -0.100000 0.273536
v -0.143656 0.100000 0.273536
v -0.148450 -0.100000 0.272929
v -0.148450 0.100000 0.272929
v -0.153072 -0.100000 0.272077
v -0.153072 0.100000 0.272077
v -0.157521 -0.100000 0.270983
v -0.157521 0.100000 0.270983
v -0.161798 -0.100000 0.269646
v -0.161798 0.100000 0.269646
v -0.165902 -0.100000 0.268065
v -0.165902 0.100000 0.268065
v -0.169833 -0.100000 0.266241
v -0.169833 0.100000 0.266241
v -0.173593 -0.100000 0.264174
v -0.173593 0.100000 0.264174
v -0.177179 -0.100000 0.261864
v -0.177179 0.100000 0.261864
v -0.180594 -0.100000 0.259311
v -0.180594 0.100000 0.259311
v -0.183836 -0.100000 0.256515
v -0.183836 0.100000 0.256515
v -0.186860 -0.100000 0.253543
v -0.186860 0.100000 0.253543
v -0.189621 -0.100000 0.250464
v -0.189621 0.100000 0.250464
v -0.192119 -0.100000 0.247277
v -0.192119 0.100000 0.247277
v -0.194354 -0.100000 0.243983
v -0.194354 0.100000 0.243983
v -0.196326 -0.100000 0.240581
v -0.196326 0.100000 0.240581
v -0.198035 -0.100000 0.237072
v -0.198035 0.100000 0.237072
v -0.199482 -0.100000 0.233456
v -0.199482 0.100000 0.233456
v -0.200665 -0.100000 0.229732
v -0.200665 0.100000 0.229732
v -0.201585 -0.100000 0.225901
v -0.201585 0.100000 0.225901
v -0.202243 -0.100000 0.221962
v -0.202243 0.100000 0.221962
v -0.202637 -0.100000 0.217916
v -0.202637 0.100000 0.217916
v -0.202769 -0.100000 0.213762
v -0.202769 0.100000 0.213762
v -0.202695 -0.100000 0.210030
v -0.202695 0.100000 0.210030
v -0.202475 -0.100000 0.206026
v -0.202475 0.100000 0.206026
v -0.202107 -0.100000 0.201751
v -0.202107 0.100000 0.201751
v -0.201592 -0.100000 0.197204
v -0.201592 0.100000 0.197204
v -0.200931 -0.100000 0.192386
v -0.200931 0.100000 0.192386
v -0.200122 -0.100000 0.187296
v -0.200122 0.100000 0.187296
v -0.199166 -0.100000 0.181935
v -0.199166 0.100000 0.181935
v -0.198064 -0.100000 0.176303
v -0.198064 0.100000 0.176303
v -0.196814 -0.100000 0.170399
v -0.196814 0.100000 0.170399
v -0.195417 -0.100000 0.164224
v -0.195417 0.100000 0.164224
v -0.193873 -0.100000 0.157777
v -0.193873 0.100000 0.157777
v -0.192182 -0.100000 0.151059
v -0.192182 0.100000 0.151059
v -0.153094 -0.100000 0.003664
v -0.153094 0.100000 0.003664
v -0.152379 -0.100000 0.001349
v -0.152379 0.100000 0.001349
v -0.151726 -0.100000 -0.000848
v -0.151726 0.100000 -0.000848
v -0.151135 -0.100000 -0.002927
v -0.151135 0.100000 -0.002927
v -0.150606 -0.100000 -0.004886
v -0.150606 0.100000 -0.004886
v -0.150140 -0.100000 -0.006727
v -0.150140 0.100000 -0.006727
v -0.149735 -0.100000 -0.008449
v -0.149735 0.100000 -0.008449
v -0.149393 -0.100000 -0.010052
v -0.149393 0.100000 -0.010052
v -0.149113 -0.100000 -0.011536
v -0.149113 0.100000 -0.011536
v -0.148896 -0.100000 -0.012902
v -0.148896 0.100000 -0.012902
v -0.148740 -0.100000 -0.014149
v -0.148740 0.100000 -0.014149
v -0.148647 -0.100000 -0.015277
v -0.148647 0.100000 -0.015277
v -0.148616 -0.100000 -0.016287
v -0.148616 0.100000 -0.016287
v -0.148720 -0.100000 -0.018953
v -0.148720 0.100000 -0.018953
v -0.149034 -0.100000 -0.021388
v -0.149034 0.100000 -0.021388
v -0.149557 -0.100000 -0.023590
v -0.149557 0.100000 -0.023590
v -0.150290 -0.100000 -0.025561
v -0.150290 0.100000 -0.025561
v -0.151231 -0.100000 -0.027300
v -0.151231 0.100000 -0.027300
v -0.152382 -0.100000 -0.028807
v -0.152382 0.100000 -0.028807
v -0.153742 -0.100000 -0.030082
v -0.153742 0.100000 -0.030082
v -0.155311 -0.100000 -0.031126
v -0.155311 0.100000 -0.031126
v -0.157090 -0.100000 -0.031937
v -0.157090 0.100000 -0.031937
v -0.159078 -0.100000 -0.032517
v -0.159078 0.100000 -0.032517
v -0.161275 -0.100000 -0.032865
v -0.161275 0.100000 -0.032865
v -0.163681 -0.100000 -0.032980
v -0.163681 0.100000 -0.032980
v -0.168179 -0.100000 -0.032746
v -0.168179 0.100000 -0.032746
v -0.172853 -0.100000 -0.032042
v -0.172853 0.100000 -0.032042
v -0.177703 -0.100000 -0.030868
v -0.177703 0.100000 -0.030868
v -0.182727 -0.100000 -0.029225
v -0.182727 0.100000 -0.029225
v -0.187927 -0.100000 -0.027113
v -0.187927 0.100000 -0.027113
v -0.193302 -0.100000 -0.024532
v -0.193302 0.100000 -0.024532
v -0.198853 -0.100000 -0.021481
v -0.198853 0.100000 -0.021481
v -0.204578 -0.100000 -0.017961
v -0.204578 0.100000 -0.017961
v -0.210479 -0.100000 -0.013971
v -0.210479 0.100000 -0.013971
v -0.216556 -0.100000 -0.009512
v -0.216556 0.100000 -0.009512
v -0.222808 -0.100000 -0.004583
v -0.222808 0.100000 -0.004583
v -0.229235 -0.100000 0.000814
v -0.229235 0.100000 0.000814
v -0.235486 -0.100000 0.006246
v -0.235486 0.100000 0.006246
v -0.241212 -0.100000 0.011276
v -0.241212 0.100000 0.011276
v -0.246412 -0.100000 0.015905
v -0.246412 0.100000 0.015905
v -0.251086 -0.100000 0.020132
v -0.251086 0.100000 0.020132
v -0.255234 -0.100000 0.023958
v -0.255234 0.100000 0.023958
v -0.258856 -0.100000 0.027382
v -0.258856 0.100000 0.027382
v -0.261952 -0.100000 0.030405
v -0.261952 0.100000 0.030405
v -0.264522 -0.100000 0.033026
v -0.264522 0.100000 0.033026
v -0.266567 -0.100000 0.035245
v -0.266567 0.100000 0.035245
v -0.268085 -0.100000 0.037063
v -0.268085 0.100000 0.037063
v -0.269077 -0.100000 0.038480
v -0.269077 0.100000 0.038480
v -0.269544 -0.100000 0.039495
v -0.269544 0.100000 0.039495
v -0.328176 -0.100000 0.264658
v -0.328176 0.100000 0.264658
v -0.437296 -0.100000 0.264658
v -0.437296 0.100000 0.264658
v -0.302117 -0.100000 -0.256515
v -0.302117 0.100000 -0.256515
v -0.372150 -0.100000 -0.256515
v -0.372150 0.100000 -0.256515
v -0.365635 -0.100000 -0.281352
v -0.365635 0.100000 -0.281352
v -0.306189 -0.100000 -0.281352
v -0.306189 0.100000 -0.281352
v -0.300477 -0.100000 -0.281377
v -0.300477 0.100000 -0.281377
v -0.294743 -0.100000 -0.281454
v -0.294743 0.100000 -0.281454
v -0.288986 -0.100000 -0.281581
v -0.288986 0.100000 -0.281581
v -0.283207 -0.100000 -0.281759
v -0.283207 0.100000 -0.281759
v -0.277405 -0.100000 -0.281988
v -0.277405 0.100000 -0.281988
v -0.271580 -0.100000 -0.282268
v -0.271580 0.100000 -0.282268
v -0.265732 -0.100000 -0.282599
v -0.265732 0.100000 -0.282599
v -0.259862 -0.100000 -0.282980
v -0.259862 0.100000 -0.282980
v -0.253970 -0.100000 -0.283413
v -0.253970 0.100000 -0.283413
v -0.248055 -0.100000 -0.283897
v -0.248055 0.100000 -0.283897
v -0.242117 -0.100000 -0.284431
v -0.242117 0.100000 -0.284431
v -0.236156 -0.100000 -0.285016
v -0.236156 0.100000 -0.285016
v 0.165717 -0.100000 -0.157166
v 0.165717 0.100000 -0.157166
v 0.162920 -0.100000 -0.160132
v 0.162920 0.100000 -0.160132
v 0.160367 -0.100000 -0.163194
v 0.160367 0.100000 -0.163194
v 0.158057 -0.100000 -0.166353
v 0.158057 0.100000 -0.166353
v 0.155990 -0.100000 -0.169607
v 0.155990 0.100000 -0.169607
v 0.154166 -0.100000 -0.172958
v 0.154166 0.100000 -0.172958
v 0.152585 -0.100000 -0.176405
v 0.152585 0.100000 -0.176405
v 0.151248 -0.100000 -0.179948
v 0.151248 0.100000 -0.179948
v 0.150154 -0.100000 -0.183587
v 0.150154 0.100000 -0.183587
v 0.149303 -0.100000 -0.187322
v 0.149303 0.100000 -0.187322
v 0.148695 -0.100000 -0.191153
v 0.148695 0.100000 -0.191153
v 0.148330 -0.100000 -0.195081
v 0.148330 0.100000 -0.195081
v 0.148208 -0.100000 -0.199104
v 0.148208 0.100000 -0.199104
v 0.148330 -0.100000 -0.203060
v 0.148330 0.100000 -0.203060
v 0.148695 -0.100000 -0.206920
v 0.148695 0.100000 -0.206920
v 0.149303 -0.100000 -0.210683
v 0.149303 0.100000 -0.210683
v 0.150154 -0.100000 -0.214350
v 0.150154 0.100000 -0.214350
v 0.151248 -0.100000 -0.217922
v 0.151248 0.100000 -0.217922
v 0.152585 -0.100000 -0.221397
v 0.152585 0.100000 -0.221397
v 0.154166 -0.100000 -0.224775
v 0.154166 0.100000 -0.224775
v 0.155990 -0.100000 -0.228058
v 0.155990 0.100000 -0.228058
v 0.158057 -0.100000 -0.231245
v 0.158057 0.100000 -0.231245
v 0.160367 -0.100000 -0.234335
v 0.160367 0.100000 -0.234335
v 0.162920 -0.100000 -0.237330
v 0.162920 0.100000 -0.237330
v 0.165717 -0.100000 -0.240228
v 0.165717 0.100000 -0.240228
v 0.168683 -0.100000 -0.242959
v 0.168683 0.100000 -0.242959
v 0.171745 -0.100000 -0.245453
v 0.171745 0.100000 -0.245453
v 0.174903 -0.100000 -0.247710
v 0.174903 0.100000 -0.247710
v 0.178158 -0.100000 -0.249729
v 0.178158 0.100000 -0.249729
v 0.181508 -0.100000 -0.251510
v 0.181508 0.100000 -0.251510
v 0.184955 -0.100000 -0.253054
v 0.184955 0.100000 -0.253054
v 0.188498 -0.100000 -0.254360
v 0.188498 0.100000 -0.254360
v 0.192137 -0.100000 -0.255429
v 0.192137 0.100000 -0.255429
v 0.195872 -0.100000 -0.256260
v 0.195872 0.100000 -0.256260
v 0.199704 -0.100000 -0.256854
v 0.199704 0.100000 -0.256854
v 0.203631 -0.100000 -0.257210
v 0.203631 0.100000 -0.257210
v 0.207655 -0.100000 -0.257329
v 0.207655 0.100000 -0.257329
v 0.211547 -0.100000 -0.257210
v 0.211547 0.100000 -0.257210
v 0.215351 -0.100000 -0.256854
v 0.215351 0.100000 -0.256854
v 0.219068 -0.100000 -0.256260
v 0.219068 0.100000 -0.256260
v 0.222697 -0.100000 -0.255429
v 0.222697 0.100000 -0.255429
v 0.226239 -0.100000 -0.254360
v 0.226239 0.100000 -0.254360
v 0.229693 -0.100000 -0.253054
v 0.229693 0.100000 -0.253054
v 0.233059 -0.100000 -0.251510
v 0.233059 0.100000 -0.251510
v 0.236337 -0.100000 -0.249729
v 0.236337 0.100000 -0.249729
v 0.239528 -0.100000 -0.247710
v 0.239528 0.100000 -0.247710
v 0.242631 -0.100000 -0.245453
v 0.242631 0.100000 -0.245453
v 0.245647 -0.100000 -0.242959
v 0.245647 0.100000 -0.242959
v 0.248575 -0.100000 -0.240228
v 0.248575 0.100000 -0.240228
v 0.251339 -0.100000 -0.237330
v 0.251339 0.100000 -0.237330
v 0.253862 -0.100000 -0.234335
v 0.253862 0.100000 -0.234335
v 0.256146 -0.100000 -0.231245
v 0.256146 0.100000 -0.231245
v 0.258189 -0.100000 -0.228058
v 0.258189 0.100000 -0.228058
v 0.259991 -0.100000 -0.224775
v 0.259991 0.100000 -0.224775
v 0.261553 -0.100000 -0.221397
v 0.261553 0.100000 -0.221397
v 0.262875 -0.100000 -0.217922
v 0.262875 0.100000 -0.217922
v 0.263957 -0.100000 -0.214350
v 0.263957 0.100000 -0.214350
v 0.264798 -0.100000 -0.210683
v 0.264798 0.100000 -0.210683
v 0.265399 -0.100000 -0.206920
v 0.265399 0.100000 -0.206920
v 0.265759 -0.100000 -0.203060
v 0.265759 0.100000 -0.203060
v 0.265879 -0.100000 -0.199104
v 0.265879 0.100000 -0.199104
v 0.265761 -0.100000 -0.195081
v 0.265761 0.100000 -0.195081
v 0.265404 -0.100000 -0.191153
v 0.265404 0.100000 -0.191153
v 0.264811 -0.100000 -0.187322
v 0.264811 0.100000 -0.187322
v 0.263979 -0.100000 -0.183587
v 0.263979 0.100000 -0.183587
v 0.262911 -0.100000 -0.179948
v 0.262911 0.100000 -0.179948
v 0.261604 -0.100000 -0.176405
v 0.261604 0.100000 -0.176405
v 0.260060 -0.100000 -0.172958
v 0.260060 0.100000 -0.172958
v 0.258279 -0.100000 -0.169607
v 0.258279 0.100000 -0.169607
v 0.256260 -0.100000 -0.166353
v 0.256260 0.100000 -0.166353
v 0.254004 -0.100000 -0.163194
v 0.254004 0.100000 -0.163194
v 0.251510 -0.100000 -0.160132
v 0.251510 0.100000 -0.160132
v 0.248778 -0.100000 -0.157166
v 0.248778 0.100000 -0.157166
v 0.245880 -0.100000 -0.154370
v 0.245880 0.100000 -0.154370
v 0.242886 -0.100000 -0.151816
v 0.242886 0.100000 -0.151816
v 0.239795 -0.100000 -0.149506
v 0.239795 0.100000 -0.149506
v 0.236609 -0.100000 -0.147439
v 0.236609 0.100000 -0.147439
v 0.233326 -0.100000 -0.145616
v 0.233326 0.100000 -0.145616
v 0.229947 -0.100000 -0.144035
v 0.229947 0.100000 -0.144035
v 0.226472 -0.100000 -0.142698
v 0.226472 0.100000 -0.142698
v 0.222901 -0.100000 -0.141603
v 0.222901 0.100000 -0.141603
v 0.219233 -0.100000 -0.140752
v 0.219233 0.100000 -0.140752
v 0.215470 -0.100000 -0.140144
v 0.215470 0.100000 -0.140144
v 0.211610 -0.100000 -0.139780
v 0.211610 0.100000 -0.139780
v 0.207655 -0.100000 -0.139658
v 0.207655 0.100000 -0.139658
v 0.203631 -0.100000 -0.139780
v 0.203631 0.100000 -0.139780
v 0.199704 -0.100000 -0.140144
v 0.199704 0.100000 -0.140144
v 0.195872 -0.100000 -0.140752
v 0.195872 0.100000 -0.140752
v 0.192137 -0.100000 -0.141603
v 0.192137 0.100000 -0.141603
v 0.188498 -0.100000 -0.142698
v 0.188498 0.100000 -0.142698
v 0.184955 -0.100000 -0.144035
v 0.184955 0.100000 -0.144035
v 0.181508 -0.100000 -0.145616
v 0.181508 0.100000 -0.145616
v 0.178158 -0.100000 -0.147439
v 0.178158 0.100000 -0.147439
v 0.174903 -0.100000 -0.149506
v 0.174903 0.100000 -0.149506
v 0.171745 -0.100000 -0.151816
v 0.171745 0.100000 -0.151816
v 0.168683 -0.100000 -0.154370
v 0.168683 0.100000 -0.154370
v 0.226792 -0.100000 -0.063111
v 0.226792 0.100000 -0.063111
v 0.246743 -0.100000 -0.063111
v 0.246743 0.100000 -0.063111
v 0.180782 -0.100000 0.197068
v 0.180782 0.100000 0.197068
v 0.180704 -0.100000 0.197388
v 0.180704 0.100000 0.197388
v 0.180606 -0.100000 0.197804
v 0.180606 0.100000 0.197804
v 0.180489 -0.100000 0.198315
v 0.180489 0.100000 0.198315
v 0.180352 -0.100000 0.198923
v 0.180352 0.100000 0.198923
v 0.180195 -0.100000 0.199627
v 0.180195 0.100000 0.199627
v 0.180018 -0.100000 0.200428
v 0.180018 0.100000 0.200428
v 0.179822 -0.100000 0.201324
v 0.179822 0.100000 0.201324
v 0.179605 -0.100000 0.202316
v 0.179605 0.100000 0.202316
v 0.179369 -0.100000 0.203405
v 0.179369 0.100000 0.203405
v 0.179113 -0.100000 0.204590
v 0.179113 0.100000 0.204590
v 0.178838 -0.100000 0.205871
v 0.178838 0.100000 0.205871
v 0.178542 -0.100000 0.207248
v 0.178542 0.100000 0.207248
v 0.178250 -0.100000 0.208639
v 0.178250 0.100000 0.208639
v 0.177982 -0.100000 0.209962
v 0.177982 0.100000 0.209962
v 0.177741 -0.100000 0.211217
v 0.177741 0.100000 0.211217
v 0.177524 -0.100000 0.212405
v 0.177524 0.100000 0.212405
v 0.177334 -0.100000 0.213525
v 0.177334 0.100000 0.213525
v 0.177168 -0.100000 0.214577
v 0.177168 0.100000 0.214577
v 0.177028 -0.100000 0.215560
v 0.177028 0.100000 0.215560
v 0.176914 -0.100000 0.216477
v 0.176914 0.100000 0.216477
v 0.176825 -0.100000 0.217325
v 0.176825 0.100000 0.217325
v 0.176761 -0.100000 0.218105
v 0.176761 0.100000 0.218105
v 0.176723 -0.100000 0.218818
v 0.176723 0.100000 0.218818
v 0.176710 -0.100000 0.219463
v 0.176710 0.100000 0.219463
v 0.176786 -0.100000 0.221349
v 0.176786 0.100000 0.221349
v 0.177015 -0.100000 0.223070
v 0.177015 0.100000 0.223070
v 0.177397 -0.100000 0.224628
v 0.177397 0.100000 0.224628
v 0.177932 -0.100000 0.226022
v 0.177932 0.100000 0.226022
v 0.178619 -0.100000 0.227252
v 0.178619 0.100000 0.227252
v 0.179458 -0.100000 0.228318
v 0.179458 0.100000 0.228318
v 0.180451 -0.100000 0.229220
v 0.180451 0.100000 0.229220
v 0.181596 -0.100000 0.229958
v 0.181596 0.100000 0.229958
v 0.182894 -0.100000 0.230532
v 0.182894 0.100000 0.230532
v 0.184344 -0.100000 0.230942
v 0.184344 0.100000 0.230942
v 0.185948 -0.100000 0.231188
v 0.185948 0.100000 0.231188
v 0.187704 -0.100000 0.231270
v 0.187704 0.100000 0.231270
v 0.193384 -0.100000 0.230708
v 0.193384 0.100000 0.230708
v 0.199025 -0.100000 0.229020
v 0.199025 0.100000 0.229020
v 0.204626 -0.100000 0.226206
v 0.204626 0.100000 0.226206
v 0.210188 -0.100000 0.222267
v 0.210188 0.100000 0.222267
v 0.215710 -0.100000 0.217203
v 0.215710 0.100000 0.217203
v 0.221193 -0.100000 0.211014
v 0.221193 0.100000 0.211014
v 0.226636 -0.100000 0.203699
v 0.226636 0.100000 0.203699
v 0.232039 -0.100000 0.195259
v 0.232039 0.100000 0.195259
v 0.237403 -0.100000 0.185693
v 0.237403 0.100000 0.185693
v 0.242728 -0.100000 0.175002
v 0.242728 0.100000 0.175002
v 0.248012 -0.100000 0.163186
v 0.248012 0.100000 0.163186
v 0.253257 -0.100000 0.150244
v 0.253257 0.100000 0.150244
v 0.275244 -0.100000 0.166124
v 0.275244 0.100000 0.166124
v 0.268062 -0.100000 0.183358
v 0.268062 0.100000 0.183358
v 0.260224 -0.100000 0.199093
v 0.260224 0.100000 0.199093
v 0.251730 -0.100000 0.213330
v 0.251730 0.100000 0.213330
v 0.242581 -0.100000 0.226068
v 0.242581 0.100000 0.226068
v 0.232775 -0.100000 0.237307
v 0.232775 0.100000 0.237307
v 0.222313 -0.100000 0.247048
v 0.222313 0.100000 0.247048
v 0.211195 -0.100000 0.255290
v 0.211195 0.100000 0.255290
v 0.199421 -0.100000 0.262034
v 0.199421 0.100000 0.262034
v 0.186991 -0.100000 0.267279
v 0.186991 0.100000 0.267279
v 0.173905 -0.100000 0.271026
v 0.173905 0.100000 0.271026
v 0.160163 -0.100000 0.273273
v 0.160163 0.100000 0.273273
v 0.145765 -0.100000 0.274023
v 0.145765 0.100000 0.274023
v 0.133409 -0.100000 0.273644
v 0.133409 0.100000 0.273644
v 0.122127 -0.100000 0.272507
v 0.122127 0.100000 0.272507
v 0.111920 -0.100000 0.270613
v 0.111920 0.100000 0.270613
v 0.102787 -0.100000 0.267961
v 0.102787 0.100000 0.267961
v 0.094728 -0.100000 0.264551
v 0.094728 0.100000 0.264551
v 0.087744 -0.100000 0.260383
v 0.087744 0.100000 0.260383
v 0.081835 -0.100000 0.255457
v 0.081835 0.100000 0.255457
v 0.077000 -0.100000 0.249774
v 0.077000 0.100000 0.249774
v 0.073239 -0.100000 0.243333
v 0.073239 0.100000 0.243333
v 0.070553 -0.100000 0.236134
v 0.070553 0.100000 0.236134
v 0.068941 -0.100000 0.228177
v 0.068941 0.100000 0.228177
v 0.068404 -0.100000 0.219463
v 0.068404 0.100000 0.219463
v 0.068449 -0.100000 0.216748
v 0.068449 0.100000 0.216748
v 0.068585 -0.100000 0.213898
v 0.068585 0.100000 0.213898
v 0.068811 -0.100000 0.210912
v 0.068811 0.100000 0.210912
v 0.069128 -0.100000 0.207790
v 0.069128 0.100000 0.207790
v 0.069535 -0.100000 0.204533
v 0.069535 0.100000 0.204533
v 0.070033 -0.100000 0.201140
v 0.070033 0.100000 0.201140
v 0.070621 -0.100000 0.197611
v 0.070621 0.100000 0.197611
v 0.071299 -0.100000 0.193947
v 0.071299 0.100000 0.193947
v 0.072068 -0.100000 0.190147
v 0.072068 0.100000 0.190147
v 0.072928 -0.100000 0.186211
v 0.072928 0.100000 0.186211
v 0.073878 -0.100000 0.182139
v 0.073878 0.100000 0.182139
v 0.074919 -0.100000 0.177932
v 0.074919 0.100000 0.177932
v 0.129886 -0.100000 -0.032166
v 0.129886 0.100000 -0.032166
v 0.078990 -0.100000 -0.032166
v 0.078990 0.100000 -0.032166
v 0.085098 -0.100000 -0.057410
v 0.085098 0.100000 -0.057410
v 0.141694 -0.100000 -0.057410
v 0.141694 0.100000 -0.057410
v 0.146201 -0.100000 -0.057430
v 0.146201 0.100000 -0.057430
v 0.150765 -0.100000 -0.057490
v 0.150765 0.100000 -0.057490
v 0.155385 -0.100000 -0.057589
v 0.155385 0.100000 -0.057589
v 0.160062 -0.100000 -0.057727
v 0.160062 0.100000 -0.057727
v 0.164795 -0.100000 -0.057905
v 0.164795 0.100000 -0.057905
v 0.169585 -0.100000 -0.058123
v 0.169585 0.100000 -0.058123
v 0.174431 -0.100000 -0.058380
v 0.174431 0.100000 -0.058380
v 0.179334 -0.100000 -0.058677
v 0.179334 0.100000 -0.058677
v 0.184294 -0.100000 -0.059014
v 0.184294 0.100000 -0.059014
v 0.189310 -0.100000 -0.059390
v 0.189310 0.100000 -0.059390
v 0.194382 -0.100000 -0.059805
v 0.194382 0.100000 -0.059805
v 0.199511 -0.100000 -0.060261
v 0.199511 0.100000 -0.060261
v 0.518730 -0.100000 -0.057410
v 0.518730 0.100000 -0.057410
v 0.603827 -0.100000 -0.057410
v 0.603827 0.100000 -0.057410
v 0.598127 -0.100000 -0.032166
v 0.598127 0.100000 -0.032166
v 0.513029 -0.100000 -0.032166
v 0.513029 0.100000 -0.032166
v 0.456433 -0.100000 0.190147
v 0.456433 0.100000 0.190147
v 0.455848 -0.100000 0.192618
v 0.455848 0.100000 0.192618
v 0.455313 -0.100000 0.195010
v 0.455313 0.100000 0.195010
v 0.454830 -0.100000 0.197323
v 0.454830 0.100000 0.197323
v 0.454397 -0.100000 0.199557
v 0.454397 0.100000 0.199557
v 0.454016 -0.100000 0.201711
v 0.454016 0.100000 0.201711
v 0.453685 -0.100000 0.203787
v 0.453685 0.100000 0.203787
v 0.453405 -0.100000 0.205783
v 0.453405 0.100000 0.205783
v 0.453176 -0.100000 0.207700
v 0.453176 0.100000 0.207700
v 0.452998 -0.100000 0.209538
v 0.452998 0.100000 0.209538
v 0.452870 -0.100000 0.211297
v 0.452870 0.100000 0.211297
v 0.452794 -0.100000 0.212976
v 0.452794 0.100000 0.212976
v 0.452769 -0.100000 0.214577
v 0.452769 0.100000 0.214577
v 0.452885 -0.100000 0.217113
v 0.452885 0.100000 0.217113
v 0.453232 -0.100000 0.219429
v 0.453232 0.100000 0.219429
v 0.453812 -0.100000 0.221524
v 0.453812 0.100000 0.221524
v 0.454624 -0.100000 0.223398
v 0.454624 0.100000 0.223398
v 0.455667 -0.100000 0.225053
v 0.455667 0.100000 0.225053
v 0.456942 -0.100000 0.226486
v 0.456942 0.100000 0.226486
v 0.458449 -0.100000 0.227699
v 0.458449 0.100000 0.227699
v 0.460188 -0.100000 0.228692
v 0.460188 0.100000 0.228692
v 0.462159 -0.100000 0.229464
v 0.462159 0.100000 0.229464
v 0.464362 -0.100000 0.230015
v 0.464362 0.100000 0.230015
v 0.466796 -0.100000 0.230346
v 0.466796 0.100000 0.230346
v 0.469463 -0.100000 0.230456
v 0.469463 0.100000 0.230456
v 0.478680 -0.100000 0.229803
v 0.478680 0.100000 0.229803
v 0.487740 -0.100000 0.227843
v 0.487740 0.100000 0.227843
v 0.496641 -0.100000 0.224578
v 0.496641 0.100000 0.224578
v 0.505384 -0.100000 0.220005
v 0.505384 0.100000 0.220005
v 0.513968 -0.100000 0.214127
v 0.513968 0.100000 0.214127
v 0.522394 -0.100000 0.206942
v 0.522394 0.100000 0.206942
v 0.530662 -0.100000 0.198451
v 0.530662 0.100000 0.198451
v 0.538771 -0.100000 0.188654
v 0.538771 0.100000 0.188654
v 0.546722 -0.100000 0.177550
v 0.546722 0.100000 0.177550
v 0.554515 -0.100000 0.165140
v 0.554515 0.100000 0.165140
v 0.562149 -0.100000 0.151423
v 0.562149 0.100000 0.151423
v 0.569625 -0.100000 0.136401
v 0.569625 0.100000 0.136401
v 0.594463 -0.100000 0.144544
v 0.594463 0.100000 0.144544
v 0.585513 -0.100000 0.164379
v 0.585513 0.100000 0.164379
v 0.575767 -0.100000 0.182490
v 0.575767 0.100000 0.182490
v 0.565223 -0.100000 0.198875
v 0.565223 0.100000 0.198875
v 0.553882 -0.100000 0.213536
v 0.553882 0.100000 0.213536
v 0.541743 -0.100000 0.226472
v 0.541743 0.100000 0.226472
v 0.528807 -0.100000 0.237683
v 0.528807 0.100000 0.237683
v 0.515074 -0.100000 0.247170
v 0.515074 0.100000 0.247170
v 0.500543 -0.100000 0.254931
v 0.500543 0.100000 0.254931
v 0.485215 -0.100000 0.260968
v 0.485215 0.100000 0.260968
v 0.469089 -0.100000 0.265280
v 0.469089 0.100000 0.265280
v 0.452166 -0.100000 0.267867
v 0.452166 0.100000 0.267867
v 0.434446 -0.100000 0.268730
v 0.434446 0.100000 0.268730
v 0.427913 -0.100000 0.268592
v 0.427913 0.100000 0.268592
v 0.421615 -0.100000 0.268181
v 0.421615 0.100000 0.268181
v 0.415551 -0.100000 0.267495
v 0.415551 0.100000 0.267495
v 0.409722 -0.100000 0.266535
v 0.409722 0.100000 0.266535
v 0.404128 -0.100000 0.265301
v 0.404128 0.100000 0.265301
v 0.398768 -0.100000 0.263793
v 0.398768 0.100000 0.263793
v 0.393643 -0.100000 0.262010
v 0.393643 0.100000 0.262010
v 0.388753 -0.100000 0.259953
v 0.388753 0.100000 0.259953
v 0.384098 -0.100000 0.257622
v 0.384098 0.100000 0.257622
v 0.379677 -0.100000 0.255016
v 0.379677 0.100000 0.255016
v 0.375491 -0.100000 0.252136
v 0.375491 0.100000 0.252136
v 0.371539 -0.100000 0.248982
v 0.371539 0.100000 0.248982
v 0.367865 -0.100000 0.245650
v 0.367865 0.100000 0.245650
v 0.364510 -0.100000 0.242236
v 0.364510 0.100000 0.242236
v 0.361474 -0.100000 0.238739
v 0.361474 0.100000 0.238739
v 0.358759 -0.100000 0.235161
v 0.358759 0.100000 0.235161
v 0.356362 -0.100000 0.231501
v 0.356362 0.100000 0.231501
v 0.354285 -0.100000 0.227759
v 0.354285 0.100000 0.227759
v 0.352528 -0.100000 0.223934
v 0.352528 0.100000 0.223934
v 0.351090 -0.100000 0.220028
v 0.351090 0.100000 0.220028
v 0.349972 -0.100000 0.216040
v 0.349972 0.100000 0.216040
v 0.349173 -0.100000 0.211970
v 0.349173 0.100000 0.211970
v 0.348694 -0.100000 0.207817
v 0.348694 0.100000 0.207817
v 0.348534 -0.100000 0.203583
v 0.348534 0.100000 0.203583
v 0.348543 -0.100000 0.201699
v 0.348543 0.100000 0.201699
v 0.348568 -0.100000 0.199845
v 0.348568 0.100000 0.199845
v 0.348611 -0.100000 0.198023
v 0.348611 0.100000 0.198023
v 0.348670 -0.100000 0.196231
v 0.348670 0.100000 0.196231
v 0.348746 -0.100000 0.194471
v 0.348746 0.100000 0.194471
v 0.348840 -0.100000 0.192742
v 0.348840 0.100000 0.192742
v 0.348950 -0.100000 0.191044
v 0.348950 0.100000 0.191044
v 0.349077 -0.100000 0.189377
v 0.349077 0.100000 0.189377
v 0.349221 -0.100000 0.187742
v 0.349221 0.100000 0.187742
v 0.349382 -0.100000 0.186137
v 0.349382 0.100000 0.186137
v 0.349561 -0.100000 0.184564
v 0.349561 0.100000 0.184564
v 0.349756 -0.100000 0.183021
v 0.349756 0.100000 0.183021
v 0.350021 -0.100000 0.181272
v 0.350021 0.100000 0.181272
v 0.350412 -0.100000 0.179080
v 0.350412 0.100000 0.179080
v 0.350926 -0.100000 0.176443
v 0.350926 0.100000 0.176443
v 0.351565 -0.100000 0.173362
v 0.351565 0.100000 0.173362
v 0.352329 -0.100000 0.169838
v 0.352329 0.100000 0.169838
v 0.353217 -0.100000 0.165869
v 0.353217 0.100000 0.165869
v 0.354229 -0.100000 0.161457
v 0.354229 0.100000 0.161457
v 0.355365 -0.100000 0.156601
v 0.355365 0.100000 0.156601
v 0.356627 -0.100000 0.151300
v 0.356627 0.100000 0.151300
v 0.358012 -0.100000 0.145556
v 0.358012 0.100000 0.145556
v 0.359522 -0.100000 0.139368
v 0.359522 0.100000 0.139368
v 0.361156 -0.100000 0.132736
v 0.361156 0.100000 0.132736
v 0.401873 -0.100000 -0.032166
v 0.401873 0.100000 -0.032166
v 0.343648 -0.100000 -0.032166
v 0.343648 0.100000 -0.032166
v 0.350163 -0.100000 -0.057410
v 0.350163 0.100000 -0.057410
v 0.408795 -0.100000 -0.057410
v 0.408795 0.100000 -0.057410
v 0.431189 -0.100000 -0.142101
v 0.431189 0.100000 -0.142101
v 0.542752 -0.100000 -0.153094
v 0.542752 0.100000 -0.153094
v 0.658795 -0.100000 0.254072
v 0.658795 0.100000 0.254072
v 0.655738 -0.100000 0.250698
v 0.655738 0.100000 0.250698
v 0.652947 -0.100000 0.247229
v 0.652947 0.100000 0.247229
v 0.650422 -0.100000 0.243663
v 0.650422 0.100000 0.243663
v 0.648163 -0.100000 0.240002
v 0.648163 0.100000 0.240002
v 0.646170 -0.100000 0.236244
v 0.646170 0.100000 0.236244
v 0.644442 -0.100000 0.232390
v 0.644442 0.100000 0.232390
v 0.642980 -0.100000 0.228440
v 0.642980 0.100000 0.228440
v 0.641784 -0.100000 0.224394
v 0.641784 0.100000 0.224394
v 0.640854 -0.100000 0.220251
v 0.640854 0.100000 0.220251
v 0.640190 -0.100000 0.216013
v 0.640190 0.100000 0.216013
v 0.639791 -0.100000 0.211678
v 0.639791 0.100000 0.211678
v 0.639658 -0.100000 0.207248
v 0.639658 0.100000 0.207248
v 0.639789 -0.100000 0.202958
v 0.639789 0.100000 0.202958
v 0.640184 -0.100000 0.198776
v 0.640184 0.100000 0.198776
v 0.640841 -0.100000 0.194702
v 0.640841 0.100000 0.194702
v 0.641762 -0.100000 0.190735
v 0.641762 0.100000 0.190735
v 0.642945 -0.100000 0.186875
v 0.642945 0.100000 0.186875
v 0.644391 -0.100000 0.183123
v 0.644391 0.100000 0.183123
v 0.646101 -0.100000 0.179478
v 0.646101 0.100000 0.179478
v 0.648073 -0.100000 0.175941
v 0.648073 0.100000 0.175941
v 0.650308 -0.100000 0.172511
v 0.650308 0.100000 0.172511
v 0.652806 -0.100000 0.169189
v 0.652806 0.100000 0.169189
v 0.655567 -0.100000 0.165974
v 0.655567 0.100000 0.165974
v 0.658591 -0.100000 0.162866
v 0.658591 0.100000 0.162866
v 0.661799 -0.100000 0.159940
v 0.661799 0.100000 0.159940
v 0.665112 -0.100000 0.157268
v 0.665112 0.100000 0.157268
v 0.668529 -0.100000 0.154850
v 0.668529 0.100000 0.154850
v 0.672050 -0.100000 0.152687
v 0.672050 0.100000 0.152687
v 0.675677 -0.100000 0.150779
v 0.675677 0.100000 0.150779
v 0.679408 -0.100000 0.149125
v 0.679408 0.100000 0.149125
v 0.683243 -0.100000 0.147725
v 0.683243 0.100000 0.147725
v 0.687183 -0.100000 0.146580
v 0.687183 0.100000 0.146580
v 0.691228 -0.100000 0.145689
v 0.691228 0.100000 0.145689
v 0.695378 -0.100000 0.145053
v 0.695378 0.100000 0.145053
v 0.699632 -0.100000 0.144671
v 0.699632 0.100000 0.144671
v 0.703990 -0.100000 0.144544
v 0.703990 0.100000 0.144544
v 0.708352 -0.100000 0.144673
v 0.708352 0.100000 0.144673
v 0.712614 -0.100000 0.145059
v 0.712614 0.100000 0.145059
v 0.716778 -0.100000 0.145702
v 0.716778 0.100000 0.145702
v 0.720842 -0.100000 0.146602
v 0.720842 0.100000 0.146602
v 0.724808 -0.100000 0.147760
v 0.724808 0.100000 0.147760
v 0.728675 -0.100000 0.149175
v 0.728675 0.100000 0.149175
v 0.732442 -0.100000 0.150848
v 0.732442 0.100000 0.150848
v 0.736111 -0.100000 0.152778
v 0.736111 0.100000 0.152778
v 0.739681 -0.100000 0.154965
v 0.739681 0.100000 0.154965
v 0.743152 -0.100000 0.157409
v 0.743152 0.100000 0.157409
v 0.746524 -0.100000 0.160111
v 0.746524 0.100000 0.160111
v 0.749796 -0.100000 0.163070
v 0.749796 0.100000 0.163070
v 0.752885 -0.100000 0.166213
v 0.752885 0.100000 0.166213
v 0.755706 -0.100000 0.169466
v 0.755706 0.100000 0.169466
v 0.758258 -0.100000 0.172829
v 0.758258 0.100000 0.172829
v 0.760541 -0.100000 0.176303
v 0.760541 0.100000 0.176303
v 0.762556 -0.100000 0.179887
v 0.762556 0.100000 0.179887
v 0.764302 -0.100000 0.183581
v 0.764302 0.100000 0.183581
v 0.765779 -0.100000 0.187385
v 0.765779 0.100000 0.187385
v 0.766988 -0.100000 0.191300
v 0.766988 0.100000 0.191300
v 0.767928 -0.100000 0.195325
v 0.767928 0.100000 0.195325
v 0.768600 -0.100000 0.199461
v 0.768600 0.100000 0.199461
v 0.769002 -0.100000 0.203706
v 0.769002 0.100000 0.203706
v 0.769137 -0.100000 0.208062
v 0.769137 0.100000 0.208062
v 0.769000 -0.100000 0.212553
v 0.769000 0.100000 0.212553
v 0.768588 -0.100000 0.216935
v 0.768588 0.100000 0.216935
v 0.767903 -0.100000 0.221206
v 0.767903 0.100000 0.221206
v 0.766943 -0.100000 0.225366
v 0.766943 0.100000 0.225366
v 0.765708 -0.100000 0.229417
v 0.765708 0.100000 0.229417
v 0.764200 -0.100000 0.233357
v 0.764200 0.100000 0.233357
v 0.762417 -0.100000 0.237187
v 0.762417 0.100000 0.237187
v 0.760360 -0.100000 0.240907
v 0.760360 0.100000 0.240907
v 0.758029 -0.100000 0.244516
v 0.758029 0.100000 0.244516
v 0.755423 -0.100000 0.248015
v 0.755423 0.100000 0.248015
v 0.752543 -0.100000 0.251404
v 0.752543 0.100000 0.251404
v 0.749389 -0.100000 0.254682
v 0.749389 0.100000 0.254682
v 0.746063 -0.100000 0.257771
v 0.746063 0.100000 0.257771
v 0.742665 -0.100000 0.260592
v 0.742665 0.100000 0.260592
v 0.739197 -0.100000 0.263144
v 0.739197 0.100000 0.263144
v 0.735659 -0.100000 0.265427
v 0.735659 0.100000 0.265427
v 0.732049 -0.100000 0.267442
v 0.732049 0.100000 0.267442
v 0.728369 -0.100000 0.269188
v 0.728369 0.100000 0.269188
v 0.724619 -0.100000 0.270665
v 0.724619 0.100000 0.270665
v 0.720797 -0.100000 0.271874
v 0.720797 0.100000 0.271874
v 0.716905 -0.100000 0.272814
v 0.716905 0.100000 0.272814
v 0.712942 -0.100000 0.273486
v 0.712942 0.100000 0.273486
v 0.708909 -0.100000 0.273888
v 0.708909 0.100000 0.273888
v 0.704805 -0.100000 0.274023
v 0.704805 0.100000 0.274023
v 0.700379 -0.100000 0.273884
v 0.700379 0.100000 0.273884
v 0.696062 -0.100000 0.273469
v 0.696062 0.100000 0.273469
v 0.691852 -0.100000 0.272776
v 0.691852 0.100000 0.272776
v 0.687749 -0.100000 0.271806
v 0.687749 0.100000 0.271806
v 0.683753 -0.100000 0.270559
v 0.683753 0.100000 0.270559
v 0.679866 -0.100000 0.269035
v 0.679866 0.100000 0.269035
v 0.676085 -0.100000 0.267234
v 0.676085 0.100000 0.267234
v 0.672412 -0.100000 0.265156
v 0.672412 0.100000 0.265156
v 0.668847 -0.100000 0.262800
v 0.668847 0.100000 0.262800
v 0.665389 -0.100000 0.260168
v 0.665389 0.100000 0.260168
v 0.662038 -0.100000 0.257258
v 0.662038 0.100000 0.257258
vn -0.0000 1.0000 -0.0000
vn 0.0001 1.0000 -0.0000
vn -0.0001 1.0000 -0.0000
vn -0.0000 -1.0000 -0.0000
vn 0.0001 -1.0000 -0.0000
vn -0.0001 -1.0000 -0.0000
vn -0.4140 -0.0000 0.9103
vn -0.4446 -0.0000 0.8957
vn -0.4991 -0.0000 0.8666
vn -0.5584 -0.0000 0.8296
vn -0.6220 -0.0000 0.7830
vn -0.6889 -0.0000 0.7248
vn -0.7570 -0.0000 0.6534
vn -0.8231 -0.0000 0.5679
vn -0.8834 -0.0000 0.4686
vn -0.9338 -0.0000 0.3577
vn -0.9710 -0.0000 0.2393
vn -0.9929 -0.0000 0.1186
vn -0.9999 -0.0000 0.0104
vn -0.9970 -0.0000 -0.0768
vn -0.9876 -0.0000 -0.1567
vn -0.9710 -0.0000 -0.2391
vn -0.9466 -0.0000 -0.3223
vn -0.9147 -0.0000 -0.4042
vn -0.8756 -0.0000 -0.4830
vn -0.8305 -0.0000 -0.5569
vn -0.7808 -0.0000 -0.6247
vn -0.7281 -0.0000 -0.6855
vn -0.6738 -0.0000 -0.7390
vn -0.6193 -0.0000 -0.7852
vn -0.5639 -0.0000 -0.8258
vn -0.5059 -0.0000 -0.8626
vn -0.4469 -0.0000 -0.8946
vn -0.3895 -0.0000 -0.9210
vn -0.3345 -0.0000 -0.9424
vn -0.2822 -0.0000 -0.9594
vn -0.2329 -0.0000 -0.9725
vn -0.1867 -0.0000 -0.9824
vn -0.1436 -0.0000 -0.9896
vn -0.1036 -0.0000 -0.9946
vn -0.0665 -0.0000 -0.9978
vn -0.0321 -0.0000 -0.9995
vn -0.0012 -0.0000 -1.0000
vn 0.0272 -0.0000 -0.9996
vn 0.0562 -0.0000 -0.9984
vn 0.0876 -0.0000 -0.9962
vn 0.1215 -0.0000 -0.9926
vn 0.1580 -0.0000 -0.9874
vn 0.1974 -0.0000 -0.9803
vn 0.2397 -0.0000 -0.9708
vn 0.2851 -0.0000 -0.9585
vn 0.3335 -0.0000 -0.9427
vn 0.3848 -0.0000 -0.9230
vn 0.4387 -0.0000 -0.8986
vn 0.4930 -0.0000 -0.8701
vn 0.5460 -0.0000 -0.8378
vn 0.6002 -0.0000 -0.7999
vn 0.6567 -0.0000 -0.7542
vn 0.7145 -0.0000 -0.6996
vn 0.7721 -0.0000 -0.6356
vn 0.8273 -0.0000 -0.5618
vn 0.8779 -0.0000 -0.4789
vn 0.9216 -0.0000 -0.3882
vn 0.9564 -0.0000 -0.2921
vn 0.9811 -0.0000 -0.1935
vn 0.9954 -0.0000 -0.0954
vn 1.0000 -0.0000 -0.0058
vn 0.9974 -0.0000 0.0717
vn 0.9894 -0.0000 0.1454
vn 0.9754 -0.0000 0.2203
vn 0.9554 -0.0000 0.2953
vn 0.9295 -0.0000 0.3689
vn 0.8981 -0.0000 0.4397
vn 0.8621 -0.0000 0.5067
vn 0.8224 -0.0000 0.5689
vn 0.7800 -0.0000 0.6258
vn 0.7360 -0.0000 0.6770
vn 0.6913 -0.0000 0.7226
vn 0.6469 -0.0000 0.7626
vn 0.6018 -0.0000 0.7986
vn 0.5541 -0.0000 0.8324
vn 0.5034 -0.0000 0.8640
vn 0.4501 -0.0000 0.8930
vn 0.3947 -0.0000 0.9188
vn 0.3378 -0.0000 0.9412
vn 0.2800 -0.0000 0.9600
vn 0.2221 -0.0000 0.9750
vn 0.1646 -0.0000 0.9864
vn 0.1081 -0.0000 0.9941
vn 0.0532 -0.0000 0.9986
vn 0.0001 -0.0000 1.0000
vn -0.0531 -0.0000 0.9986
vn -0.1083 -0.0000 0.9941
vn -0.1656 -0.0000 0.9862
vn -0.2245 -0.0000 0.9745
vn -0.2845 -0.0000 0.9587
vn -0.3447 -0.0000 0.9387
vn -0.4045 -0.0000 0.9145
vn -0.4631 -0.0000 0.8863
vn -0.5197 -0.0000 0.8544
vn -0.5736 -0.0000 0.8191
vn -0.6243 -0.0000 0.7812
vn -0.6730 -0.0000 0.7396
vn -0.7219 -0.0000 0.6920
vn -0.7700 -0.0000 0.6381
vn -0.8150 -0.0000 0.5794
vn -0.8561 -0.0000 0.5169
vn -0.8924 -0.0000 0.4513
vn -0.9234 -0.0000 0.3839
vn -0.9488 -0.0000 0.3159
vn -0.9687 -0.0000 0.2483
vn -0.9832 -0.0000 0.1823
vn -0.9983 -0.0000 0.0578
vn -1.0000 -0.0000 0.0084
vn -0.9997 -0.0000 -0.0227
vn -0.9990 -0.0000 -0.0449
vn -0.9978 -0.0000 -0.0664
vn -0.9962 -0.0000 -0.0873
vn -0.9942 -0.0000 -0.1075
vn -0.9919 -0.0000 -0.1271
vn -0.9893 -0.0000 -0.1460
vn -0.9864 -0.0000 -0.1643
vn -0.9833 -0.0000 -0.1820
vn -0.9800 -0.0000 -0.1991
vn -0.9765 -0.0000 -0.2156
vn -0.9742 -0.0000 -0.2259
vn -0.9746 -0.0000 -0.2242
vn -0.9764 -0.0000 -0.2159
vn -0.9784 -0.0000 -0.2065
vn -0.9806 -0.0000 -0.1959
vn -0.9830 -0.0000 -0.1838
vn -0.9855 -0.0000 -0.1696
vn -0.9882 -0.0000 -0.1531
vn -0.9911 -0.0000 -0.1334
vn -0.9940 -0.0000 -0.1098
vn -0.9967 -0.0000 -0.0808
vn -0.9990 -0.0000 -0.0446
vn -0.9992 -0.0000 0.0406
vn -0.9759 -0.0000 0.2181
vn -0.8996 -0.0000 0.4367
vn -0.7790 -0.0000 0.6271
vn -0.6386 -0.0000 0.7696
vn -0.5025 -0.0000 0.8646
vn -0.3834 -0.0000 0.9236
vn -0.2843 -0.0000 0.9587
vn -0.2033 -0.0000 0.9791
vn -0.1373 -0.0000 0.9905
vn -0.0831 -0.0000 0.9965
vn -0.0383 -0.0000 0.9993
vn 0.0037 -0.0000 1.0000
vn 0.0540 -0.0000 0.9985
vn 0.1169 -0.0000 0.9931
vn 0.1920 -0.0000 0.9814
vn 0.2811 -0.0000 0.9597
vn 0.3857 -0.0000 0.9226
vn 0.5047 -0.0000 0.8633
vn 0.6328 -0.0000 0.7743
vn 0.7588 -0.0000 0.6513
vn 0.8672 -0.0000 0.4979
vn 0.9449 -0.0000 0.3272
vn 0.9875 -0.0000 0.1573
vn 0.9999 -0.0000 0.0162
vn 0.9964 -0.0000 -0.0845
vn 0.9859 -0.0000 -0.1675
vn 0.9689 -0.0000 -0.2473
vn 0.9465 -0.0000 -0.3226
vn 0.9198 -0.0000 -0.3924
vn 0.8898 -0.0000 -0.4563
vn 0.8578 -0.0000 -0.5140
vn 0.8247 -0.0000 -0.5656
vn 0.7912 -0.0000 -0.6115
vn 0.7581 -0.0000 -0.6521
vn 0.7259 -0.0000 -0.6878
vn 0.6862 -0.0000 -0.7274
vn 0.6364 -0.0000 -0.7714
vn 0.5911 -0.0000 -0.8066
vn 0.5570 -0.0000 -0.8305
vn 0.5305 -0.0000 -0.8477
vn 0.5094 -0.0000 -0.8605
vn 0.4922 -0.0000 -0.8705
vn 0.4779 -0.0000 -0.8784
vn 0.4659 -0.0000 -0.8848
vn 0.4557 -0.0000 -0.8901
vn 0.4468 -0.0000 -0.8946
vn 0.4392 -0.0000 -0.8984
vn 0.4388 -0.0000 -0.8986
vn 0.4525 -0.0000 -0.8918
vn 0.4739 -0.0000 -0.8806
vn 0.4970 -0.0000 -0.8677
vn 0.5219 -0.0000 -0.8530
vn 0.5485 -0.0000 -0.8361
vn 0.5772 -0.0000 -0.8166
vn 0.6079 -0.0000 -0.7940
vn 0.6408 -0.0000 -0.7677
vn 0.6756 -0.0000 -0.7372
vn 0.7125 -0.0000 -0.7017
vn 0.7509 -0.0000 -0.6604
vn 0.7876 -0.0000 -0.6162
vn 0.8190 -0.0000 -0.5738
vn 0.8470 -0.0000 -0.5316
vn 0.8737 -0.0000 -0.4865
vn 0.8987 -0.0000 -0.4386
vn 0.9216 -0.0000 -0.3881
vn 0.9421 -0.0000 -0.3354
vn 0.9597 -0.0000 -0.2809
vn 0.9743 -0.0000 -0.2252
vn 0.9857 -0.0000 -0.1687
vn 0.9937 -0.0000 -0.1119
vn 0.9985 -0.0000 -0.0556
vn 1.0000 -0.0000 0.0066
vn 0.9965 -0.0000 0.0832
vn 0.9856 -0.0000 0.1692
vn 0.9665 -0.0000 0.2567
vn 0.9391 -0.0000 0.3437
vn 0.9038 -0.0000 0.4279
vn 0.8618 -0.0000 0.5073
vn 0.8143 -0.0000 0.5804
vn 0.7632 -0.0000 0.6461
vn 0.7101 -0.0000 0.7041
vn 0.6566 -0.0000 0.7543
vn 0.6038 -0.0000 0.7971
vn 0.5524 -0.0000 0.8336
vn 0.5013 -0.0000 0.8653
vn 0.4498 -0.0000 0.8931
vn 0.3983 -0.0000 0.9173
vn 0.3473 -0.0000 0.9377
vn 0.2975 -0.0000 0.9547
vn 0.2490 -0.0000 0.9685
vn 0.2023 -0.0000 0.9793
vn 0.1576 -0.0000 0.9875
vn 0.1150 -0.0000 0.9934
vn 0.0745 -0.0000 0.9972
vn 0.0363 -0.0000 0.9993
vn 0.0012 -0.0000 1.0000
vn -0.0315 -0.0000 0.9995
vn -0.0649 -0.0000 0.9979
vn -0.1003 -0.0000 0.9950
vn -0.1379 -0.0000 0.9904
vn -0.1777 -0.0000 0.9841
vn -0.2197 -0.0000 0.9756
vn -0.2638 -0.0000 0.9646
vn -0.3099 -0.0000 0.9508
vn -0.3577 -0.0000 0.9338
vn -0.4070 -0.0000 0.9134
vn -0.4572 -0.0000 0.8893
vn -0.5071 -0.0000 0.8619
vn -0.5566 -0.0000 0.8308
vn -0.6079 -0.0000 0.7941
vn -0.6616 -0.0000 0.7499
vn -0.7168 -0.0000 0.6973
vn -0.7723 -0.0000 0.6353
vn -0.8260 -0.0000 0.5637
vn -0.8759 -0.0000 0.4826
vn -0.9195 -0.0000 0.3931
vn -0.9548 -0.0000 0.2973
vn -0.9802 -0.0000 0.1979
vn -0.9952 -0.0000 0.0980
vn -1.0000 -0.0000 0.0070
vn -0.9976 -0.0000 -0.0698
vn -0.9899 -0.0000 -0.1417
vn -0.9766 -0.0000 -0.2150
vn -0.9575 -0.0000 -0.2885
vn -0.9326 -0.0000 -0.3609
vn -0.9024 -0.0000 -0.4309
vn -0.8675 -0.0000 -0.4975
vn -0.8288 -0.0000 -0.5596
vn -0.7872 -0.0000 -0.6167
vn -0.7439 -0.0000 -0.6683
vn -0.6996 -0.0000 -0.7145
vn -0.6552 -0.0000 -0.7554
vn -0.6098 -0.0000 -0.7926
vn -0.5613 -0.0000 -0.8276
vn -0.5098 -0.0000 -0.8603
vn -0.4556 -0.0000 -0.8902
vn -0.3992 -0.0000 -0.9169
vn -0.3414 -0.0000 -0.9399
vn -0.2828 -0.0000 -0.9592
vn -0.2240 -0.0000 -0.9746
vn -0.1659 -0.0000 -0.9861
vn -0.1089 -0.0000 -0.9941
vn -0.0535 -0.0000 -0.9986
vn -0.0009 -0.0000 -1.0000
vn 0.0503 -0.0000 -0.9987
vn 0.1036 -0.0000 -0.9946
vn 0.1600 -0.0000 -0.9871
vn 0.2193 -0.0000 -0.9757
vn 0.2810 -0.0000 -0.9597
vn 0.3444 -0.0000 -0.9388
vn 0.4087 -0.0000 -0.9127
vn 0.4728 -0.0000 -0.8812
vn 0.5358 -0.0000 -0.8444
vn 0.5964 -0.0000 -0.8027
vn 0.6538 -0.0000 -0.7567
vn 0.7009 -0.0000 -0.7133
vn 0.7336 -0.0000 -0.6795
vn 0.7605 -0.0000 -0.6493
vn 0.7878 -0.0000 -0.6160
vn 0.8152 -0.0000 -0.5792
vn 0.8423 -0.0000 -0.5390
vn 0.8688 -0.0000 -0.4951
vn 0.8943 -0.0000 -0.4474
vn 0.9182 -0.0000 -0.3961
vn 0.9400 -0.0000 -0.3412
vn 0.9591 -0.0000 -0.2831
vn 0.9750 -0.0000 -0.2222
vn 0.9947 -0.0000 -0.1024
vn 0.9996 -0.0000 -0.0270
vn 0.9984 -0.0000 -0.0565
vn 0.9960 -0.0000 -0.0892
vn 0.9921 -0.0000 -0.1254
vn 0.9862 -0.0000 -0.1657
vn 0.9776 -0.0000 -0.2105
vn 0.9656 -0.0000 -0.2602
vn 0.9490 -0.0000 -0.3153
vn 0.9266 -0.0000 -0.3760
vn 0.8969 -0.0000 -0.4422
vn 0.8582 -0.0000 -0.5134
vn 0.8088 -0.0000 -0.5880
vn 0.7495 -0.0000 -0.6620
vn 0.6824 -0.0000 -0.7309
vn 0.6095 -0.0000 -0.7928
vn 0.5330 -0.0000 -0.8461
vn 0.4552 -0.0000 -0.8904
vn 0.3783 -0.0000 -0.9257
vn 0.3040 -0.0000 -0.9527
vn 0.2335 -0.0000 -0.9724
vn 0.1677 -0.0000 -0.9858
vn 0.1070 -0.0000 -0.9943
vn 0.0513 -0.0000 -0.9987
vn 0.0054 -0.0000 -1.0000
vn -0.0285 -0.0000 -0.9996
vn -0.0583 -0.0000 -0.9983
vn -0.0896 -0.0000 -0.9960
vn -0.1225 -0.0000 -0.9925
vn -0.1568 -0.0000 -0.9876
vn -0.1927 -0.0000 -0.9813
vn -0.2300 -0.0000 -0.9732
vn -0.2687 -0.0000 -0.9632
vn -0.3086 -0.0000 -0.9512
vn -0.3495 -0.0000 -0.9369
vn -0.3913 -0.0000 -0.9203
vn -0.4369 -0.0000 -0.8995
vn -0.4905 -0.0000 -0.8714
vn -0.5508 -0.0000 -0.8347
vn -0.6142 -0.0000 -0.7892
vn -0.6795 -0.0000 -0.7336
vn -0.7449 -0.0000 -0.6672
vn -0.8077 -0.0000 -0.5896
vn -0.8650 -0.0000 -0.5017
vn -0.9142 -0.0000 -0.4053
vn -0.9528 -0.0000 -0.3035
vn -0.9798 -0.0000 -0.1999
vn -0.9952 -0.0000 -0.0980
vn -0.9998 -0.0000 0.0220
vn -0.9836 -0.0000 0.1805
vn -0.9383 -0.0000 0.3459
vn -0.8741 -0.0000 0.4858
vn -0.8019 -0.0000 0.5974
vn -0.7300 -0.0000 0.6834
vn -0.6630 -0.0000 0.7487
vn -0.6026 -0.0000 0.7980
vn -0.5494 -0.0000 0.8356
vn -0.5027 -0.0000 0.8644
vn -0.4620 -0.0000 0.8869
vn -0.4263 -0.0000 0.9046
vn -0.0475 -0.0000 -0.9989
vn 0.7914 -0.0000 -0.6113
vn 0.9651 -0.0000 -0.2619
vn 0.0039 -0.0000 -1.0000
vn -0.6833 -0.0000 -0.7302
vn -0.6439 -0.0000 -0.7651
vn -0.5996 -0.0000 -0.8003
vn -0.5502 -0.0000 -0.8350
vn -0.4956 -0.0000 -0.8686
vn -0.4356 -0.0000 -0.9001
vn -0.3707 -0.0000 -0.9287
vn -0.3014 -0.0000 -0.9535
vn -0.2286 -0.0000 -0.9735
vn -0.1532 -0.0000 -0.9882
vn -0.0766 -0.0000 -0.9971
vn -0.0093 -0.0000 -1.0000
vn 0.0400 -0.0000 -0.9992
vn 0.0823 -0.0000 -0.9966
vn 0.1272 -0.0000 -0.9919
vn 0.1746 -0.0000 -0.9846
vn 0.2244 -0.0000 -0.9745
vn 0.2764 -0.0000 -0.9611
vn 0.3301 -0.0000 -0.9439
vn 0.3852 -0.0000 -0.9228
vn 0.4411 -0.0000 -0.8975
vn 0.4970 -0.0000 -0.8678
vn 0.5522 -0.0000 -0.8337
vn 0.6062 -0.0000 -0.7953
vn 0.6596 -0.0000 -0.7517
vn 0.7126 -0.0000 -0.7016
vn 0.7641 -0.0000 -0.6451
vn 0.8128 -0.0000 -0.5825
vn 0.8574 -0.0000 -0.5146
vn 0.8968 -0.0000 -0.4424
vn 0.9301 -0.0000 -0.3672
vn 0.9568 -0.0000 -0.2908
vn 0.9767 -0.0000 -0.2146
vn 0.9901 -0.0000 -0.1401
vn 0.9977 -0.0000 -0.0684
vn 1.0000 -0.0000 -0.0069
vn 0.9993 -0.0000 0.0374
vn 0.9975 -0.0000 0.0708
vn 0.9950 -0.0000 0.1000
vn 0.9920 -0.0000 0.1259
vn 0.9889 -0.0000 0.1489
vn 0.9856 -0.0000 0.1694
vn 0.9822 -0.0000 0.1878
vn 0.9789 -0.0000 0.2043
vn 0.9756 -0.0000 0.2193
vn 0.9725 -0.0000 0.2330
vn 0.9694 -0.0000 0.2454
vn 0.9683 -0.0000 0.2497
vn 0.9678 -0.0000 0.2516
vn 0.9682 -0.0000 0.2500
vn 0.9710 -0.0000 0.2392
vn 0.9739 -0.0000 0.2271
vn 0.9769 -0.0000 0.2135
vn 0.9802 -0.0000 0.1982
vn 0.9835 -0.0000 0.1809
vn 0.9869 -0.0000 0.1610
vn 0.9904 -0.0000 0.1382
vn 0.9937 -0.0000 0.1116
vn 0.9968 -0.0000 0.0804
vn 0.9991 -0.0000 0.0433
vn 1.0000 -0.0000 -0.0066
vn 0.9970 -0.0000 -0.0778
vn 0.9859 -0.0000 -0.1674
vn 0.9625 -0.0000 -0.2714
vn 0.9213 -0.0000 -0.3888
vn 0.8568 -0.0000 -0.5156
vn 0.7654 -0.0000 -0.6435
vn 0.6483 -0.0000 -0.7614
vn 0.5130 -0.0000 -0.8584
vn 0.3711 -0.0000 -0.9286
vn 0.2342 -0.0000 -0.9722
vn 0.1100 -0.0000 -0.9939
vn -0.0141 -0.0000 -0.9999
vn -0.1474 -0.0000 -0.9891
vn -0.2668 -0.0000 -0.9638
vn -0.3591 -0.0000 -0.9333
vn -0.4306 -0.0000 -0.9025
vn -0.4866 -0.0000 -0.8736
vn -0.5311 -0.0000 -0.8473
vn -0.5670 -0.0000 -0.8237
vn -0.5964 -0.0000 -0.8027
vn -0.6207 -0.0000 -0.7840
vn -0.6412 -0.0000 -0.7674
vn -0.6586 -0.0000 -0.7525
vn -0.6805 -0.0000 -0.7327
vn -0.7126 -0.0000 -0.7015
vn -0.7464 -0.0000 -0.6655
vn -0.7753 -0.0000 -0.6315
vn -0.8002 -0.0000 -0.5997
vn -0.8216 -0.0000 -0.5701
vn -0.8400 -0.0000 -0.5426
vn -0.8560 -0.0000 -0.5170
vn -0.8699 -0.0000 -0.4932
vn -0.8820 -0.0000 -0.4712
vn -0.8927 -0.0000 -0.4507
vn -0.9020 -0.0000 -0.4317
vn -0.4113 -0.0000 -0.9115
vn 0.9047 -0.0000 -0.4260
vn 0.9132 -0.0000 0.4076
vn 0.8992 -0.0000 0.4376
vn 0.8832 -0.0000 0.4689
vn 0.8652 -0.0000 0.5014
vn 0.8448 -0.0000 0.5350
vn 0.8219 -0.0000 0.5696
vn 0.7962 -0.0000 0.6050
vn 0.7676 -0.0000 0.6409
vn 0.7359 -0.0000 0.6770
vn 0.7011 -0.0000 0.7131
vn 0.6629 -0.0000 0.7487
vn 0.6240 -0.0000 0.7814
vn 0.5868 -0.0000 0.8097
vn 0.5488 -0.0000 0.8359
vn 0.5074 -0.0000 0.8617
vn 0.4625 -0.0000 0.8866
vn 0.4141 -0.0000 0.9103
vn 0.3622 -0.0000 0.9321
vn 0.3071 -0.0000 0.9517
vn 0.2492 -0.0000 0.9685
vn 0.1889 -0.0000 0.9820
vn 0.1268 -0.0000 0.9919
vn 0.0636 -0.0000 0.9980
vn 0.0041 -0.0000 1.0000
vn -0.0485 -0.0000 0.9988
vn -0.0996 -0.0000 0.9950
vn -0.1535 -0.0000 0.9881
vn -0.2101 -0.0000 0.9777
vn -0.2688 -0.0000 0.9632
vn -0.3291 -0.0000 0.9443
vn -0.3903 -0.0000 0.9207
vn -0.4516 -0.0000 0.8922
vn -0.5120 -0.0000 0.8590
vn -0.5705 -0.0000 0.8213
vn -0.6264 -0.0000 0.7795
vn -0.6774 -0.0000 0.7356
vn -0.7231 -0.0000 0.6908
vn -0.7662 -0.0000 0.6426
vn -0.8077 -0.0000 0.5896
vn -0.8468 -0.0000 0.5319
vn -0.8826 -0.0000 0.4701
vn -0.9144 -0.0000 0.4049
vn -0.9414 -0.0000 0.3373
vn -0.9633 -0.0000 0.2684
vn -0.9800 -0.0000 0.1992
vn -0.9914 -0.0000 0.1309
vn -0.9979 -0.0000 0.0644
vn -1.0000 -0.0000 0.0060
vn -0.9993 -0.0000 -0.0374
vn -0.9975 -0.0000 -0.0703
vn -0.9951 -0.0000 -0.0991
vn -0.9922 -0.0000 -0.1243
vn -0.9892 -0.0000 -0.1465
vn -0.9861 -0.0000 -0.1662
vn -0.9799 -0.0000 -0.1996
vn -0.9769 -0.0000 -0.2139
vn -0.9740 -0.0000 -0.2268
vn -0.9711 -0.0000 -0.2385
vn -0.9682 -0.0000 -0.2502
vn -0.9612 -0.0000 -0.2758
vn -0.9570 -0.0000 -0.2901
vn -0.9602 -0.0000 -0.2792
vn -0.9637 -0.0000 -0.2670
vn -0.9674 -0.0000 -0.2531
vn -0.9715 -0.0000 -0.2371
vn -0.9758 -0.0000 -0.2187
vn -0.9804 -0.0000 -0.1970
vn -0.9852 -0.0000 -0.1714
vn -0.9901 -0.0000 -0.1406
vn -0.9947 -0.0000 -0.1031
vn -0.9984 -0.0000 -0.0566
vn -1.0000 -0.0000 0.0042
vn -0.9965 -0.0000 0.0836
vn -0.9837 -0.0000 0.1797
vn -0.9570 -0.0000 0.2902
vn -0.9106 -0.0000 0.4133
vn -0.8396 -0.0000 0.5432
vn -0.7419 -0.0000 0.6705
vn -0.6210 -0.0000 0.7838
vn -0.4859 -0.0000 0.8740
vn -0.3484 -0.0000 0.9373
vn -0.2186 -0.0000 0.9758
vn -0.1024 -0.0000 0.9947
vn 0.0020 -0.0000 1.0000
vn 0.1006 -0.0000 0.9949
vn 0.1923 -0.0000 0.9813
vn 0.2732 -0.0000 0.9620
vn 0.3438 -0.0000 0.9391
vn 0.4048 -0.0000 0.9144
vn 0.4575 -0.0000 0.8892
vn 0.5029 -0.0000 0.8644
vn 0.5420 -0.0000 0.8403
vn 0.5760 -0.0000 0.8175
vn 0.6054 -0.0000 0.7959
vn 0.6312 -0.0000 0.7756
vn 0.6495 -0.0000 0.7603
vn 0.6579 -0.0000 0.7531
vn 0.6625 -0.0000 0.7491
vn 0.6678 -0.0000 0.7443
vn 0.6744 -0.0000 0.7384
vn 0.6825 -0.0000 0.7309
vn 0.6928 -0.0000 0.7211
vn 0.7063 -0.0000 0.7079
vn 0.7249 -0.0000 0.6889
vn 0.7518 -0.0000 0.6594
vn 0.7940 -0.0000 0.6079
vn 0.8673 -0.0000 0.4977
vn 0.9418 -0.0000 0.3361
vn 0.6116 -0.0000 0.7912
vn -0.7909 -0.0000 0.6119
vn -0.7917 -0.0000 0.6109
vn -0.6109 -0.0000 -0.7917
vn -0.0022 -0.0000 -1.0000
vn -0.0089 -0.0000 -1.0000
vn -0.0177 -0.0000 -0.9998
vn -0.0265 -0.0000 -0.9997
vn -0.0351 -0.0000 -0.9994
vn -0.0437 -0.0000 -0.9990
vn -0.0522 -0.0000 -0.9986
vn -0.0607 -0.0000 -0.9982
vn -0.0691 -0.0000 -0.9976
vn -0.0773 -0.0000 -0.9970
vn -0.0856 -0.0000 -0.9963
vn -0.0937 -0.0000 -0.9956
vn -0.0963 -0.0000 -0.9954
vn -0.7071 -0.0000 0.7071
vn -0.7482 -0.0000 0.6635
vn -0.7880 -0.0000 0.6157
vn -0.8261 -0.0000 0.5635
vn -0.8617 -0.0000 0.5074
vn -0.8942 -0.0000 0.4477
vn -0.9228 -0.0000 0.3852
vn -0.9472 -0.0000 0.3208
vn -0.9669 -0.0000 0.2552
vn -0.9819 -0.0000 0.1895
vn -0.9922 -0.0000 0.1247
vn -0.9981 -0.0000 0.0614
vn -1.0000 -0.0000 -0.0003
vn -0.9980 -0.0000 -0.0624
vn -0.9919 -0.0000 -0.1268
vn -0.9812 -0.0000 -0.1929
vn -0.9657 -0.0000 -0.2597
vn -0.9453 -0.0000 -0.3263
vn -0.9201 -0.0000 -0.3917
vn -0.8905 -0.0000 -0.4550
vn -0.8571 -0.0000 -0.5152
vn -0.8204 -0.0000 -0.5718
vn -0.7813 -0.0000 -0.6241
vn -0.7406 -0.0000 -0.6719
vn -0.6988 -0.0000 -0.7153
vn -0.6547 -0.0000 -0.7558
vn -0.6067 -0.0000 -0.7949
vn -0.5545 -0.0000 -0.8322
vn -0.4986 -0.0000 -0.8669
vn -0.4394 -0.0000 -0.8983
vn -0.3776 -0.0000 -0.9260
vn -0.3141 -0.0000 -0.9494
vn -0.2497 -0.0000 -0.9683
vn -0.1853 -0.0000 -0.9827
vn -0.1218 -0.0000 -0.9926
vn -0.0600 -0.0000 -0.9982
vn 0.0005 -0.0000 -1.0000
vn 0.0619 -0.0000 -0.9981
vn 0.1256 -0.0000 -0.9921
vn 0.1906 -0.0000 -0.9817
vn 0.2562 -0.0000 -0.9666
vn 0.3215 -0.0000 -0.9469
vn 0.3855 -0.0000 -0.9227
vn 0.4474 -0.0000 -0.8943
vn 0.5063 -0.0000 -0.8623
vn 0.5617 -0.0000 -0.8274
vn 0.6130 -0.0000 -0.7901
vn 0.6600 -0.0000 -0.7513
vn 0.7032 -0.0000 -0.7110
vn 0.7445 -0.0000 -0.6676
vn 0.7849 -0.0000 -0.6196
vn 0.8235 -0.0000 -0.5673
vn 0.8597 -0.0000 -0.5108
vn 0.8926 -0.0000 -0.4508
vn 0.9217 -0.0000 -0.3878
vn 0.9464 -0.0000 -0.3229
vn 0.9664 -0.0000 -0.2569
vn 0.9816 -0.0000 -0.1907
vn 0.9981 -0.0000 -0.0617
vn 1.0000 -0.0000 -0.0004
vn 0.9982 -0.0000 0.0600
vn 0.9926 -0.0000 0.1218
vn 0.9827 -0.0000 0.1853
vn 0.9494 -0.0000 0.3141
vn 0.9260 -0.0000 0.3776
vn 0.8983 -0.0000 0.4394
vn 0.8669 -0.0000 0.4986
vn 0.8322 -0.0000 0.5545
vn 0.7949 -0.0000 0.6067
vn 0.7559 -0.0000 0.6547
vn 0.7153 -0.0000 0.6988
vn 0.6719 -0.0000 0.7406
vn 0.6241 -0.0000 0.7813
vn 0.5718 -0.0000 0.8204
vn 0.5152 -0.0000 0.8571
vn 0.4550 -0.0000 0.8905
vn 0.3917 -0.0000 0.9201
vn 0.3263 -0.0000 0.9453
vn 0.2597 -0.0000 0.9657
vn 0.1929 -0.0000 0.9812
vn 0.0624 -0.0000 0.9980
vn 0.0003 -0.0000 1.0000
vn -0.0614 -0.0000 0.9981
vn -0.1247 -0.0000 0.9922
vn -0.1895 -0.0000 0.9819
vn -0.2552 -0.0000 0.9669
vn -0.3208 -0.0000 0.9472
vn -0.3852 -0.0000 0.9228
vn -0.4477 -0.0000 0.8942
vn -0.5074 -0.0000 0.8617
vn -0.5635 -0.0000 0.8261
vn -0.6157 -0.0000 0.7880
vn -0.6635 -0.0000 0.7482
vn -0.0520 -0.0000 -0.9986
vn 0.7892 -0.0000 -0.6141
vn 0.9705 -0.0000 0.2411
vn 0.9726 -0.0000 0.2325
vn 0.9741 -0.0000 0.2260
vn 0.9751 -0.0000 0.2218
vn 0.9758 -0.0000 0.2188
vn 0.9763 -0.0000 0.2166
vn 0.9766 -0.0000 0.2149
vn 0.9769 -0.0000 0.2136
vn 0.9772 -0.0000 0.2124
vn 0.9774 -0.0000 0.2115
vn 0.9775 -0.0000 0.2108
vn 0.9777 -0.0000 0.2101
vn 0.9782 -0.0000 0.2078
vn 0.9794 -0.0000 0.2019
vn 0.9811 -0.0000 0.1935
vn 0.9829 -0.0000 0.1841
vn 0.9848 -0.0000 0.1736
vn 0.9868 -0.0000 0.1617
vn 0.9890 -0.0000 0.1481
vn 0.9912 -0.0000 0.1324
vn 0.9935 -0.0000 0.1142
vn 0.9957 -0.0000 0.0928
vn 0.9977 -0.0000 0.0674
vn 0.9993 -0.0000 0.0366
vn 0.9999 -0.0000 -0.0104
vn 0.9963 -0.0000 -0.0862
vn 0.9827 -0.0000 -0.1852
vn 0.9544 -0.0000 -0.2986
vn 0.9057 -0.0000 -0.4239
vn 0.8319 -0.0000 -0.5550
vn 0.7316 -0.0000 -0.6818
vn 0.6092 -0.0000 -0.7930
vn 0.4745 -0.0000 -0.8802
vn 0.3391 -0.0000 -0.9408
vn 0.2122 -0.0000 -0.9772
vn 0.0993 -0.0000 -0.9951
vn -0.0260 -0.0000 -0.9997
vn -0.1935 -0.0000 -0.9811
vn -0.3692 -0.0000 -0.9294
vn -0.5148 -0.0000 -0.8573
vn -0.6282 -0.0000 -0.7781
vn -0.7132 -0.0000 -0.7010
vn -0.7761 -0.0000 -0.6306
vn -0.8227 -0.0000 -0.5684
vn -0.8576 -0.0000 -0.5144
vn -0.8839 -0.0000 -0.4676
vn -0.9042 -0.0000 -0.4271
vn -0.9200 -0.0000 -0.3920
vn -0.2765 -0.0000 -0.9610
vn 0.9624 -0.0000 -0.2718
vn 0.9096 -0.0000 0.4155
vn 0.8776 -0.0000 0.4795
vn 0.8362 -0.0000 0.5484
vn 0.7837 -0.0000 0.6211
vn 0.7184 -0.0000 0.6956
vn 0.6395 -0.0000 0.7688
vn 0.5472 -0.0000 0.8370
vn 0.4437 -0.0000 0.8962
vn 0.3326 -0.0000 0.9431
vn 0.2187 -0.0000 0.9758
vn 0.1069 -0.0000 0.9943
vn 0.0107 -0.0000 0.9999
vn -0.0655 -0.0000 0.9979
vn -0.1415 -0.0000 0.9899
vn -0.2310 -0.0000 0.9730
vn -0.3349 -0.0000 0.9423
vn -0.4521 -0.0000 0.8919
vn -0.5781 -0.0000 0.8159
vn -0.7035 -0.0000 0.7107
vn -0.8158 -0.0000 0.5783
vn -0.9036 -0.0000 0.4285
vn -0.9615 -0.0000 0.2749
vn -0.9915 -0.0000 0.1303
vn -0.9997 -0.0000 0.0225
vn -0.9995 -0.0000 -0.0321
vn -0.9981 -0.0000 -0.0616
vn -0.9961 -0.0000 -0.0882
vn -0.9937 -0.0000 -0.1125
vn -0.9909 -0.0000 -0.1346
vn -0.9880 -0.0000 -0.1548
vn -0.9849 -0.0000 -0.1733
vn -0.9817 -0.0000 -0.1902
vn -0.9786 -0.0000 -0.2059
vn -0.9754 -0.0000 -0.2203
vn -0.9723 -0.0000 -0.2337
vn -0.9691 -0.0000 -0.2466
vn -0.7916 -0.0000 0.6111
vn -0.7859 -0.0000 0.6184
vn -0.6184 -0.0000 -0.7859
vn -0.0087 -0.0000 -1.0000
vn -0.0172 -0.0000 -0.9999
vn -0.0255 -0.0000 -0.9997
vn -0.0336 -0.0000 -0.9994
vn -0.0415 -0.0000 -0.9991
vn -0.0492 -0.0000 -0.9988
vn -0.0567 -0.0000 -0.9984
vn -0.0641 -0.0000 -0.9979
vn -0.0712 -0.0000 -0.9975
vn -0.0782 -0.0000 -0.9969
vn -0.0850 -0.0000 -0.9964
vn -0.0962 -0.0000 -0.9954
vn 0.7885 -0.0000 -0.6150
vn 0.7811 -0.0000 -0.6244
vn 0.6244 -0.0000 0.7811
vn 0.6137 -0.0000 0.7895
vn 0.9711 -0.0000 0.2386
vn 0.9745 -0.0000 0.2243
vn 0.9774 -0.0000 0.2113
vn 0.9803 -0.0000 0.1974
vn 0.9832 -0.0000 0.1823
vn 0.9861 -0.0000 0.1659
vn 0.9917 -0.0000 0.1288
vn 0.9942 -0.0000 0.1076
vn 0.9964 -0.0000 0.0843
vn 0.9983 -0.0000 0.0588
vn 0.9995 -0.0000 0.0307
vn 0.9999 -0.0000 -0.0149
vn 0.9953 -0.0000 -0.0972
vn 0.9781 -0.0000 -0.2080
vn 0.9430 -0.0000 -0.3328
vn 0.8844 -0.0000 -0.4668
vn 0.7992 -0.0000 -0.6011
vn 0.6895 -0.0000 -0.7243
vn 0.5631 -0.0000 -0.8264
vn 0.4313 -0.0000 -0.9022
vn 0.3044 -0.0000 -0.9525
vn 0.1890 -0.0000 -0.9820
vn 0.0881 -0.0000 -0.9961
vn -0.0147 -0.0000 -0.9999
vn -0.1414 -0.0000 -0.9900
vn -0.2786 -0.0000 -0.9604
vn -0.4048 -0.0000 -0.9144
vn -0.5151 -0.0000 -0.8571
vn -0.6078 -0.0000 -0.7941
vn -0.6834 -0.0000 -0.7301
vn -0.7440 -0.0000 -0.6682
vn -0.7922 -0.0000 -0.6103
vn -0.8303 -0.0000 -0.5572
vn -0.8606 -0.0000 -0.5092
vn -0.8848 -0.0000 -0.4661
vn -0.3858 -0.0000 -0.9226
vn 0.9151 -0.0000 -0.4033
vn 0.8966 -0.0000 0.4428
vn 0.8614 -0.0000 0.5079
vn 0.8167 -0.0000 0.5770
vn 0.7610 -0.0000 0.6488
vn 0.6930 -0.0000 0.7209
vn 0.6126 -0.0000 0.7904
vn 0.5206 -0.0000 0.8538
vn 0.4195 -0.0000 0.9078
vn 0.3129 -0.0000 0.9498
vn 0.2050 -0.0000 0.9788
vn 0.1000 -0.0000 0.9950
vn 0.0138 -0.0000 0.9999
vn -0.0431 -0.0000 0.9991
vn -0.0888 -0.0000 0.9960
vn -0.1375 -0.0000 0.9905
vn -0.1890 -0.0000 0.9820
vn -0.2433 -0.0000 0.9700
vn -0.2999 -0.0000 0.9540
vn -0.3583 -0.0000 0.9336
vn -0.4180 -0.0000 0.9085
vn -0.4780 -0.0000 0.8783
vn -0.5376 -0.0000 0.8432
vn -0.5957 -0.0000 0.8032
vn -0.6481 -0.0000 0.7615
vn -0.6928 -0.0000 0.7211
vn -0.7346 -0.0000 0.6786
vn -0.7763 -0.0000 0.6304
vn -0.8171 -0.0000 0.5765
vn -0.8561 -0.0000 0.5168
vn -0.8922 -0.0000 0.4517
vn -0.9243 -0.0000 0.3818
vn -0.9514 -0.0000 0.3079
vn -0.9728 -0.0000 0.2315
vn -0.9881 -0.0000 0.1537
vn -0.9971 -0.0000 0.0762
vn -0.9999 -0.0000 0.0166
vn -1.0000 -0.0000 -0.0091
vn -0.9998 -0.0000 -0.0185
vn -0.9996 -0.0000 -0.0282
vn -0.9993 -0.0000 -0.0382
vn -0.9988 -0.0000 -0.0486
vn -0.9982 -0.0000 -0.0594
vn -0.9975 -0.0000 -0.0705
vn -0.9966 -0.0000 -0.0820
vn -0.9956 -0.0000 -0.0939
vn -0.9943 -0.0000 -0.1062
vn -0.9929 -0.0000 -0.1190
vn -0.9904 -0.0000 -0.1379
vn -0.9867 -0.0000 -0.1627
vn -0.9830 -0.0000 -0.1834
vn -0.9803 -0.0000 -0.1973
vn -0.9783 -0.0000 -0.2074
vn -0.9753 -0.0000 -0.2210
vn -0.9742 -0.0000 -0.2258
vn -0.9733 -0.0000 -0.2297
vn -0.9725 -0.0000 -0.2330
vn -0.9718 -0.0000 -0.2358
vn -0.9712 -0.0000 -0.2382
vn -0.9709 -0.0000 -0.2395
vn -0.7873 -0.0000 0.6166
vn -0.7905 -0.0000 0.6124
vn -0.6124 -0.0000 -0.7905
vn -0.6101 -0.0000 -0.7924
vn -0.6482 -0.0000 -0.7614
vn 0.7574 -0.0000 -0.6530
vn -0.7213 -0.0000 0.6927
vn -0.7604 -0.0000 0.6494
vn -0.7980 -0.0000 0.6026
vn -0.8340 -0.0000 0.5518
vn -0.8677 -0.0000 0.4971
vn -0.8984 -0.0000 0.4391
vn -0.9257 -0.0000 0.3783
vn -0.9489 -0.0000 0.3155
vn -0.9679 -0.0000 0.2514
vn -0.9823 -0.0000 0.1871
vn -0.9924 -0.0000 0.1233
vn -0.9981 -0.0000 0.0608
vn -0.9981 -0.0000 -0.0623
vn -0.9919 -0.0000 -0.1267
vn -0.9812 -0.0000 -0.1928
vn -0.9452 -0.0000 -0.3266
vn -0.9198 -0.0000 -0.3924
vn -0.8899 -0.0000 -0.4561
vn -0.8561 -0.0000 -0.5168
vn -0.8190 -0.0000 -0.5738
vn -0.7793 -0.0000 -0.6266
vn -0.7380 -0.0000 -0.6748
vn -0.6956 -0.0000 -0.7184
vn -0.6512 -0.0000 -0.7589
vn -0.6030 -0.0000 -0.7977
vn -0.4948 -0.0000 -0.8690
vn -0.4358 -0.0000 -0.9001
vn -0.3743 -0.0000 -0.9273
vn -0.3111 -0.0000 -0.9504
vn -0.2472 -0.0000 -0.9690
vn -0.1834 -0.0000 -0.9830
vn -0.1205 -0.0000 -0.9927
vn -0.0593 -0.0000 -0.9982
vn 0.0002 -0.0000 -1.0000
vn 0.0599 -0.0000 -0.9982
vn 0.1846 -0.0000 -0.9828
vn 0.2484 -0.0000 -0.9686
vn 0.3122 -0.0000 -0.9500
vn 0.3749 -0.0000 -0.9271
vn 0.4359 -0.0000 -0.9000
vn 0.4942 -0.0000 -0.8693
vn 0.5494 -0.0000 -0.8356
vn 0.6008 -0.0000 -0.7994
vn 0.6922 -0.0000 -0.7217
vn 0.7347 -0.0000 -0.6784
vn 0.7765 -0.0000 -0.6301
vn 0.8166 -0.0000 -0.5772
vn 0.8542 -0.0000 -0.5200
vn 0.8885 -0.0000 -0.4589
vn 0.9187 -0.0000 -0.3949
vn 0.9444 -0.0000 -0.3287
vn 0.9652 -0.0000 -0.2614
vn 0.9810 -0.0000 -0.1940
vn 0.9918 -0.0000 -0.1275
vn 0.9980 -0.0000 -0.0627
vn 1.0000 -0.0000 -0.0002
vn 0.9981 -0.0000 0.0620
vn 0.9920 -0.0000 0.1261
vn 0.9814 -0.0000 0.1918
vn 0.9661 -0.0000 0.2583
vn 0.9458 -0.0000 0.3247
vn 0.9208 -0.0000 0.3900
vn 0.8914 -0.0000 0.4533
vn 0.8581 -0.0000 0.5136
vn 0.8215 -0.0000 0.5702
vn 0.7824 -0.0000 0.6227
vn 0.7417 -0.0000 0.6708
vn 0.7008 -0.0000 0.7133
vn 0.6599 -0.0000 0.7514
vn 0.6160 -0.0000 0.7878
vn 0.5677 -0.0000 0.8232
vn 0.5150 -0.0000 0.8572
vn 0.4583 -0.0000 0.8888
vn 0.3978 -0.0000 0.9175
vn 0.3342 -0.0000 0.9425
vn 0.2684 -0.0000 0.9633
vn 0.2011 -0.0000 0.9796
vn 0.1333 -0.0000 0.9911
vn 0.0661 -0.0000 0.9978
vn 0.0007 -0.0000 1.0000
vn -0.0636 -0.0000 0.9980
vn -0.1292 -0.0000 0.9916
vn -0.1963 -0.0000 0.9805
vn -0.2642 -0.0000 0.9645
vn -0.3317 -0.0000 0.9434
vn -0.3978 -0.0000 0.9175
vn -0.4616 -0.0000 0.8871
vn -0.5221 -0.0000 0.8529
vn -0.5788 -0.0000 0.8155
vn -0.6310 -0.0000 0.7758
vn -0.6786 -0.0000 0.7345
vt 0.084211 0.000000
vt 0.073684 0.000000
vt 0.063158 0.000000
vt 0.052632 0.000000
vt 0.094737 0.000000
vt 0.042105 0.000000
vt 0.126316 0.000000
vt 0.115789 0.000000
vt 0.252632 0.000000
vt 0.242105 0.000000
vt 0.136842 0.000000
vt 0.231579 0.000000
vt 0.147368 0.000000
vt 0.221053 0.000000
vt 0.157895 0.000000
vt 0.210526 0.000000
vt 0.168421 0.000000
vt 0.200000 0.000000
vt 0.178947 0.000000
vt 0.189474 0.000000
vt 0.947368 0.000000
vt 0.936842 0.000000
vt 0.926316 0.000000
vt 0.957895 0.000000
vt 0.915789 0.000000
vt 0.968421 0.000000
vt 0.905263 0.000000
vt 0.978947 0.000000
vt 0.894737 0.000000
vt 0.989474 0.000000
vt 0.368421 0.000000
vt 0.357895 0.000000
vt 0.263158 0.000000
vt 0.273684 0.000000
vt 0.347368 0.000000
vt 0.284211 0.000000
vt 0.336842 0.000000
vt 0.294737 0.000000
vt 0.326316 0.000000
vt 0.305263 0.000000
vt 0.315789 0.000000
vt 0.031579 0.000000
vt 0.021053 0.000000
vt 0.378947 0.000000
vt 0.105263 0.000000
vt 0.852632 0.000000
vt 0.842105 0.000000
vt 0.831579 0.000000
vt 0.863158 0.000000
vt 0.821053 0.000000
vt 0.873684 0.000000
vt 0.757895 0.000000
vt 0.494737 0.000000
vt 0.484211 0.000000
vt 0.810526 0.000000
vt 0.884211 0.000000
vt 0.800000 0.000000
vt 0.789474 0.000000
vt 0.389474 0.000000
vt 0.400000 0.000000
vt 0.473684 0.000000
vt 0.410526 0.000000
vt 0.463158 0.000000
vt 0.421053 0.000000
vt 0.452632 0.000000
vt 0.431579 0.000000
vt 0.442105 0.000000
vt 0.505263 0.000000
vt 0.747368 0.000000
vt 0.736842 0.000000
vt 0.705263 0.000000
vt 0.694737 0.000000
vt 0.684211 0.000000
vt 0.673684 0.000000
vt 0.715789 0.000000
vt 0.663158 0.000000
vt 0.726316 0.000000
vt 0.652632 0.000000
vt 0.642105 0.000000
vt 0.631579 0.000000
vt 0.515789 0.000000
vt 0.621053 0.000000
vt 0.526316 0.000000
vt 0.610526 0.000000
vt 0.536842 0.000000
vt 0.600000 0.000000
vt 0.547368 0.000000
vt 0.589474 0.000000
vt 0.557895 0.000000
vt 0.578947 0.000000
vt 0.568421 0.000000
vt 0.778947 0.000000
vt 1.000000 0.000000
vt 0.000000 0.000000
vt 0.768421 0.000000
vt 0.010526 0.000000
vt 0.691589 0.000000
vt 0.682243 0.000000
vt 0.700935 0.000000
vt 0.672897 0.000000
vt 0.971963 0.000000
vt 0.962617 0.000000
vt 0.953271 0.000000
vt 0.981308 0.000000
vt 0.252336 0.000000
vt 0.242991 0.000000
vt 0.476636 0.000000
vt 0.261682 0.000000
vt 0.233645 0.000000
vt 0.485981 0.000000
vt 0.224299 0.000000
vt 0.214953 0.000000
vt 0.205607 0.000000
vt 0.271028 0.000000
vt 0.467290 0.000000
vt 0.280374 0.000000
vt 0.457944 0.000000
vt 0.289720 0.000000
vt 0.448598 0.000000
vt 0.299065 0.000000
vt 0.439252 0.000000
vt 0.308411 0.000000
vt 0.392523 0.000000
vt 0.383178 0.000000
vt 0.373832 0.000000
vt 0.336449 0.000000
vt 0.420561 0.000000
vt 0.411215 0.000000
vt 0.345794 0.000000
vt 0.401869 0.000000
vt 0.355140 0.000000
vt 0.364486 0.000000
vt 0.429907 0.000000
vt 0.317757 0.000000
vt 0.327103 0.000000
vt 0.028037 0.000000
vt 0.018692 0.000000
vt 0.009346 0.000000
vt 0.495327 0.000000
vt 0.196262 0.000000
vt 0.504673 0.000000
vt 0.186916 0.000000
vt 0.514019 0.000000
vt 0.177570 0.000000
vt 0.523364 0.000000
vt 0.532710 0.000000
vt 0.168224 0.000000
vt 0.542056 0.000000
vt 0.551402 0.000000
vt 0.158879 0.000000
vt 0.560748 0.000000
vt 0.570093 0.000000
vt 0.149533 0.000000
vt 0.579439 0.000000
vt 0.588785 0.000000
vt 0.598131 0.000000
vt 0.140187 0.000000
vt 0.607477 0.000000
vt 0.616822 0.000000
vt 0.130841 0.000000
vt 0.626168 0.000000
vt 0.635514 0.000000
vt 0.121495 0.000000
vt 0.644860 0.000000
vt 0.654206 0.000000
vt 0.663551 0.000000
vt 0.710280 0.000000
vt 0.719626 0.000000
vt 0.112150 0.000000
vt 0.728972 0.000000
vt 0.738318 0.000000
vt 0.102804 0.000000
vt 0.747664 0.000000
vt 0.757009 0.000000
vt 0.766355 0.000000
vt 0.093458 0.000000
vt 0.775701 0.000000
vt 0.785047 0.000000
vt 0.084112 0.000000
vt 0.794393 0.000000
vt 0.803738 0.000000
vt 0.813084 0.000000
vt 0.074766 0.000000
vt 0.822430 0.000000
vt 0.831776 0.000000
vt 0.841121 0.000000
vt 0.850467 0.000000
vt 0.065421 0.000000
vt 0.859813 0.000000
vt 0.869159 0.000000
vt 0.056075 0.000000
vt 0.878505 0.000000
vt 0.046729 0.000000
vt 0.887850 0.000000
vt 0.037383 0.000000
vt 0.897196 0.000000
vt 0.906542 0.000000
vt 0.915888 0.000000
vt 0.925234 0.000000
vt 0.934579 0.000000
vt 0.943925 0.000000
vt 0.990654 0.000000
vt 0.844221 0.000000
vt 0.839196 0.000000
vt 0.834171 0.000000
vt 0.849246 0.000000
vt 0.829146 0.000000
vt 0.854271 0.000000
vt 0.824121 0.000000
vt 0.859297 0.000000
vt 0.819095 0.000000
vt 0.864322 0.000000
vt 0.869347 0.000000
vt 0.814070 0.000000
vt 0.939699 0.000000
vt 0.924623 0.000000
vt 0.944724 0.000000
vt 0.035176 0.000000
vt 0.030151 0.000000
vt 0.025126 0.000000
vt 0.040201 0.000000
vt 0.020101 0.000000
vt 0.100503 0.000000
vt 0.095477 0.000000
vt 0.080402 0.000000
vt 0.085427 0.000000
vt 0.090452 0.000000
vt 0.954774 0.000000
vt 0.949749 0.000000
vt 0.045226 0.000000
vt 0.015075 0.000000
vt 0.050251 0.000000
vt 0.075377 0.000000
vt 0.934673 0.000000
vt 0.929648 0.000000
vt 0.125628 0.000000
vt 0.005025 0.000000
vt 0.120603 0.000000
vt 0.793970 0.000000
vt 0.788945 0.000000
vt 0.648241 0.000000
vt 0.643216 0.000000
vt 0.638191 0.000000
vt 0.798995 0.000000
vt 0.633166 0.000000
vt 0.628141 0.000000
vt 0.804020 0.000000
vt 0.623116 0.000000
vt 0.809045 0.000000
vt 0.618090 0.000000
vt 0.613065 0.000000
vt 0.608040 0.000000
vt 0.874372 0.000000
vt 0.603015 0.000000
vt 0.879397 0.000000
vt 0.597990 0.000000
vt 0.884422 0.000000
vt 0.592965 0.000000
vt 0.889447 0.000000
vt 0.587940 0.000000
vt 0.894472 0.000000
vt 0.582915 0.000000
vt 0.577889 0.000000
vt 0.899498 0.000000
vt 0.572864 0.000000
vt 0.904523 0.000000
vt 0.567839 0.000000
vt 0.562814 0.000000
vt 0.909548 0.000000
vt 0.557789 0.000000
vt 0.552764 0.000000
vt 0.914573 0.000000
vt 0.547739 0.000000
vt 0.542714 0.000000
vt 0.919598 0.000000
vt 0.537688 0.000000
vt 0.532663 0.000000
vt 0.527638 0.000000
vt 0.522613 0.000000
vt 0.517588 0.000000
vt 0.512563 0.000000
vt 0.979900 0.000000
vt 0.974874 0.000000
vt 0.969849 0.000000
vt 0.964824 0.000000
vt 0.959799 0.000000
vt 0.010050 0.000000
vt 0.055276 0.000000
vt 0.060302 0.000000
vt 0.115578 0.000000
vt 0.065327 0.000000
vt 0.110553 0.000000
vt 0.070352 0.000000
vt 0.105528 0.000000
vt 0.668342 0.000000
vt 0.783920 0.000000
vt 0.673367 0.000000
vt 0.663317 0.000000
vt 0.658291 0.000000
vt 0.457286 0.000000
vt 0.452261 0.000000
vt 0.447236 0.000000
vt 0.442211 0.000000
vt 0.160804 0.000000
vt 0.155779 0.000000
vt 0.145729 0.000000
vt 0.150754 0.000000
vt 0.688442 0.000000
vt 0.773869 0.000000
vt 0.768844 0.000000
vt 0.693467 0.000000
vt 0.778894 0.000000
vt 0.678392 0.000000
vt 0.683417 0.000000
vt 0.336683 0.000000
vt 0.331658 0.000000
vt 0.326633 0.000000
vt 0.321608 0.000000
vt 0.341709 0.000000
vt 0.316583 0.000000
vt 0.346734 0.000000
vt 0.311558 0.000000
vt 0.351759 0.000000
vt 0.306533 0.000000
vt 0.296482 0.000000
vt 0.291457 0.000000
vt 0.251256 0.000000
vt 0.256281 0.000000
vt 0.286432 0.000000
vt 0.261307 0.000000
vt 0.281407 0.000000
vt 0.266332 0.000000
vt 0.276382 0.000000
vt 0.271357 0.000000
vt 0.713568 0.000000
vt 0.753769 0.000000
vt 0.748744 0.000000
vt 0.718593 0.000000
vt 0.723618 0.000000
vt 0.743719 0.000000
vt 0.728643 0.000000
vt 0.738693 0.000000
vt 0.733668 0.000000
vt 0.994975 0.000000
vt 0.356784 0.000000
vt 0.301508 0.000000
vt 0.241206 0.000000
vt 0.246231 0.000000
vt 0.763819 0.000000
vt 0.698492 0.000000
vt 0.758794 0.000000
vt 0.703518 0.000000
vt 0.708543 0.000000
vt 0.391960 0.000000
vt 0.386935 0.000000
vt 0.396985 0.000000
vt 0.402010 0.000000
vt 0.381910 0.000000
vt 0.407035 0.000000
vt 0.376884 0.000000
vt 0.412060 0.000000
vt 0.371859 0.000000
vt 0.417085 0.000000
vt 0.366834 0.000000
vt 0.422111 0.000000
vt 0.361809 0.000000
vt 0.427136 0.000000
vt 0.236181 0.000000
vt 0.175879 0.000000
vt 0.180905 0.000000
vt 0.231156 0.000000
vt 0.185930 0.000000
vt 0.226131 0.000000
vt 0.190955 0.000000
vt 0.221106 0.000000
vt 0.195980 0.000000
vt 0.216080 0.000000
vt 0.201005 0.000000
vt 0.211055 0.000000
vt 0.206030 0.000000
vt 0.653266 0.000000
vt 0.507538 0.000000
vt 0.502513 0.000000
vt 0.497487 0.000000
vt 0.492462 0.000000
vt 0.989950 0.000000
vt 0.984925 0.000000
vt 0.462312 0.000000
vt 0.437186 0.000000
vt 0.467337 0.000000
vt 0.432161 0.000000
vt 0.472362 0.000000
vt 0.477387 0.000000
vt 0.130653 0.000000
vt 0.170854 0.000000
vt 0.135678 0.000000
vt 0.165829 0.000000
vt 0.140704 0.000000
vt 0.487437 0.000000
vt 0.482412 0.000000
vt 0.934211 0.000000
vt 0.951754 0.000000
vt 0.942982 0.000000
vt 0.938596 0.000000
vt 0.929825 0.000000
vt 0.925439 0.000000
vt 0.921053 0.000000
vt 0.008772 0.000000
vt 0.973684 0.000000
vt 0.969298 0.000000
vt 0.964912 0.000000
vt 0.960526 0.000000
vt 0.956140 0.000000
vt 0.903509 0.000000
vt 0.899123 0.000000
vt 0.907895 0.000000
vt 0.912281 0.000000
vt 0.013158 0.000000
vt 0.890351 0.000000
vt 0.885965 0.000000
vt 0.916667 0.000000
vt 0.991228 0.000000
vt 0.986842 0.000000
vt 0.982456 0.000000
vt 0.978070 0.000000
vt 0.030702 0.000000
vt 0.855263 0.000000
vt 0.850877 0.000000
vt 0.026316 0.000000
vt 0.859649 0.000000
vt 0.021930 0.000000
vt 0.868421 0.000000
vt 0.864035 0.000000
vt 0.846491 0.000000
vt 0.035088 0.000000
vt 0.881579 0.000000
vt 0.877193 0.000000
vt 0.017544 0.000000
vt 0.872807 0.000000
vt 0.995614 0.000000
vt 0.833333 0.000000
vt 0.828947 0.000000
vt 0.043860 0.000000
vt 0.048246 0.000000
vt 0.824561 0.000000
vt 0.820175 0.000000
vt 0.815789 0.000000
vt 0.039474 0.000000
vt 0.837719 0.000000
vt 0.811404 0.000000
vt 0.807018 0.000000
vt 0.802632 0.000000
vt 0.798246 0.000000
vt 0.793860 0.000000
vt 0.057018 0.000000
vt 0.627193 0.000000
vt 0.622807 0.000000
vt 0.635965 0.000000
vt 0.618421 0.000000
vt 0.640351 0.000000
vt 0.543860 0.000000
vt 0.539474 0.000000
vt 0.298246 0.000000
vt 0.548246 0.000000
vt 0.293860 0.000000
vt 0.552632 0.000000
vt 0.557018 0.000000
vt 0.561404 0.000000
vt 0.289474 0.000000
vt 0.320175 0.000000
vt 0.521930 0.000000
vt 0.333333 0.000000
vt 0.328947 0.000000
vt 0.513158 0.000000
vt 0.508772 0.000000
vt 0.337719 0.000000
vt 0.517544 0.000000
vt 0.324561 0.000000
vt 0.311404 0.000000
vt 0.530702 0.000000
vt 0.307018 0.000000
vt 0.535088 0.000000
vt 0.302632 0.000000
vt 0.144737 0.000000
vt 0.140351 0.000000
vt 0.149123 0.000000
vt 0.153509 0.000000
vt 0.135965 0.000000
vt 0.438596 0.000000
vt 0.434211 0.000000
vt 0.447368 0.000000
vt 0.442982 0.000000
vt 0.416667 0.000000
vt 0.460526 0.000000
vt 0.456140 0.000000
vt 0.425439 0.000000
vt 0.451754 0.000000
vt 0.429825 0.000000
vt 0.478070 0.000000
vt 0.394737 0.000000
vt 0.399123 0.000000
vt 0.403509 0.000000
vt 0.469298 0.000000
vt 0.407895 0.000000
vt 0.464912 0.000000
vt 0.412281 0.000000
vt 0.364035 0.000000
vt 0.495614 0.000000
vt 0.491228 0.000000
vt 0.372807 0.000000
vt 0.486842 0.000000
vt 0.377193 0.000000
vt 0.381579 0.000000
vt 0.482456 0.000000
vt 0.385965 0.000000
vt 0.390351 0.000000
vt 0.504386 0.000000
vt 0.342105 0.000000
vt 0.346491 0.000000
vt 0.500000 0.000000
vt 0.350877 0.000000
vt 0.355263 0.000000
vt 0.359649 0.000000
vt 0.565789 0.000000
vt 0.570175 0.000000
vt 0.574561 0.000000
vt 0.285088 0.000000
vt 0.583333 0.000000
vt 0.587719 0.000000
vt 0.592105 0.000000
vt 0.596491 0.000000
vt 0.600877 0.000000
vt 0.605263 0.000000
vt 0.609649 0.000000
vt 0.614035 0.000000
vt 0.644737 0.000000
vt 0.649123 0.000000
vt 0.280702 0.000000
vt 0.653509 0.000000
vt 0.657895 0.000000
vt 0.662281 0.000000
vt 0.276316 0.000000
vt 0.666667 0.000000
vt 0.671053 0.000000
vt 0.271930 0.000000
vt 0.675439 0.000000
vt 0.267544 0.000000
vt 0.679825 0.000000
vt 0.258772 0.000000
vt 0.254386 0.000000
vt 0.688596 0.000000
vt 0.250000 0.000000
vt 0.692982 0.000000
vt 0.245614 0.000000
vt 0.241228 0.000000
vt 0.697368 0.000000
vt 0.236842 0.000000
vt 0.701754 0.000000
vt 0.232456 0.000000
vt 0.228070 0.000000
vt 0.706140 0.000000
vt 0.223684 0.000000
vt 0.710526 0.000000
vt 0.219298 0.000000
vt 0.214912 0.000000
vt 0.714912 0.000000
vt 0.206140 0.000000
vt 0.719298 0.000000
vt 0.201754 0.000000
vt 0.723684 0.000000
vt 0.197368 0.000000
vt 0.728070 0.000000
vt 0.192982 0.000000
vt 0.732456 0.000000
vt 0.188596 0.000000
vt 0.184211 0.000000
vt 0.741228 0.000000
vt 0.179825 0.000000
vt 0.175439 0.000000
vt 0.745614 0.000000
vt 0.171053 0.000000
vt 0.166667 0.000000
vt 0.750000 0.000000
vt 0.162281 0.000000
vt 0.131579 0.000000
vt 0.127193 0.000000
vt 0.122807 0.000000
vt 0.118421 0.000000
vt 0.754386 0.000000
vt 0.114035 0.000000
vt 0.109649 0.000000
vt 0.758772 0.000000
vt 0.100877 0.000000
vt 0.763158 0.000000
vt 0.096491 0.000000
vt 0.092105 0.000000
vt 0.767544 0.000000
vt 0.087719 0.000000
vt 0.083333 0.000000
vt 0.771930 0.000000
vt 0.078947 0.000000
vt 0.074561 0.000000
vt 0.776316 0.000000
vt 0.070175 0.000000
vt 0.780702 0.000000
vt 0.065789 0.000000
vt 0.785088 0.000000
vt 0.061404 0.000000
vt 0.004386 0.000000
vt 0.718663 0.000000
vt 0.715877 0.000000
vt 0.713092 0.000000
vt 0.710306 0.000000
vt 0.699164 0.000000
vt 0.696379 0.000000
vt 0.738162 0.000000
vt 0.735376 0.000000
vt 0.732591 0.000000
vt 0.701950 0.000000
vt 0.729805 0.000000
vt 0.727019 0.000000
vt 0.704735 0.000000
vt 0.724234 0.000000
vt 0.707521 0.000000
vt 0.721448 0.000000
vt 0.763231 0.000000
vt 0.760446 0.000000
vt 0.685237 0.000000
vt 0.757660 0.000000
vt 0.688022 0.000000
vt 0.754875 0.000000
vt 0.752089 0.000000
vt 0.690808 0.000000
vt 0.749304 0.000000
vt 0.746518 0.000000
vt 0.743733 0.000000
vt 0.693593 0.000000
vt 0.740947 0.000000
vt 0.799443 0.000000
vt 0.796657 0.000000
vt 0.793872 0.000000
vt 0.777159 0.000000
vt 0.774373 0.000000
vt 0.807799 0.000000
vt 0.805014 0.000000
vt 0.779944 0.000000
vt 0.782730 0.000000
vt 0.802228 0.000000
vt 0.785515 0.000000
vt 0.788301 0.000000
vt 0.791086 0.000000
vt 0.880223 0.000000
vt 0.877437 0.000000
vt 0.643454 0.000000
vt 0.646240 0.000000
vt 0.874652 0.000000
vt 0.885794 0.000000
vt 0.883008 0.000000
vt 0.640669 0.000000
vt 0.637883 0.000000
vt 0.891365 0.000000
vt 0.888579 0.000000
vt 0.894150 0.000000
vt 0.075209 0.000000
vt 0.072423 0.000000
vt 0.428969 0.000000
vt 0.426184 0.000000
vt 0.077994 0.000000
vt 0.635098 0.000000
vt 0.899721 0.000000
vt 0.896936 0.000000
vt 0.905292 0.000000
vt 0.632312 0.000000
vt 0.908078 0.000000
vt 0.902507 0.000000
vt 0.086351 0.000000
vt 0.417827 0.000000
vt 0.415042 0.000000
vt 0.629526 0.000000
vt 0.913649 0.000000
vt 0.910864 0.000000
vt 0.089136 0.000000
vt 0.412256 0.000000
vt 0.409471 0.000000
vt 0.091922 0.000000
vt 0.403900 0.000000
vt 0.094708 0.000000
vt 0.406685 0.000000
vt 0.626741 0.000000
vt 0.916435 0.000000
vt 0.919220 0.000000
vt 0.493036 0.000000
vt 0.490251 0.000000
vt 0.002786 0.000000
vt 0.487465 0.000000
vt 0.484680 0.000000
vt 0.005571 0.000000
vt 0.481894 0.000000
vt 0.423398 0.000000
vt 0.080780 0.000000
vt 0.420613 0.000000
vt 0.083565 0.000000
vt 0.649025 0.000000
vt 0.871866 0.000000
vt 0.869081 0.000000
vt 0.651811 0.000000
vt 0.866295 0.000000
vt 0.863510 0.000000
vt 0.654596 0.000000
vt 0.860724 0.000000
vt 0.657382 0.000000
vt 0.857939 0.000000
vt 0.660167 0.000000
vt 0.855153 0.000000
vt 0.662953 0.000000
vt 0.852368 0.000000
vt 0.665738 0.000000
vt 0.849582 0.000000
vt 0.668524 0.000000
vt 0.846797 0.000000
vt 0.671309 0.000000
vt 0.844011 0.000000
vt 0.674095 0.000000
vt 0.676880 0.000000
vt 0.841226 0.000000
vt 0.679666 0.000000
vt 0.682451 0.000000
vt 0.766017 0.000000
vt 0.768802 0.000000
vt 0.838440 0.000000
vt 0.771588 0.000000
vt 0.810585 0.000000
vt 0.813370 0.000000
vt 0.816156 0.000000
vt 0.818942 0.000000
vt 0.821727 0.000000
vt 0.824513 0.000000
vt 0.827298 0.000000
vt 0.830084 0.000000
vt 0.832869 0.000000
vt 0.835655 0.000000
vt 0.008357 0.000000
vt 0.479109 0.000000
vt 0.476323 0.000000
vt 0.011142 0.000000
vt 0.473538 0.000000
vt 0.013928 0.000000
vt 0.470752 0.000000
vt 0.016713 0.000000
vt 0.467967 0.000000
vt 0.019499 0.000000
vt 0.022284 0.000000
vt 0.465181 0.000000
vt 0.025070 0.000000
vt 0.462396 0.000000
vt 0.027855 0.000000
vt 0.459610 0.000000
vt 0.030641 0.000000
vt 0.033426 0.000000
vt 0.456825 0.000000
vt 0.036212 0.000000
vt 0.454039 0.000000
vt 0.038997 0.000000
vt 0.451253 0.000000
vt 0.041783 0.000000
vt 0.044568 0.000000
vt 0.448468 0.000000
vt 0.047354 0.000000
vt 0.050139 0.000000
vt 0.445682 0.000000
vt 0.052925 0.000000
vt 0.442897 0.000000
vt 0.055710 0.000000
vt 0.058496 0.000000
vt 0.440111 0.000000
vt 0.061281 0.000000
vt 0.437326 0.000000
vt 0.064067 0.000000
vt 0.434540 0.000000
vt 0.066852 0.000000
vt 0.431755 0.000000
vt 0.069638 0.000000
vt 0.927577 0.000000
vt 0.623955 0.000000
vt 0.621170 0.000000
vt 0.930362 0.000000
vt 0.933148 0.000000
vt 0.100279 0.000000
vt 0.398329 0.000000
vt 0.395543 0.000000
vt 0.618384 0.000000
vt 0.935933 0.000000
vt 0.938719 0.000000
vt 0.401114 0.000000
vt 0.097493 0.000000
vt 0.103064 0.000000
vt 0.392758 0.000000
vt 0.389972 0.000000
vt 0.387187 0.000000
vt 0.105850 0.000000
vt 0.615599 0.000000
vt 0.941504 0.000000
vt 0.944290 0.000000
vt 0.612813 0.000000
vt 0.947075 0.000000
vt 0.949861 0.000000
vt 0.281337 0.000000
vt 0.278552 0.000000
vt 0.275766 0.000000
vt 0.284123 0.000000
vt 0.272981 0.000000
vt 0.286908 0.000000
vt 0.270195 0.000000
vt 0.289694 0.000000
vt 0.267409 0.000000
vt 0.292479 0.000000
vt 0.378830 0.000000
vt 0.376045 0.000000
vt 0.111421 0.000000
vt 0.610028 0.000000
vt 0.952646 0.000000
vt 0.381616 0.000000
vt 0.108635 0.000000
vt 0.384401 0.000000
vt 0.181058 0.000000
vt 0.178273 0.000000
vt 0.175487 0.000000
vt 0.183844 0.000000
vt 0.172702 0.000000
vt 0.186630 0.000000
vt 0.169916 0.000000
vt 0.189415 0.000000
vt 0.167131 0.000000
vt 0.192201 0.000000
vt 0.194986 0.000000
vt 0.164345 0.000000
vt 0.197772 0.000000
vt 0.161560 0.000000
vt 0.200557 0.000000
vt 0.158774 0.000000
vt 0.155989 0.000000
vt 0.153203 0.000000
vt 0.203343 0.000000
vt 0.150418 0.000000
vt 0.206128 0.000000
vt 0.147632 0.000000
vt 0.208914 0.000000
vt 0.211699 0.000000
vt 0.144847 0.000000
vt 0.214485 0.000000
vt 0.217270 0.000000
vt 0.220056 0.000000
vt 0.142061 0.000000
vt 0.222841 0.000000
vt 0.225627 0.000000
vt 0.228412 0.000000
vt 0.139276 0.000000
vt 0.231198 0.000000
vt 0.607242 0.000000
vt 0.955432 0.000000
vt 0.958217 0.000000
vt 0.604457 0.000000
vt 0.961003 0.000000
vt 0.601671 0.000000
vt 0.963788 0.000000
vt 0.966574 0.000000
vt 0.598886 0.000000
vt 0.969359 0.000000
vt 0.596100 0.000000
vt 0.972145 0.000000
vt 0.593315 0.000000
vt 0.590529 0.000000
vt 0.587744 0.000000
vt 0.974930 0.000000
vt 0.584958 0.000000
vt 0.582173 0.000000
vt 0.579387 0.000000
vt 0.576602 0.000000
vt 0.977716 0.000000
vt 0.573816 0.000000
vt 0.571031 0.000000
vt 0.568245 0.000000
vt 0.565460 0.000000
vt 0.980501 0.000000
vt 0.562674 0.000000
vt 0.559889 0.000000
vt 0.557103 0.000000
vt 0.554318 0.000000
vt 0.551532 0.000000
vt 0.548747 0.000000
vt 0.545961 0.000000
vt 0.983287 0.000000
vt 0.543175 0.000000
vt 0.540390 0.000000
vt 0.537604 0.000000
vt 0.534819 0.000000
vt 0.532033 0.000000
vt 0.986072 0.000000
vt 0.529248 0.000000
vt 0.526462 0.000000
vt 0.523677 0.000000
vt 0.520891 0.000000
vt 0.988858 0.000000
vt 0.518106 0.000000
vt 0.515320 0.000000
vt 0.264624 0.000000
vt 0.295265 0.000000
vt 0.261838 0.000000
vt 0.259053 0.000000
vt 0.298050 0.000000
vt 0.256267 0.000000
vt 0.253482 0.000000
vt 0.250696 0.000000
vt 0.247911 0.000000
vt 0.300836 0.000000
vt 0.245125 0.000000
vt 0.242340 0.000000
vt 0.303621 0.000000
vt 0.239554 0.000000
vt 0.306407 0.000000
vt 0.309192 0.000000
vt 0.236769 0.000000
vt 0.311978 0.000000
vt 0.314763 0.000000
vt 0.233983 0.000000
vt 0.317549 0.000000
vt 0.320334 0.000000
vt 0.323120 0.000000
vt 0.325905 0.000000
vt 0.136490 0.000000
vt 0.328691 0.000000
vt 0.331476 0.000000
vt 0.334262 0.000000
vt 0.337047 0.000000
vt 0.133705 0.000000
vt 0.339833 0.000000
vt 0.342618 0.000000
vt 0.130919 0.000000
vt 0.345404 0.000000
vt 0.348189 0.000000
vt 0.128134 0.000000
vt 0.350975 0.000000
vt 0.353760 0.000000
vt 0.356546 0.000000
vt 0.125348 0.000000
vt 0.359331 0.000000
vt 0.362117 0.000000
vt 0.364902 0.000000
vt 0.122563 0.000000
vt 0.367688 0.000000
vt 0.119777 0.000000
vt 0.370474 0.000000
vt 0.116992 0.000000
vt 0.373259 0.000000
vt 0.114206 0.000000
vt 0.922006 0.000000
vt 0.924791 0.000000
vt 0.991643 0.000000
vt 0.512535 0.000000
vt 0.509749 0.000000
vt 0.994429 0.000000
vt 0.506964 0.000000
vt 0.504178 0.000000
vt 0.997214 0.000000
vt 0.501393 0.000000
vt 0.498607 0.000000
vt 0.495822 0.000000
vt 0.000000 1.000000
vt 0.002778 1.000000
vt 0.002778 0.000000
vt 0.005556 1.000000
vt 0.005556 0.000000
vt 0.008333 1.000000
vt 0.008333 0.000000
vt 0.011111 1.000000
vt 0.011111 0.000000
vt 0.013889 1.000000
vt 0.013889 0.000000
vt 0.016667 1.000000
vt 0.016667 0.000000
vt 0.019444 1.000000
vt 0.019444 0.000000
vt 0.022222 1.000000
vt 0.022222 0.000000
vt 0.025000 1.000000
vt 0.025000 0.000000
vt 0.027778 1.000000
vt 0.027778 0.000000
vt 0.030556 1.000000
vt 0.030556 0.000000
vt 0.033333 1.000000
vt 0.033333 0.000000
vt 0.036111 1.000000
vt 0.036111 0.000000
vt 0.038889 1.000000
vt 0.038889 0.000000
vt 0.041667 1.000000
vt 0.041667 0.000000
vt 0.044444 1.000000
vt 0.044444 0.000000
vt 0.047222 1.000000
vt 0.047222 0.000000
vt 0.050000 1.000000
vt 0.050000 0.000000
vt 0.052778 1.000000
vt 0.052778 0.000000
vt 0.055556 1.000000
vt 0.055556 0.000000
vt 0.058333 1.000000
vt 0.058333 0.000000
vt 0.061111 1.000000
vt 0.061111 0.000000
vt 0.063889 1.000000
vt 0.063889 0.000000
vt 0.066667 1.000000
vt 0.066667 0.000000
vt 0.069444 1.000000
vt 0.069444 0.000000
vt 0.072222 1.000000
vt 0.072222 0.000000
vt 0.075000 1.000000
vt 0.075000 0.000000
vt 0.077778 1.000000
vt 0.077778 0.000000
vt 0.080556 1.000000
vt 0.080556 0.000000
vt 0.083333 1.000000
vt 0.086111 1.000000
vt 0.086111 0.000000
vt 0.088889 1.000000
vt 0.088889 0.000000
vt 0.091667 1.000000
vt 0.091667 0.000000
vt 0.094444 1.000000
vt 0.094444 0.000000
vt 0.097222 1.000000
vt 0.097222 0.000000
vt 0.100000 1.000000
vt 0.100000 0.000000
vt 0.102778 1.000000
vt 0.102778 0.000000
vt 0.105556 1.000000
vt 0.105556 0.000000
vt 0.108333 1.000000
vt 0.108333 0.000000
vt 0.111111 1.000000
vt 0.111111 0.000000
vt 0.113889 1.000000
vt 0.113889 0.000000
vt 0.116667 1.000000
vt 0.116667 0.000000
vt 0.119444 1.000000
vt 0.119444 0.000000
vt 0.122222 1.000000
vt 0.122222 0.000000
vt 0.125000 1.000000
vt 0.125000 0.000000
vt 0.127778 1.000000
vt 0.127778 0.000000
vt 0.130556 1.000000
vt 0.130556 0.000000
vt 0.133333 1.000000
vt 0.133333 0.000000
vt 0.136111 1.000000
vt 0.136111 0.000000
vt 0.138889 1.000000
vt 0.138889 0.000000
vt 0.141667 1.000000
vt 0.141667 0.000000
vt 0.144444 1.000000
vt 0.144444 0.000000
vt 0.147222 1.000000
vt 0.147222 0.000000
vt 0.150000 1.000000
vt 0.150000 0.000000
vt 0.152778 1.000000
vt 0.152778 0.000000
vt 0.155556 1.000000
vt 0.155556 0.000000
vt 0.158333 1.000000
vt 0.158333 0.000000
vt 0.161111 1.000000
vt 0.161111 0.000000
vt 0.163889 1.000000
vt 0.163889 0.000000
vt 0.166667 1.000000
vt 0.169444 1.000000
vt 0.169444 0.000000
vt 0.172222 1.000000
vt 0.172222 0.000000
vt 0.175000 1.000000
vt 0.175000 0.000000
vt 0.177778 1.000000
vt 0.177778 0.000000
vt 0.180556 1.000000
vt 0.180556 0.000000
vt 0.183333 1.000000
vt 0.183333 0.000000
vt 0.186111 1.000000
vt 0.186111 0.000000
vt 0.188889 1.000000
vt 0.188889 0.000000
vt 0.191667 1.000000
vt 0.191667 0.000000
vt 0.194444 1.000000
vt 0.194444 0.000000
vt 0.197222 1.000000
vt 0.197222 0.000000
vt 0.200000 1.000000
vt 0.202778 1.000000
vt 0.202778 0.000000
vt 0.205556 1.000000
vt 0.205556 0.000000
vt 0.208333 1.000000
vt 0.208333 0.000000
vt 0.211111 1.000000
vt 0.211111 0.000000
vt 0.213889 1.000000
vt 0.213889 0.000000
vt 0.216667 1.000000
vt 0.216667 0.000000
vt 0.219444 1.000000
vt 0.219444 0.000000
vt 0.222222 1.000000
vt 0.222222 0.000000
vt 0.225000 1.000000
vt 0.225000 0.000000
vt 0.227778 1.000000
vt 0.227778 0.000000
vt 0.230556 1.000000
vt 0.230556 0.000000
vt 0.233333 1.000000
vt 0.233333 0.000000
vt 0.236111 1.000000
vt 0.236111 0.000000
vt 0.238889 1.000000
vt 0.238889 0.000000
vt 0.241667 1.000000
vt 0.241667 0.000000
vt 0.244444 1.000000
vt 0.244444 0.000000
vt 0.247222 1.000000
vt 0.247222 0.000000
vt 0.250000 1.000000
vt 0.252778 1.000000
vt 0.252778 0.000000
vt 0.255556 1.000000
vt 0.255556 0.000000
vt 0.258333 1.000000
vt 0.258333 0.000000
vt 0.261111 1.000000
vt 0.261111 0.000000
vt 0.263889 1.000000
vt 0.263889 0.000000
vt 0.266667 1.000000
vt 0.266667 0.000000
vt 0.269444 1.000000
vt 0.269444 0.000000
vt 0.272222 1.000000
vt 0.272222 0.000000
vt 0.275000 1.000000
vt 0.275000 0.000000
vt 0.277778 1.000000
vt 0.277778 0.000000
vt 0.280556 1.000000
vt 0.280556 0.000000
vt 0.283333 1.000000
vt 0.283333 0.000000
vt 0.286111 1.000000
vt 0.286111 0.000000
vt 0.288889 1.000000
vt 0.288889 0.000000
vt 0.291667 1.000000
vt 0.291667 0.000000
vt 0.294444 1.000000
vt 0.294444 0.000000
vt 0.297222 1.000000
vt 0.297222 0.000000
vt 0.300000 1.000000
vt 0.300000 0.000000
vt 0.302778 1.000000
vt 0.302778 0.000000
vt 0.305556 1.000000
vt 0.305556 0.000000
vt 0.308333 1.000000
vt 0.308333 0.000000
vt 0.311111 1.000000
vt 0.311111 0.000000
vt 0.313889 1.000000
vt 0.313889 0.000000
vt 0.316667 1.000000
vt 0.316667 0.000000
vt 0.319444 1.000000
vt 0.319444 0.000000
vt 0.322222 1.000000
vt 0.322222 0.000000
vt 0.325000 1.000000
vt 0.325000 0.000000
vt 0.327778 1.000000
vt 0.327778 0.000000
vt 0.330556 1.000000
vt 0.330556 0.000000
vt 0.333333 1.000000
vt 0.336111 1.000000
vt 0.336111 0.000000
vt 0.338889 1.000000
vt 0.338889 0.000000
vt 0.341667 1.000000
vt 0.341667 0.000000
vt 0.344444 1.000000
vt 0.344444 0.000000
vt 0.347222 1.000000
vt 0.347222 0.000000
vt 0.350000 1.000000
vt 0.350000 0.000000
vt 0.352778 1.000000
vt 0.352778 0.000000
vt 0.355556 1.000000
vt 0.355556 0.000000
vt 0.358333 1.000000
vt 0.358333 0.000000
vt 0.361111 1.000000
vt 0.361111 0.000000
vt 0.363889 1.000000
vt 0.363889 0.000000
vt 0.366667 1.000000
vt 0.366667 0.000000
vt 0.369444 1.000000
vt 0.369444 0.000000
vt 0.372222 1.000000
vt 0.372222 0.000000
vt 0.375000 1.000000
vt 0.375000 0.000000
vt 0.377778 1.000000
vt 0.377778 0.000000
vt 0.380556 1.000000
vt 0.380556 0.000000
vt 0.383333 1.000000
vt 0.383333 0.000000
vt 0.386111 1.000000
vt 0.386111 0.000000
vt 0.388889 1.000000
vt 0.388889 0.000000
vt 0.391667 1.000000
vt 0.391667 0.000000
vt 0.394444 1.000000
vt 0.394444 0.000000
vt 0.397222 1.000000
vt 0.397222 0.000000
vt 0.400000 1.000000
vt 0.402778 1.000000
vt 0.402778 0.000000
vt 0.405556 1.000000
vt 0.405556 0.000000
vt 0.408333 1.000000
vt 0.408333 0.000000
vt 0.411111 1.000000
vt 0.411111 0.000000
vt 0.413889 1.000000
vt 0.413889 0.000000
vt 0.416667 1.000000
vt 0.419444 1.000000
vt 0.419444 0.000000
vt 0.422222 1.000000
vt 0.422222 0.000000
vt 0.425000 1.000000
vt 0.425000 0.000000
vt 0.427778 1.000000
vt 0.427778 0.000000
vt 0.430556 1.000000
vt 0.430556 0.000000
vt 0.433333 1.000000
vt 0.433333 0.000000
vt 0.436111 1.000000
vt 0.436111 0.000000
vt 0.438889 1.000000
vt 0.438889 0.000000
vt 0.441667 1.000000
vt 0.441667 0.000000
vt 0.444444 1.000000
vt 0.444444 0.000000
vt 0.447222 1.000000
vt 0.447222 0.000000
vt 0.450000 1.000000
vt 0.450000 0.000000
vt 0.452778 1.000000
vt 0.452778 0.000000
vt 0.455556 1.000000
vt 0.455556 0.000000
vt 0.458333 1.000000
vt 0.458333 0.000000
vt 0.461111 1.000000
vt 0.461111 0.000000
vt 0.463889 1.000000
vt 0.463889 0.000000
vt 0.466667 1.000000
vt 0.466667 0.000000
vt 0.469444 1.000000
vt 0.469444 0.000000
vt 0.472222 1.000000
vt 0.472222 0.000000
vt 0.475000 1.000000
vt 0.475000 0.000000
vt 0.477778 1.000000
vt 0.477778 0.000000
vt 0.480556 1.000000
vt 0.480556 0.000000
vt 0.483333 1.000000
vt 0.483333 0.000000
vt 0.486111 1.000000
vt 0.486111 0.000000
vt 0.488889 1.000000
vt 0.488889 0.000000
vt 0.491667 1.000000
vt 0.491667 0.000000
vt 0.494444 1.000000
vt 0.494444 0.000000
vt 0.497222 1.000000
vt 0.497222 0.000000
vt 0.500000 1.000000
vt 0.502778 1.000000
vt 0.502778 0.000000
vt 0.505556 1.000000
vt 0.505556 0.000000
vt 0.508333 1.000000
vt 0.508333 0.000000
vt 0.511111 1.000000
vt 0.511111 0.000000
vt 0.513889 1.000000
vt 0.513889 0.000000
vt 0.516667 1.000000
vt 0.516667 0.000000
vt 0.519444 1.000000
vt 0.519444 0.000000
vt 0.522222 1.000000
vt 0.522222 0.000000
vt 0.525000 1.000000
vt 0.525000 0.000000
vt 0.527778 1.000000
vt 0.527778 0.000000
vt 0.530556 1.000000
vt 0.530556 0.000000
vt 0.533333 1.000000
vt 0.533333 0.000000
vt 0.536111 1.000000
vt 0.536111 0.000000
vt 0.538889 1.000000
vt 0.538889 0.000000
vt 0.541667 1.000000
vt 0.541667 0.000000
vt 0.544444 1.000000
vt 0.544444 0.000000
vt 0.547222 1.000000
vt 0.547222 0.000000
vt 0.550000 1.000000
vt 0.550000 0.000000
vt 0.552778 1.000000
vt 0.552778 0.000000
vt 0.555556 1.000000
vt 0.555556 0.000000
vt 0.558333 1.000000
vt 0.558333 0.000000
vt 0.561111 1.000000
vt 0.561111 0.000000
vt 0.563889 1.000000
vt 0.563889 0.000000
vt 0.566667 1.000000
vt 0.566667 0.000000
vt 0.569444 1.000000
vt 0.569444 0.000000
vt 0.572222 1.000000
vt 0.572222 0.000000
vt 0.575000 1.000000
vt 0.575000 0.000000
vt 0.577778 1.000000
vt 0.577778 0.000000
vt 0.580556 1.000000
vt 0.580556 0.000000
vt 0.583333 1.000000
vt 0.586111 1.000000
vt 0.586111 0.000000
vt 0.588889 1.000000
vt 0.588889 0.000000
vt 0.591667 1.000000
vt 0.591667 0.000000
vt 0.594444 1.000000
vt 0.594444 0.000000
vt 0.597222 1.000000
vt 0.597222 0.000000
vt 0.600000 1.000000
vt 0.602778 1.000000
vt 0.602778 0.000000
vt 0.605556 1.000000
vt 0.605556 0.000000
vt 0.608333 1.000000
vt 0.608333 0.000000
vt 0.611111 1.000000
vt 0.611111 0.000000
vt 0.613889 1.000000
vt 0.613889 0.000000
vt 0.616667 1.000000
vt 0.616667 0.000000
vt 0.619444 1.000000
vt 0.619444 0.000000
vt 0.622222 1.000000
vt 0.622222 0.000000
vt 0.625000 1.000000
vt 0.625000 0.000000
vt 0.627778 1.000000
vt 0.627778 0.000000
vt 0.630556 1.000000
vt 0.630556 0.000000
vt 0.633333 1.000000
vt 0.633333 0.000000
vt 0.636111 1.000000
vt 0.636111 0.000000
vt 0.638889 1.000000
vt 0.638889 0.000000
vt 0.641667 1.000000
vt 0.641667 0.000000
vt 0.644444 1.000000
vt 0.644444 0.000000
vt 0.647222 1.000000
vt 0.647222 0.000000
vt 0.650000 1.000000
vt 0.650000 0.000000
vt 0.652778 1.000000
vt 0.652778 0.000000
vt 0.655556 1.000000
vt 0.655556 0.000000
vt 0.658333 1.000000
vt 0.658333 0.000000
vt 0.661111 1.000000
vt 0.661111 0.000000
vt 0.663889 1.000000
vt 0.663889 0.000000
vt 0.666667 1.000000
vt 0.669444 1.000000
vt 0.669444 0.000000
vt 0.672222 1.000000
vt 0.672222 0.000000
vt 0.675000 1.000000
vt 0.675000 0.000000
vt 0.677778 1.000000
vt 0.677778 0.000000
vt 0.680556 1.000000
vt 0.680556 0.000000
vt 0.683333 1.000000
vt 0.683333 0.000000
vt 0.686111 1.000000
vt 0.686111 0.000000
vt 0.688889 1.000000
vt 0.688889 0.000000
vt 0.691667 1.000000
vt 0.691667 0.000000
vt 0.694444 1.000000
vt 0.694444 0.000000
vt 0.697222 1.000000
vt 0.697222 0.000000
vt 0.700000 1.000000
vt 0.700000 0.000000
vt 0.702778 1.000000
vt 0.702778 0.000000
vt 0.705556 1.000000
vt 0.705556 0.000000
vt 0.708333 1.000000
vt 0.708333 0.000000
vt 0.711111 1.000000
vt 0.711111 0.000000
vt 0.713889 1.000000
vt 0.713889 0.000000
vt 0.716667 1.000000
vt 0.716667 0.000000
vt 0.719444 1.000000
vt 0.719444 0.000000
vt 0.722222 1.000000
vt 0.722222 0.000000
vt 0.725000 1.000000
vt 0.725000 0.000000
vt 0.727778 1.000000
vt 0.727778 0.000000
vt 0.730556 1.000000
vt 0.730556 0.000000
vt 0.733333 1.000000
vt 0.733333 0.000000
vt 0.736111 1.000000
vt 0.736111 0.000000
vt 0.738889 1.000000
vt 0.738889 0.000000
vt 0.741667 1.000000
vt 0.741667 0.000000
vt 0.744444 1.000000
vt 0.744444 0.000000
vt 0.747222 1.000000
vt 0.747222 0.000000
vt 0.750000 1.000000
vt 0.752778 1.000000
vt 0.752778 0.000000
vt 0.755556 1.000000
vt 0.755556 0.000000
vt 0.758333 1.000000
vt 0.758333 0.000000
vt 0.761111 1.000000
vt 0.761111 0.000000
vt 0.763889 1.000000
vt 0.763889 0.000000
vt 0.766667 1.000000
vt 0.766667 0.000000
vt 0.769444 1.000000
vt 0.769444 0.000000
vt 0.772222 1.000000
vt 0.772222 0.000000
vt 0.775000 1.000000
vt 0.775000 0.000000
vt 0.777778 1.000000
vt 0.777778 0.000000
vt 0.780556 1.000000
vt 0.780556 0.000000
vt 0.783333 1.000000
vt 0.783333 0.000000
vt 0.786111 1.000000
vt 0.786111 0.000000
vt 0.788889 1.000000
vt 0.788889 0.000000
vt 0.791667 1.000000
vt 0.791667 0.000000
vt 0.794444 1.000000
vt 0.794444 0.000000
vt 0.797222 1.000000
vt 0.797222 0.000000
vt 0.800000 1.000000
vt 0.802778 1.000000
vt 0.802778 0.000000
vt 0.805556 1.000000
vt 0.805556 0.000000
vt 0.808333 1.000000
vt 0.808333 0.000000
vt 0.811111 1.000000
vt 0.811111 0.000000
vt 0.813889 1.000000
vt 0.813889 0.000000
vt 0.816667 1.000000
vt 0.816667 0.000000
vt 0.819444 1.000000
vt 0.819444 0.000000
vt 0.822222 1.000000
vt 0.822222 0.000000
vt 0.825000 1.000000
vt 0.825000 0.000000
vt 0.827778 1.000000
vt 0.827778 0.000000
vt 0.830556 1.000000
vt 0.830556 0.000000
vt 0.833333 1.000000
vt 0.836111 1.000000
vt 0.836111 0.000000
vt 0.838889 1.000000
vt 0.838889 0.000000
vt 0.841667 1.000000
vt 0.841667 0.000000
vt 0.844444 1.000000
vt 0.844444 0.000000
vt 0.847222 1.000000
vt 0.847222 0.000000
vt 0.850000 1.000000
vt 0.850000 0.000000
vt 0.852778 1.000000
vt 0.852778 0.000000
vt 0.855556 1.000000
vt 0.855556 0.000000
vt 0.858333 1.000000
vt 0.858333 0.000000
vt 0.861111 1.000000
vt 0.861111 0.000000
vt 0.863889 1.000000
vt 0.863889 0.000000
vt 0.866667 1.000000
vt 0.866667 0.000000
vt 0.869444 1.000000
vt 0.869444 0.000000
vt 0.872222 1.000000
vt 0.872222 0.000000
vt 0.875000 1.000000
vt 0.875000 0.000000
vt 0.877778 1.000000
vt 0.877778 0.000000
vt 0.880556 1.000000
vt 0.880556 0.000000
vt 0.883333 1.000000
vt 0.883333 0.000000
vt 0.886111 1.000000
vt 0.886111 0.000000
vt 0.888889 1.000000
vt 0.888889 0.000000
vt 0.891667 1.000000
vt 0.891667 0.000000
vt 0.894444 1.000000
vt 0.894444 0.000000
vt 0.897222 1.000000
vt 0.897222 0.000000
vt 0.900000 1.000000
vt 0.900000 0.000000
vt 0.902778 1.000000
vt 0.902778 0.000000
vt 0.905556 1.000000
vt 0.905556 0.000000
vt 0.908333 1.000000
vt 0.908333 0.000000
vt 0.911111 1.000000
vt 0.911111 0.000000
vt 0.913889 1.000000
vt 0.913889 0.000000
vt 0.916667 1.000000
vt 0.919444 1.000000
vt 0.919444 0.000000
vt 0.922222 1.000000
vt 0.922222 0.000000
vt 0.925000 1.000000
vt 0.925000 0.000000
vt 0.927778 1.000000
vt 0.927778 0.000000
vt 0.930556 1.000000
vt 0.930556 0.000000
vt 0.933333 1.000000
vt 0.933333 0.000000
vt 0.936111 1.000000
vt 0.936111 0.000000
vt 0.938889 1.000000
vt 0.938889 0.000000
vt 0.941667 1.000000
vt 0.941667 0.000000
vt 0.944444 1.000000
vt 0.944444 0.000000
vt 0.947222 1.000000
vt 0.947222 0.000000
vt 0.950000 1.000000
vt 0.950000 0.000000
vt 0.952778 1.000000
vt 0.952778 0.000000
vt 0.955556 1.000000
vt 0.955556 0.000000
vt 0.958333 1.000000
vt 0.958333 0.000000
vt 0.961111 1.000000
vt 0.961111 0.000000
vt 0.963889 1.000000
vt 0.963889 0.000000
vt 0.966667 1.000000
vt 0.966667 0.000000
vt 0.969444 1.000000
vt 0.969444 0.000000
vt 0.972222 1.000000
vt 0.972222 0.000000
vt 0.975000 1.000000
vt 0.975000 0.000000
vt 0.977778 1.000000
vt 0.977778 0.000000
vt 0.980556 1.000000
vt 0.980556 0.000000
vt 0.983333 1.000000
vt 0.983333 0.000000
vt 0.986111 1.000000
vt 0.986111 0.000000
vt 0.988889 1.000000
vt 0.988889 0.000000
vt 0.991667 1.000000
vt 0.991667 0.000000
vt 0.994444 1.000000
vt 0.994444 0.000000
vt 0.997222 1.000000
vt 0.997222 0.000000
vt 1.000000 1.000000
vt 0.004367 1.000000
vt 0.004367 0.000000
vt 0.008734 1.000000
vt 0.008734 0.000000
vt 0.013100 1.000000
vt 0.013100 0.000000
vt 0.017467 1.000000
vt 0.017467 0.000000
vt 0.021834 1.000000
vt 0.021834 0.000000
vt 0.026201 1.000000
vt 0.026201 0.000000
vt 0.030568 1.000000
vt 0.030568 0.000000
vt 0.034934 1.000000
vt 0.034934 0.000000
vt 0.039301 1.000000
vt 0.039301 0.000000
vt 0.043668 1.000000
vt 0.043668 0.000000
vt 0.048035 1.000000
vt 0.048035 0.000000
vt 0.052402 1.000000
vt 0.052402 0.000000
vt 0.056769 1.000000
vt 0.056769 0.000000
vt 0.061135 1.000000
vt 0.061135 0.000000
vt 0.065502 1.000000
vt 0.065502 0.000000
vt 0.069869 1.000000
vt 0.069869 0.000000
vt 0.074236 1.000000
vt 0.074236 0.000000
vt 0.078603 1.000000
vt 0.078603 0.000000
vt 0.082969 1.000000
vt 0.082969 0.000000
vt 0.087336 1.000000
vt 0.087336 0.000000
vt 0.091703 1.000000
vt 0.091703 0.000000
vt 0.096070 1.000000
vt 0.096070 0.000000
vt 0.100437 1.000000
vt 0.100437 0.000000
vt 0.104803 1.000000
vt 0.104803 0.000000
vt 0.109170 1.000000
vt 0.109170 0.000000
vt 0.113537 1.000000
vt 0.113537 0.000000
vt 0.117904 1.000000
vt 0.117904 0.000000
vt 0.122271 1.000000
vt 0.122271 0.000000
vt 0.126638 1.000000
vt 0.126638 0.000000
vt 0.131004 1.000000
vt 0.131004 0.000000
vt 0.135371 1.000000
vt 0.135371 0.000000
vt 0.139738 1.000000
vt 0.139738 0.000000
vt 0.144105 1.000000
vt 0.144105 0.000000
vt 0.148472 1.000000
vt 0.148472 0.000000
vt 0.152838 1.000000
vt 0.152838 0.000000
vt 0.157205 1.000000
vt 0.157205 0.000000
vt 0.161572 1.000000
vt 0.161572 0.000000
vt 0.165939 1.000000
vt 0.165939 0.000000
vt 0.170306 1.000000
vt 0.170306 0.000000
vt 0.174672 1.000000
vt 0.174672 0.000000
vt 0.179039 1.000000
vt 0.179039 0.000000
vt 0.183406 1.000000
vt 0.183406 0.000000
vt 0.187773 1.000000
vt 0.187773 0.000000
vt 0.192140 1.000000
vt 0.192140 0.000000
vt 0.196507 1.000000
vt 0.196507 0.000000
vt 0.200873 1.000000
vt 0.200873 0.000000
vt 0.205240 1.000000
vt 0.205240 0.000000
vt 0.209607 1.000000
vt 0.209607 0.000000
vt 0.213974 1.000000
vt 0.213974 0.000000
vt 0.218341 1.000000
vt 0.218341 0.000000
vt 0.222707 1.000000
vt 0.222707 0.000000
vt 0.227074 1.000000
vt 0.227074 0.000000
vt 0.231441 1.000000
vt 0.231441 0.000000
vt 0.235808 1.000000
vt 0.235808 0.000000
vt 0.240175 1.000000
vt 0.240175 0.000000
vt 0.244541 1.000000
vt 0.244541 0.000000
vt 0.248908 1.000000
vt 0.248908 0.000000
vt 0.253275 1.000000
vt 0.253275 0.000000
vt 0.257642 1.000000
vt 0.257642 0.000000
vt 0.262009 1.000000
vt 0.262009 0.000000
vt 0.266376 1.000000
vt 0.266376 0.000000
vt 0.270742 1.000000
vt 0.270742 0.000000
vt 0.275109 1.000000
vt 0.275109 0.000000
vt 0.279476 1.000000
vt 0.279476 0.000000
vt 0.283843 1.000000
vt 0.283843 0.000000
vt 0.288210 1.000000
vt 0.288210 0.000000
vt 0.292576 1.000000
vt 0.292576 0.000000
vt 0.296943 1.000000
vt 0.296943 0.000000
vt 0.301310 1.000000
vt 0.301310 0.000000
vt 0.305677 1.000000
vt 0.305677 0.000000
vt 0.310044 1.000000
vt 0.310044 0.000000
vt 0.314410 1.000000
vt 0.314410 0.000000
vt 0.318777 1.000000
vt 0.318777 0.000000
vt 0.323144 1.000000
vt 0.323144 0.000000
vt 0.327511 1.000000
vt 0.327511 0.000000
vt 0.331878 1.000000
vt 0.331878 0.000000
vt 0.336245 1.000000
vt 0.336245 0.000000
vt 0.340611 1.000000
vt 0.340611 0.000000
vt 0.344978 1.000000
vt 0.344978 0.000000
vt 0.349345 1.000000
vt 0.349345 0.000000
vt 0.353712 1.000000
vt 0.353712 0.000000
vt 0.358079 1.000000
vt 0.358079 0.000000
vt 0.362445 1.000000
vt 0.362445 0.000000
vt 0.366812 1.000000
vt 0.366812 0.000000
vt 0.371179 1.000000
vt 0.371179 0.000000
vt 0.375546 1.000000
vt 0.375546 0.000000
vt 0.379913 1.000000
vt 0.379913 0.000000
vt 0.384279 1.000000
vt 0.384279 0.000000
vt 0.388646 1.000000
vt 0.388646 0.000000
vt 0.393013 1.000000
vt 0.393013 0.000000
vt 0.397380 1.000000
vt 0.397380 0.000000
vt 0.401747 1.000000
vt 0.401747 0.000000
vt 0.406114 1.000000
vt 0.406114 0.000000
vt 0.410480 1.000000
vt 0.410480 0.000000
vt 0.414847 1.000000
vt 0.414847 0.000000
vt 0.419214 1.000000
vt 0.419214 0.000000
vt 0.423581 1.000000
vt 0.423581 0.000000
vt 0.427948 1.000000
vt 0.427948 0.000000
vt 0.432314 1.000000
vt 0.432314 0.000000
vt 0.436681 1.000000
vt 0.436681 0.000000
vt 0.441048 1.000000
vt 0.441048 0.000000
vt 0.445415 1.000000
vt 0.445415 0.000000
vt 0.449782 1.000000
vt 0.449782 0.000000
vt 0.454148 1.000000
vt 0.454148 0.000000
vt 0.458515 1.000000
vt 0.458515 0.000000
vt 0.462882 1.000000
vt 0.462882 0.000000
vt 0.467249 1.000000
vt 0.467249 0.000000
vt 0.471616 1.000000
vt 0.471616 0.000000
vt 0.475983 1.000000
vt 0.475983 0.000000
vt 0.480349 1.000000
vt 0.480349 0.000000
vt 0.484716 1.000000
vt 0.484716 0.000000
vt 0.489083 1.000000
vt 0.489083 0.000000
vt 0.493450 1.000000
vt 0.493450 0.000000
vt 0.497817 1.000000
vt 0.497817 0.000000
vt 0.502183 1.000000
vt 0.502183 0.000000
vt 0.506550 1.000000
vt 0.506550 0.000000
vt 0.510917 1.000000
vt 0.510917 0.000000
vt 0.515284 1.000000
vt 0.515284 0.000000
vt 0.519651 1.000000
vt 0.519651 0.000000
vt 0.524017 1.000000
vt 0.524017 0.000000
vt 0.528384 1.000000
vt 0.528384 0.000000
vt 0.532751 1.000000
vt 0.532751 0.000000
vt 0.537118 1.000000
vt 0.537118 0.000000
vt 0.541485 1.000000
vt 0.541485 0.000000
vt 0.545852 1.000000
vt 0.545852 0.000000
vt 0.550218 1.000000
vt 0.550218 0.000000
vt 0.554585 1.000000
vt 0.554585 0.000000
vt 0.558952 1.000000
vt 0.558952 0.000000
vt 0.563319 1.000000
vt 0.563319 0.000000
vt 0.567686 1.000000
vt 0.567686 0.000000
vt 0.572052 1.000000
vt 0.572052 0.000000
vt 0.576419 1.000000
vt 0.576419 0.000000
vt 0.580786 1.000000
vt 0.580786 0.000000
vt 0.585153 1.000000
vt 0.585153 0.000000
vt 0.589520 1.000000
vt 0.589520 0.000000
vt 0.593886 1.000000
vt 0.593886 0.000000
vt 0.598253 1.000000
vt 0.598253 0.000000
vt 0.602620 1.000000
vt 0.602620 0.000000
vt 0.606987 1.000000
vt 0.606987 0.000000
vt 0.611354 1.000000
vt 0.611354 0.000000
vt 0.615721 1.000000
vt 0.615721 0.000000
vt 0.620087 1.000000
vt 0.620087 0.000000
vt 0.624454 1.000000
vt 0.624454 0.000000
vt 0.628821 1.000000
vt 0.628821 0.000000
vt 0.633188 1.000000
vt 0.633188 0.000000
vt 0.637555 1.000000
vt 0.637555 0.000000
vt 0.641921 1.000000
vt 0.641921 0.000000
vt 0.646288 1.000000
vt 0.646288 0.000000
vt 0.650655 1.000000
vt 0.650655 0.000000
vt 0.655022 1.000000
vt 0.655022 0.000000
vt 0.659389 1.000000
vt 0.659389 0.000000
vt 0.663755 1.000000
vt 0.663755 0.000000
vt 0.668122 1.000000
vt 0.668122 0.000000
vt 0.672489 1.000000
vt 0.672489 0.000000
vt 0.676856 1.000000
vt 0.676856 0.000000
vt 0.681223 1.000000
vt 0.681223 0.000000
vt 0.685589 1.000000
vt 0.685589 0.000000
vt 0.689956 1.000000
vt 0.689956 0.000000
vt 0.694323 1.000000
vt 0.694323 0.000000
vt 0.698690 1.000000
vt 0.698690 0.000000
vt 0.703057 1.000000
vt 0.703057 0.000000
vt 0.707424 1.000000
vt 0.707424 0.000000
vt 0.711790 1.000000
vt 0.711790 0.000000
vt 0.716157 1.000000
vt 0.716157 0.000000
vt 0.720524 1.000000
vt 0.720524 0.000000
vt 0.724891 1.000000
vt 0.724891 0.000000
vt 0.729258 1.000000
vt 0.729258 0.000000
vt 0.733624 1.000000
vt 0.733624 0.000000
vt 0.737991 1.000000
vt 0.737991 0.000000
vt 0.742358 1.000000
vt 0.742358 0.000000
vt 0.746725 1.000000
vt 0.746725 0.000000
vt 0.751092 1.000000
vt 0.751092 0.000000
vt 0.755459 1.000000
vt 0.755459 0.000000
vt 0.759825 1.000000
vt 0.759825 0.000000
vt 0.764192 1.000000
vt 0.764192 0.000000
vt 0.768559 1.000000
vt 0.768559 0.000000
vt 0.772926 1.000000
vt 0.772926 0.000000
vt 0.777293 1.000000
vt 0.777293 0.000000
vt 0.781659 1.000000
vt 0.781659 0.000000
vt 0.786026 1.000000
vt 0.786026 0.000000
vt 0.790393 1.000000
vt 0.790393 0.000000
vt 0.794760 1.000000
vt 0.794760 0.000000
vt 0.799127 1.000000
vt 0.799127 0.000000
vt 0.803493 1.000000
vt 0.803493 0.000000
vt 0.807860 1.000000
vt 0.807860 0.000000
vt 0.812227 1.000000
vt 0.812227 0.000000
vt 0.816594 1.000000
vt 0.816594 0.000000
vt 0.820961 1.000000
vt 0.820961 0.000000
vt 0.825328 1.000000
vt 0.825328 0.000000
vt 0.829694 1.000000
vt 0.829694 0.000000
vt 0.834061 1.000000
vt 0.834061 0.000000
vt 0.838428 1.000000
vt 0.838428 0.000000
vt 0.842795 1.000000
vt 0.842795 0.000000
vt 0.847162 1.000000
vt 0.847162 0.000000
vt 0.851528 1.000000
vt 0.851528 0.000000
vt 0.855895 1.000000
vt 0.855895 0.000000
vt 0.860262 1.000000
vt 0.860262 0.000000
vt 0.864629 1.000000
vt 0.864629 0.000000
vt 0.868996 1.000000
vt 0.868996 0.000000
vt 0.873362 1.000000
vt 0.873362 0.000000
vt 0.877729 1.000000
vt 0.877729 0.000000
vt 0.882096 1.000000
vt 0.882096 0.000000
vt 0.886463 1.000000
vt 0.886463 0.000000
vt 0.890830 1.000000
vt 0.890830 0.000000
vt 0.895196 1.000000
vt 0.895196 0.000000
vt 0.899563 1.000000
vt 0.899563 0.000000
vt 0.903930 1.000000
vt 0.903930 0.000000
vt 0.908297 1.000000
vt 0.908297 0.000000
vt 0.912664 1.000000
vt 0.912664 0.000000
vt 0.917031 1.000000
vt 0.917031 0.000000
vt 0.921397 1.000000
vt 0.921397 0.000000
vt 0.925764 1.000000
vt 0.925764 0.000000
vt 0.930131 1.000000
vt 0.930131 0.000000
vt 0.934498 1.000000
vt 0.934498 0.000000
vt 0.938865 1.000000
vt 0.938865 0.000000
vt 0.943231 1.000000
vt 0.943231 0.000000
vt 0.947598 1.000000
vt 0.947598 0.000000
vt 0.951965 1.000000
vt 0.951965 0.000000
vt 0.956332 1.000000
vt 0.956332 0.000000
vt 0.960699 1.000000
vt 0.960699 0.000000
vt 0.965065 1.000000
vt 0.965065 0.000000
vt 0.969432 1.000000
vt 0.969432 0.000000
vt 0.973799 1.000000
vt 0.973799 0.000000
vt 0.978166 1.000000
vt 0.978166 0.000000
vt 0.982533 1.000000
vt 0.982533 0.000000
vt 0.986900 1.000000
vt 0.986900 0.000000
vt 0.991266 1.000000
vt 0.991266 0.000000
vt 0.995633 1.000000
vt 0.995633 0.000000
vt 0.010417 1.000000
vt 0.010417 0.000000
vt 0.020833 1.000000
vt 0.020833 0.000000
vt 0.031250 1.000000
vt 0.031250 0.000000
vt 0.052083 1.000000
vt 0.052083 0.000000
vt 0.062500 1.000000
vt 0.062500 0.000000
vt 0.072917 1.000000
vt 0.072917 0.000000
vt 0.093750 1.000000
vt 0.093750 0.000000
vt 0.104167 1.000000
vt 0.104167 0.000000
vt 0.114583 1.000000
vt 0.114583 0.000000
vt 0.135417 1.000000
vt 0.135417 0.000000
vt 0.145833 1.000000
vt 0.145833 0.000000
vt 0.156250 1.000000
vt 0.156250 0.000000
vt 0.177083 1.000000
vt 0.177083 0.000000
vt 0.187500 1.000000
vt 0.187500 0.000000
vt 0.197917 1.000000
vt 0.197917 0.000000
vt 0.218750 1.000000
vt 0.218750 0.000000
vt 0.229167 1.000000
vt 0.229167 0.000000
vt 0.239583 1.000000
vt 0.239583 0.000000
vt 0.260417 1.000000
vt 0.260417 0.000000
vt 0.270833 1.000000
vt 0.270833 0.000000
vt 0.281250 1.000000
vt 0.281250 0.000000
vt 0.302083 1.000000
vt 0.302083 0.000000
vt 0.312500 1.000000
vt 0.312500 0.000000
vt 0.322917 1.000000
vt 0.322917 0.000000
vt 0.343750 1.000000
vt 0.343750 0.000000
vt 0.354167 1.000000
vt 0.354167 0.000000
vt 0.364583 1.000000
vt 0.364583 0.000000
vt 0.385417 1.000000
vt 0.385417 0.000000
vt 0.395833 1.000000
vt 0.395833 0.000000
vt 0.406250 1.000000
vt 0.406250 0.000000
vt 0.427083 1.000000
vt 0.427083 0.000000
vt 0.437500 1.000000
vt 0.437500 0.000000
vt 0.447917 1.000000
vt 0.447917 0.000000
vt 0.468750 1.000000
vt 0.468750 0.000000
vt 0.479167 1.000000
vt 0.479167 0.000000
vt 0.489583 1.000000
vt 0.489583 0.000000
vt 0.510417 1.000000
vt 0.510417 0.000000
vt 0.520833 1.000000
vt 0.520833 0.000000
vt 0.531250 1.000000
vt 0.531250 0.000000
vt 0.552083 1.000000
vt 0.552083 0.000000
vt 0.562500 1.000000
vt 0.562500 0.000000
vt 0.572917 1.000000
vt 0.572917 0.000000
vt 0.593750 1.000000
vt 0.593750 0.000000
vt 0.604167 1.000000
vt 0.604167 0.000000
vt 0.614583 1.000000
vt 0.614583 0.000000
vt 0.635417 1.000000
vt 0.635417 0.000000
vt 0.645833 1.000000
vt 0.645833 0.000000
vt 0.656250 1.000000
vt 0.656250 0.000000
vt 0.677083 1.000000
vt 0.677083 0.000000
vt 0.687500 1.000000
vt 0.687500 0.000000
vt 0.697917 1.000000
vt 0.697917 0.000000
vt 0.718750 1.000000
vt 0.718750 0.000000
vt 0.729167 1.000000
vt 0.729167 0.000000
vt 0.739583 1.000000
vt 0.739583 0.000000
vt 0.760417 1.000000
vt 0.760417 0.000000
vt 0.770833 1.000000
vt 0.770833 0.000000
vt 0.781250 1.000000
vt 0.781250 0.000000
vt 0.802083 1.000000
vt 0.802083 0.000000
vt 0.812500 1.000000
vt 0.812500 0.000000
vt 0.822917 1.000000
vt 0.822917 0.000000
vt 0.843750 1.000000
vt 0.843750 0.000000
vt 0.854167 1.000000
vt 0.854167 0.000000
vt 0.864583 1.000000
vt 0.864583 0.000000
vt 0.885417 1.000000
vt 0.885417 0.000000
vt 0.895833 1.000000
vt 0.895833 0.000000
vt 0.906250 1.000000
vt 0.906250 0.000000
vt 0.927083 1.000000
vt 0.927083 0.000000
vt 0.937500 1.000000
vt 0.937500 0.000000
vt 0.947917 1.000000
vt 0.947917 0.000000
vt 0.968750 1.000000
vt 0.968750 0.000000
vt 0.979167 1.000000
vt 0.979167 0.000000
vt 0.989583 1.000000
vt 0.989583 0.000000
vt 0.009615 1.000000
vt 0.009615 0.000000
vt 0.019231 1.000000
vt 0.019231 0.000000
vt 0.028846 1.000000
vt 0.028846 0.000000
vt 0.038462 1.000000
vt 0.038462 0.000000
vt 0.048077 1.000000
vt 0.048077 0.000000
vt 0.057692 1.000000
vt 0.057692 0.000000
vt 0.067308 1.000000
vt 0.067308 0.000000
vt 0.076923 1.000000
vt 0.076923 0.000000
vt 0.086538 1.000000
vt 0.086538 0.000000
vt 0.096154 1.000000
vt 0.096154 0.000000
vt 0.105769 1.000000
vt 0.105769 0.000000
vt 0.115385 1.000000
vt 0.115385 0.000000
vt 0.134615 1.000000
vt 0.134615 0.000000
vt 0.144231 1.000000
vt 0.144231 0.000000
vt 0.153846 1.000000
vt 0.153846 0.000000
vt 0.163462 1.000000
vt 0.163462 0.000000
vt 0.173077 1.000000
vt 0.173077 0.000000
vt 0.182692 1.000000
vt 0.182692 0.000000
vt 0.192308 1.000000
vt 0.192308 0.000000
vt 0.201923 1.000000
vt 0.201923 0.000000
vt 0.211538 1.000000
vt 0.211538 0.000000
vt 0.221154 1.000000
vt 0.221154 0.000000
vt 0.230769 1.000000
vt 0.230769 0.000000
vt 0.240385 1.000000
vt 0.240385 0.000000
vt 0.259615 1.000000
vt 0.259615 0.000000
vt 0.269231 1.000000
vt 0.269231 0.000000
vt 0.278846 1.000000
vt 0.278846 0.000000
vt 0.288462 1.000000
vt 0.288462 0.000000
vt 0.298077 1.000000
vt 0.298077 0.000000
vt 0.307692 1.000000
vt 0.307692 0.000000
vt 0.317308 1.000000
vt 0.317308 0.000000
vt 0.326923 1.000000
vt 0.326923 0.000000
vt 0.336538 1.000000
vt 0.336538 0.000000
vt 0.346154 1.000000
vt 0.346154 0.000000
vt 0.355769 1.000000
vt 0.355769 0.000000
vt 0.365385 1.000000
vt 0.365385 0.000000
vt 0.384615 1.000000
vt 0.384615 0.000000
vt 0.394231 1.000000
vt 0.394231 0.000000
vt 0.403846 1.000000
vt 0.403846 0.000000
vt 0.413462 1.000000
vt 0.413462 0.000000
vt 0.423077 1.000000
vt 0.423077 0.000000
vt 0.432692 1.000000
vt 0.432692 0.000000
vt 0.442308 1.000000
vt 0.442308 0.000000
vt 0.451923 1.000000
vt 0.451923 0.000000
vt 0.461538 1.000000
vt 0.461538 0.000000
vt 0.471154 1.000000
vt 0.471154 0.000000
vt 0.480769 1.000000
vt 0.480769 0.000000
vt 0.490385 1.000000
vt 0.490385 0.000000
vt 0.509615 1.000000
vt 0.509615 0.000000
vt 0.519231 1.000000
vt 0.519231 0.000000
vt 0.528846 1.000000
vt 0.528846 0.000000
vt 0.538462 1.000000
vt 0.538462 0.000000
vt 0.548077 1.000000
vt 0.548077 0.000000
vt 0.557692 1.000000
vt 0.557692 0.000000
vt 0.567308 1.000000
vt 0.567308 0.000000
vt 0.576923 1.000000
vt 0.576923 0.000000
vt 0.586538 1.000000
vt 0.586538 0.000000
vt 0.596154 1.000000
vt 0.596154 0.000000
vt 0.605769 1.000000
vt 0.605769 0.000000
vt 0.615385 1.000000
vt 0.615385 0.000000
vt 0.634615 1.000000
vt 0.634615 0.000000
vt 0.644231 1.000000
vt 0.644231 0.000000
vt 0.653846 1.000000
vt 0.653846 0.000000
vt 0.663462 1.000000
vt 0.663462 0.000000
vt 0.673077 1.000000
vt 0.673077 0.000000
vt 0.682692 1.000000
vt 0.682692 0.000000
vt 0.692308 1.000000
vt 0.692308 0.000000
vt 0.701923 1.000000
vt 0.701923 0.000000
vt 0.711538 1.000000
vt 0.711538 0.000000
vt 0.721154 1.000000
vt 0.721154 0.000000
vt 0.730769 1.000000
vt 0.730769 0.000000
vt 0.740385 1.000000
vt 0.740385 0.000000
vt 0.759615 1.000000
vt 0.759615 0.000000
vt 0.769231 1.000000
vt 0.769231 0.000000
vt 0.778846 1.000000
vt 0.778846 0.000000
vt 0.788462 1.000000
vt 0.788462 0.000000
vt 0.798077 1.000000
vt 0.798077 0.000000
vt 0.807692 1.000000
vt 0.807692 0.000000
vt 0.817308 1.000000
vt 0.817308 0.000000
vt 0.826923 1.000000
vt 0.826923 0.000000
vt 0.836538 1.000000
vt 0.836538 0.000000
vt 0.846154 1.000000
vt 0.846154 0.000000
vt 0.855769 1.000000
vt 0.855769 0.000000
vt 0.865385 1.000000
vt 0.865385 0.000000
vt 0.884615 1.000000
vt 0.884615 0.000000
vt 0.894231 1.000000
vt 0.894231 0.000000
vt 0.903846 1.000000
vt 0.903846 0.000000
vt 0.913462 1.000000
vt 0.913462 0.000000
vt 0.923077 1.000000
vt 0.923077 0.000000
vt 0.932692 1.000000
vt 0.932692 0.000000
vt 0.942308 1.000000
vt 0.942308 0.000000
vt 0.951923 1.000000
vt 0.951923 0.000000
vt 0.961538 1.000000
vt 0.961538 0.000000
vt 0.971154 1.000000
vt 0.971154 0.000000
vt 0.980769 1.000000
vt 0.980769 0.000000
vt 0.990385 1.000000
vt 0.990385 0.000000
vt 0.009259 1.000000
vt 0.009259 0.000000
vt 0.018519 1.000000
vt 0.018519 0.000000
vt 0.037037 1.000000
vt 0.037037 0.000000
vt 0.046296 1.000000
vt 0.046296 0.000000
vt 0.064815 1.000000
vt 0.064815 0.000000
vt 0.074074 1.000000
vt 0.074074 0.000000
vt 0.092593 1.000000
vt 0.092593 0.000000
vt 0.101852 1.000000
vt 0.101852 0.000000
vt 0.120370 1.000000
vt 0.120370 0.000000
vt 0.129630 1.000000
vt 0.129630 0.000000
vt 0.148148 1.000000
vt 0.148148 0.000000
vt 0.157407 1.000000
vt 0.157407 0.000000
vt 0.175926 1.000000
vt 0.175926 0.000000
vt 0.185185 1.000000
vt 0.185185 0.000000
vt 0.203704 1.000000
vt 0.203704 0.000000
vt 0.212963 1.000000
vt 0.212963 0.000000
vt 0.231481 1.000000
vt 0.231481 0.000000
vt 0.240741 1.000000
vt 0.240741 0.000000
vt 0.259259 1.000000
vt 0.259259 0.000000
vt 0.268519 1.000000
vt 0.268519 0.000000
vt 0.287037 1.000000
vt 0.287037 0.000000
vt 0.296296 1.000000
vt 0.296296 0.000000
vt 0.314815 1.000000
vt 0.314815 0.000000
vt 0.324074 1.000000
vt 0.324074 0.000000
vt 0.342593 1.000000
vt 0.342593 0.000000
vt 0.351852 1.000000
vt 0.351852 0.000000
vt 0.370370 1.000000
vt 0.370370 0.000000
vt 0.379630 1.000000
vt 0.379630 0.000000
vt 0.398148 1.000000
vt 0.398148 0.000000
vt 0.407407 1.000000
vt 0.407407 0.000000
vt 0.425926 1.000000
vt 0.425926 0.000000
vt 0.435185 1.000000
vt 0.435185 0.000000
vt 0.453704 1.000000
vt 0.453704 0.000000
vt 0.462963 1.000000
vt 0.462963 0.000000
vt 0.481481 1.000000
vt 0.481481 0.000000
vt 0.490741 1.000000
vt 0.490741 0.000000
vt 0.509259 1.000000
vt 0.509259 0.000000
vt 0.518519 1.000000
vt 0.518519 0.000000
vt 0.537037 1.000000
vt 0.537037 0.000000
vt 0.546296 1.000000
vt 0.546296 0.000000
vt 0.564815 1.000000
vt 0.564815 0.000000
vt 0.574074 1.000000
vt 0.574074 0.000000
vt 0.592593 1.000000
vt 0.592593 0.000000
vt 0.601852 1.000000
vt 0.601852 0.000000
vt 0.620370 1.000000
vt 0.620370 0.000000
vt 0.629630 1.000000
vt 0.629630 0.000000
vt 0.648148 1.000000
vt 0.648148 0.000000
vt 0.657407 1.000000
vt 0.657407 0.000000
vt 0.675926 1.000000
vt 0.675926 0.000000
vt 0.685185 1.000000
vt 0.685185 0.000000
vt 0.703704 1.000000
vt 0.703704 0.000000
vt 0.712963 1.000000
vt 0.712963 0.000000
vt 0.731481 1.000000
vt 0.731481 0.000000
vt 0.740741 1.000000
vt 0.740741 0.000000
vt 0.759259 1.000000
vt 0.759259 0.000000
vt 0.768519 1.000000
vt 0.768519 0.000000
vt 0.787037 1.000000
vt 0.787037 0.000000
vt 0.796296 1.000000
vt 0.796296 0.000000
vt 0.814815 1.000000
vt 0.814815 0.000000
vt 0.824074 1.000000
vt 0.824074 0.000000
vt 0.842593 1.000000
vt 0.842593 0.000000
vt 0.851852 1.000000
vt 0.851852 0.000000
vt 0.870370 1.000000
vt 0.870370 0.000000
vt 0.879630 1.000000
vt 0.879630 0.000000
vt 0.898148 1.000000
vt 0.898148 0.000000
vt 0.907407 1.000000
vt 0.907407 0.000000
vt 0.925926 1.000000
vt 0.925926 0.000000
vt 0.935185 1.000000
vt 0.935185 0.000000
vt 0.953704 1.000000
vt 0.953704 0.000000
vt 0.962963 1.000000
vt 0.962963 0.000000
vt 0.981481 1.000000
vt 0.981481 0.000000
vt 0.990741 1.000000
vt 0.990741 0.000000
s 0
usemtl ErrorColor
f 9/1/1 8/2/1 7/3/1
f 7/3/1 6/4/1 9/1/1
f 10/5/1 9/1/1 6/4/1
f 6/4/1 5/6/1 10/5/1
f 13/7/1 12/8/1 25/9/1
f 25/9/1 24/10/1 13/7/1
f 14/11/1 13/7/1 24/10/1
f 24/10/1 23/12/1 14/11/1
f 15/13/1 14/11/1 23/12/1
f 23/12/1 22/14/1 15/13/1
f 16/15/1 15/13/1 22/14/1
f 22/14/1 21/16/1 16/15/1
f 17/17/1 16/15/1 21/16/1
f 21/16/1 20/18/1 17/17/1
f 18/19/1 17/17/1 20/18/1
f 19/20/1 18/19/1 20/18/1
f 91/21/1 90/22/1 89/23/1
f 91/21/1 89/23/1 92/24/1
f 89/23/1 88/25/1 92/24/1
f 93/26/1 92/24/1 88/25/1
f 88/25/1 87/27/1 93/26/1
f 94/28/1 93/26/1 87/27/1
f 87/27/1 86/29/1 94/28/1
f 95/30/1 94/28/1 86/29/1
f 36/31/1 35/32/1 26/33/1
f 27/34/1 26/33/1 35/32/1
f 35/32/1 34/35/1 27/34/1
f 28/36/1 27/34/1 34/35/1
f 34/35/1 33/37/1 28/36/1
f 29/38/1 28/36/1 33/37/1
f 33/37/1 32/39/1 29/38/1
f 30/40/1 29/38/1 32/39/1
f 31/41/1 30/40/1 32/39/1
f 4/42/1 3/43/1 37/44/1
f 37/44/1 36/31/1 4/42/1
f 5/6/1 4/42/1 36/31/1
f 10/5/1 5/6/1 36/31/1
f 11/45/1 10/5/1 36/31/1
f 36/31/1 26/33/1 11/45/1
f 12/8/1 11/45/1 26/33/1
f 25/9/1 12/8/1 26/33/1
f 82/46/1 81/47/1 80/48/1
f 82/46/1 80/48/1 83/49/1
f 80/48/1 79/50/1 83/49/1
f 84/51/1 83/49/1 79/50/1
f 73/52/1 48/53/1 47/54/1
f 84/51/1 79/50/1 78/55/1
f 85/56/1 84/51/1 78/55/1
f 78/55/1 77/57/1 85/56/1
f 77/57/1 76/58/1 85/56/1
f 73/52/1 47/54/1 38/59/1
f 39/60/1 38/59/1 47/54/1
f 47/54/1 46/61/1 39/60/1
f 40/62/1 39/60/1 46/61/1
f 46/61/1 45/63/1 40/62/1
f 41/64/1 40/62/1 45/63/1
f 45/63/1 44/65/1 41/64/1
f 42/66/1 41/64/1 44/65/1
f 44/65/1 43/67/1 42/66/1
f 49/68/1 72/69/1 71/70/1
f 68/71/1 67/72/1 66/73/1
f 66/73/2 65/74/2 68/71/2
f 69/75/1 68/71/1 65/74/1
f 65/74/1 64/76/1 69/75/1
f 70/77/1 69/75/1 64/76/1
f 64/76/1 63/78/1 70/77/1
f 71/70/1 70/77/1 63/78/1
f 63/78/1 62/79/1 71/70/1
f 49/68/1 71/70/1 62/79/1
f 62/79/1 61/80/1 49/68/1
f 50/81/1 49/68/1 61/80/1
f 61/80/1 60/82/1 50/81/1
f 51/83/1 50/81/1 60/82/1
f 60/82/1 59/84/1 51/83/1
f 52/85/1 51/83/1 59/84/1
f 59/84/1 58/86/1 52/85/1
f 53/87/1 52/85/1 58/86/1
f 58/86/1 57/88/1 53/87/1
f 54/89/1 53/87/1 57/88/1
f 57/88/1 56/90/1 54/89/1
f 56/90/1 55/91/1 54/89/1
f 48/53/1 73/52/1 72/69/1
f 72/69/1 49/68/1 48/53/1
f 85/56/1 76/58/1 86/29/1
f 95/30/1 86/29/1 76/58/1
f 76/58/1 75/92/1 95/30/1
f 96/93/1 95/30/1 75/92/1
f 1/94/1 96/93/1 75/92/1
f 75/92/1 74/95/1 1/94/1
f 2/96/1 1/94/1 74/95/1
f 74/95/1 73/52/1 2/96/1
f 73/52/1 38/59/1 2/96/1
f 3/43/1 2/96/1 38/59/1
f 37/44/1 3/43/1 38/59/1
f 171/97/2 170/98/2 172/99/2
f 170/98/1 169/100/1 172/99/1
f 201/101/1 200/102/1 199/103/1
f 199/103/1 202/104/1 201/101/1
f 124/105/1 123/106/1 148/107/1
f 148/107/1 125/108/1 124/105/1
f 148/107/1 123/106/1 122/109/1
f 148/107/1 122/109/1 149/110/1
f 122/109/1 121/111/1 149/110/1
f 121/111/1 120/112/1 149/110/1
f 120/112/1 119/113/1 149/110/1
f 126/114/1 147/115/1 127/116/1
f 127/116/1 147/115/1 146/117/1
f 146/117/1 128/118/1 127/116/1
f 128/118/1 146/117/1 145/119/1
f 129/120/1 128/118/1 145/119/1
f 145/119/1 144/121/1 129/120/1
f 144/121/1 130/122/1 129/120/1
f 139/123/1 138/124/1 137/125/1
f 133/126/1 142/127/1 141/128/1
f 134/129/1 133/126/1 141/128/1
f 141/128/1 140/130/1 134/129/1
f 135/131/1 134/129/1 140/130/1
f 140/130/1 139/123/1 135/131/1
f 136/132/1 135/131/1 139/123/1
f 139/123/1 137/125/1 136/132/1
f 130/122/1 144/121/1 143/133/1
f 131/134/1 130/122/1 143/133/1
f 132/135/1 131/134/1 143/133/1
f 143/133/1 142/127/1 132/135/1
f 142/127/1 133/126/1 132/135/1
f 97/94/1 100/136/1 99/137/1
f 99/137/1 98/138/1 97/94/1
f 125/108/1 148/107/1 147/115/1
f 147/115/1 126/114/1 125/108/1
f 149/110/1 119/113/1 150/139/1
f 119/113/1 118/140/1 150/139/1
f 151/141/1 150/139/1 118/140/1
f 118/140/1 117/142/1 151/141/1
f 152/143/1 151/141/1 117/142/1
f 117/142/1 116/144/1 152/143/1
f 153/145/1 152/143/1 116/144/1
f 154/146/1 153/145/1 116/144/1
f 116/144/1 115/147/1 154/146/1
f 155/148/1 154/146/1 115/147/1
f 156/149/1 155/148/1 115/147/1
f 115/147/1 114/150/1 156/149/1
f 157/151/1 156/149/1 114/150/1
f 158/152/1 157/151/1 114/150/1
f 114/150/1 113/153/1 158/152/1
f 159/154/1 158/152/1 113/153/1
f 160/155/1 159/154/1 113/153/1
f 161/156/1 160/155/1 113/153/1
f 113/153/1 112/157/1 161/156/1
f 162/158/1 161/156/1 112/157/1
f 163/159/1 162/158/1 112/157/1
f 112/157/1 111/160/1 163/159/1
f 164/161/1 163/159/1 111/160/1
f 165/162/1 164/161/1 111/160/1
f 111/160/1 110/163/1 165/162/1
f 166/164/1 165/162/1 110/163/1
f 167/165/1 166/164/1 110/163/1
f 168/166/1 167/165/1 110/163/1
f 169/100/1 168/166/1 110/163/1
f 172/99/1 169/100/1 110/163/1
f 173/167/1 172/99/1 110/163/1
f 174/168/1 173/167/1 110/163/1
f 110/163/1 109/169/1 174/168/1
f 175/170/1 174/168/1 109/169/1
f 176/171/1 175/170/1 109/169/1
f 109/169/1 108/172/1 176/171/1
f 177/173/1 176/171/1 108/172/1
f 178/174/1 177/173/1 108/172/1
f 179/175/1 178/174/1 108/172/1
f 108/172/1 107/176/1 179/175/1
f 180/177/1 179/175/1 107/176/1
f 181/178/1 180/177/1 107/176/1
f 107/176/1 106/179/1 181/178/1
f 182/180/1 181/178/1 106/179/1
f 183/181/1 182/180/1 106/179/1
f 184/182/1 183/181/1 106/179/1
f 106/179/1 105/183/1 184/182/1
f 185/184/1 184/182/1 105/183/1
f 186/185/1 185/184/1 105/183/1
f 187/186/1 186/185/1 105/183/1
f 188/187/1 187/186/1 105/183/1
f 105/183/1 104/188/1 188/187/1
f 189/189/1 188/187/1 104/188/1
f 190/190/1 189/189/1 104/188/1
f 104/188/1 103/191/1 190/190/1
f 191/192/1 190/190/1 103/191/1
f 103/191/1 102/193/1 191/192/1
f 192/194/1 191/192/1 102/193/1
f 102/193/1 101/195/1 192/194/1
f 193/196/1 192/194/1 101/195/1
f 194/197/1 193/196/1 101/195/1
f 195/198/1 194/197/1 101/195/1
f 196/199/1 195/198/1 101/195/1
f 197/200/1 196/199/1 101/195/1
f 198/201/1 197/200/1 101/195/1
f 101/195/1 100/136/1 198/201/1
f 199/103/1 198/201/1 100/136/1
f 202/104/1 199/103/1 100/136/1
f 100/136/1 97/94/1 202/104/1
f 203/202/1 202/104/1 97/94/1
f 97/94/1 204/93/1 203/202/1
f 373/203/1 372/204/1 371/205/1
f 373/203/1 371/205/1 374/206/1
f 371/205/1 370/207/1 374/206/1
f 375/208/1 374/206/1 370/207/1
f 370/207/1 369/209/1 375/208/1
f 376/210/1 375/208/1 369/209/1
f 369/209/1 368/211/1 376/210/1
f 377/212/1 376/210/1 368/211/1
f 378/213/1 377/212/1 368/211/1
f 368/211/1 367/214/1 378/213/1
f 392/215/1 389/216/1 393/217/1
f 212/218/1 211/219/1 210/220/1
f 213/221/1 212/218/1 210/220/1
f 210/220/1 209/222/1 213/221/1
f 225/223/1 224/224/1 221/225/1
f 222/226/1 221/225/1 224/224/1
f 224/224/2 223/227/2 222/226/2
f 395/228/1 394/229/1 389/216/1
f 393/217/1 389/216/1 394/229/1
f 213/221/1 209/222/1 214/230/1
f 209/222/1 208/231/1 214/230/1
f 215/232/1 214/230/1 208/231/1
f 225/223/1 221/225/1 220/233/1
f 391/234/1 390/235/1 389/216/1
f 389/216/1 392/215/1 391/234/1
f 205/94/1 230/236/1 206/237/1
f 230/236/1 229/238/1 206/237/1
f 363/239/1 362/240/1 334/241/1
f 334/241/1 333/242/1 363/239/1
f 333/242/1 332/243/1 363/239/1
f 363/239/1 332/243/1 364/244/1
f 332/243/1 331/245/1 364/244/1
f 331/245/1 330/246/1 364/244/1
f 365/247/1 364/244/1 330/246/1
f 330/246/1 329/248/1 365/247/1
f 366/249/1 365/247/1 329/248/1
f 329/248/1 328/250/1 366/249/1
f 328/250/1 327/251/1 366/249/1
f 367/214/1 366/249/1 327/251/1
f 327/251/1 326/252/1 367/214/1
f 378/213/1 367/214/1 326/252/1
f 379/253/1 378/213/1 326/252/1
f 326/252/1 325/254/1 379/253/1
f 380/255/1 379/253/1 325/254/1
f 325/254/1 324/256/1 380/255/1
f 381/257/1 380/255/1 324/256/1
f 324/256/1 323/258/1 381/257/1
f 382/259/1 381/257/1 323/258/1
f 323/258/1 322/260/1 382/259/1
f 383/261/1 382/259/1 322/260/1
f 322/260/1 321/262/1 383/261/1
f 321/262/1 320/263/1 383/261/1
f 384/264/1 383/261/1 320/263/1
f 320/263/1 319/265/1 384/264/1
f 385/266/1 384/264/1 319/265/1
f 319/265/1 318/267/1 385/266/1
f 318/267/1 317/268/1 385/266/1
f 386/269/1 385/266/1 317/268/1
f 317/268/1 316/270/1 386/269/1
f 316/270/1 315/271/1 386/269/1
f 387/272/1 386/269/1 315/271/1
f 315/271/1 314/273/1 387/272/1
f 314/273/1 313/274/1 387/272/1
f 388/275/1 387/272/1 313/274/1
f 313/274/1 312/276/1 388/275/1
f 312/276/1 311/277/1 388/275/1
f 311/277/1 310/278/1 388/275/1
f 310/278/1 309/279/1 388/275/1
f 309/279/1 308/280/1 388/275/1
f 308/280/1 307/281/1 388/275/1
f 400/282/1 399/283/1 389/216/1
f 399/283/1 398/284/1 389/216/1
f 398/284/1 397/285/1 389/216/1
f 397/285/1 396/286/1 389/216/1
f 395/228/1 389/216/1 396/286/1
f 215/232/1 208/231/1 207/287/1
f 216/288/1 215/232/1 207/287/1
f 207/287/1 206/237/1 216/288/1
f 206/237/1 229/238/1 216/288/1
f 217/289/1 216/288/1 229/238/1
f 229/238/1 228/290/1 217/289/1
f 218/291/1 217/289/1 228/290/1
f 228/290/1 227/292/1 218/291/1
f 219/293/1 218/291/1 227/292/1
f 227/292/1 226/294/1 219/293/1
f 220/233/1 219/293/1 226/294/1
f 225/223/1 220/233/1 226/294/1
f 338/295/1 361/296/1 339/297/1
f 337/298/1 336/299/1 361/296/1
f 361/296/1 338/295/1 337/298/1
f 296/300/1 295/301/1 294/302/1
f 294/302/1 293/303/1 296/300/1
f 237/304/1 236/305/1 234/306/1
f 235/307/1 234/306/1 236/305/1
f 342/308/1 359/309/1 358/310/1
f 343/311/1 342/308/1 358/310/1
f 339/297/1 361/296/1 360/312/1
f 340/313/1 339/297/1 360/312/1
f 360/312/1 359/309/1 340/313/1
f 341/314/1 340/313/1 359/309/1
f 359/309/1 342/308/1 341/314/1
f 272/315/1 271/316/1 270/317/1
f 270/317/1 269/318/1 272/315/1
f 273/319/1 272/315/1 269/318/1
f 269/318/1 268/320/1 273/319/1
f 274/321/1 273/319/1 268/320/1
f 268/320/1 267/322/1 274/321/1
f 275/323/1 274/321/1 267/322/1
f 267/322/1 266/324/1 275/323/1
f 264/325/1 263/326/1 255/327/1
f 256/328/1 255/327/1 263/326/1
f 263/326/1 262/329/1 256/328/1
f 257/330/1 256/328/1 262/329/1
f 262/329/1 261/331/1 257/330/1
f 258/332/1 257/330/1 261/331/1
f 261/331/1 260/333/1 258/332/1
f 259/334/3 258/332/3 260/333/3
f 347/335/1 355/336/1 354/337/1
f 348/338/1 347/335/1 354/337/1
f 349/339/1 348/338/1 354/337/1
f 354/337/1 353/340/1 349/339/1
f 350/341/1 349/339/1 353/340/1
f 353/340/1 352/342/1 350/341/1
f 352/342/1 351/343/1 350/341/1
f 404/93/1 403/344/1 389/216/1
f 275/323/1 266/324/1 276/345/1
f 266/324/1 265/346/1 253/347/1
f 254/348/1 253/347/1 265/346/1
f 265/346/1 264/325/1 254/348/1
f 264/325/1 255/327/1 254/348/1
f 343/311/1 358/310/1 357/349/1
f 344/350/1 343/311/1 357/349/1
f 357/349/1 356/351/1 344/350/1
f 345/352/1 344/350/1 356/351/1
f 346/353/1 345/352/1 356/351/1
f 356/351/1 355/336/1 346/353/1
f 355/336/1 347/335/1 346/353/1
f 283/354/1 282/355/1 284/356/1
f 285/357/1 284/356/1 282/355/1
f 282/355/1 281/358/1 285/357/1
f 286/359/1 285/357/1 281/358/1
f 281/358/1 280/360/1 286/359/1
f 287/361/1 286/359/1 280/360/1
f 280/360/1 279/362/1 287/361/1
f 288/363/1 287/361/1 279/362/1
f 279/362/1 278/364/1 288/363/1
f 289/365/1 288/363/1 278/364/1
f 278/364/1 277/366/1 289/365/1
f 290/367/1 289/365/1 277/366/1
f 253/347/1 252/368/1 240/369/1
f 241/370/1 240/369/1 252/368/1
f 252/368/1 251/371/1 241/370/1
f 242/372/1 241/370/1 251/371/1
f 251/371/1 250/373/1 242/372/1
f 243/374/1 242/372/1 250/373/1
f 250/373/1 249/375/1 243/374/1
f 244/376/1 243/374/1 249/375/1
f 249/375/1 248/377/1 244/376/1
f 245/378/1 244/376/1 248/377/1
f 248/377/1 247/379/1 245/378/1
f 246/380/1 245/378/1 247/379/1
f 361/296/1 336/299/1 362/240/1
f 336/299/1 335/381/1 362/240/1
f 334/241/1 362/240/1 335/381/1
f 388/275/1 307/281/1 306/382/1
f 306/382/1 305/383/1 388/275/1
f 305/383/1 304/384/1 388/275/1
f 304/384/1 303/385/1 388/275/1
f 389/216/1 388/275/1 303/385/1
f 403/344/1 402/386/1 389/216/1
f 402/386/1 401/387/1 389/216/1
f 400/282/1 389/216/1 401/387/1
f 296/300/1 293/303/1 297/388/1
f 293/303/1 292/389/1 297/388/1
f 298/390/1 297/388/1 292/389/1
f 292/389/1 291/391/1 298/390/1
f 299/392/1 298/390/1 291/391/1
f 291/391/1 290/367/1 299/392/1
f 300/393/1 299/392/1 290/367/1
f 290/367/1 277/366/1 300/393/1
f 277/366/1 276/345/1 300/393/1
f 205/94/1 300/393/1 276/345/1
f 276/345/1 266/324/1 205/94/1
f 266/324/1 253/347/1 205/94/1
f 253/347/1 240/369/1 205/94/1
f 230/236/1 205/94/1 240/369/1
f 231/394/1 230/236/1 240/369/1
f 240/369/1 239/395/1 231/394/1
f 232/396/1 231/394/1 239/395/1
f 239/395/1 238/397/1 232/396/1
f 233/398/1 232/396/1 238/397/1
f 238/397/1 237/304/1 233/398/1
f 237/304/1 234/306/1 233/398/1
f 302/399/1 301/400/1 303/385/1
f 301/400/1 404/93/1 303/385/1
f 389/216/1 303/385/1 404/93/1
f 618/401/1 622/402/1 621/21/1
f 620/403/1 619/404/1 618/401/1
f 618/401/1 621/21/1 620/403/1
f 617/405/1 616/406/1 615/407/1
f 615/407/1 407/408/1 618/401/1
f 627/409/1 626/410/1 618/401/1
f 626/410/1 625/411/1 618/401/1
f 625/411/1 624/412/1 618/401/1
f 624/412/1 623/413/1 618/401/1
f 622/402/1 618/401/1 623/413/1
f 611/414/1 610/415/1 407/408/1
f 611/414/1 407/408/1 612/416/1
f 613/417/1 612/416/1 407/408/1
f 408/418/1 609/29/1 608/419/1
f 408/418/1 608/419/1 607/420/1
f 407/408/1 610/415/1 609/29/1
f 609/29/1 408/418/1 407/408/1
f 613/417/1 407/408/1 614/421/1
f 615/407/1 614/421/1 407/408/1
f 631/422/1 630/423/1 618/401/1
f 630/423/1 629/424/1 618/401/1
f 629/424/1 628/425/1 618/401/1
f 627/409/1 618/401/1 628/425/1
f 412/426/1 600/427/1 599/428/1
f 411/429/1 601/430/1 600/427/1
f 600/427/1 412/426/1 411/429/1
f 410/431/1 603/432/1 602/433/1
f 602/433/1 601/430/1 410/431/1
f 601/430/1 411/429/1 410/431/1
f 412/426/1 599/428/1 598/434/1
f 413/435/1 412/426/1 598/434/1
f 408/418/1 607/420/1 606/436/1
f 606/436/1 605/437/1 408/418/1
f 409/438/1 408/418/1 605/437/1
f 605/437/1 604/439/1 409/438/1
f 604/439/1 603/432/1 409/438/1
f 603/432/1 410/431/1 409/438/1
f 633/93/1 632/440/1 618/401/1
f 631/422/1 618/401/1 632/440/1
f 595/441/1 594/442/1 415/443/1
f 416/444/1 593/445/1 592/446/1
f 592/446/1 591/447/1 416/444/1
f 415/443/1 594/442/1 593/445/1
f 593/445/1 416/444/1 415/443/1
f 414/448/1 596/449/1 595/441/1
f 595/441/1 415/443/1 414/448/1
f 417/4/1 590/450/1 589/451/1
f 589/451/1 588/452/1 417/4/1
f 587/453/1 586/454/1 418/455/1
f 588/452/1 587/453/1 418/455/1
f 417/4/1 588/452/1 418/455/1
f 590/450/1 417/4/1 591/447/1
f 416/444/1 591/447/1 417/4/1
f 548/456/1 547/457/1 549/80/1
f 550/458/1 549/80/1 547/457/1
f 547/457/1 546/459/1 550/458/1
f 551/460/1 550/458/1 546/459/1
f 413/435/1 598/434/1 597/47/1
f 597/47/1 596/449/1 413/435/1
f 596/449/1 414/448/1 413/435/1
f 618/401/1 407/408/1 633/93/1
f 529/461/1 528/462/1 473/463/1
f 530/464/1 529/461/1 473/463/1
f 473/463/1 472/465/1 530/464/1
f 531/466/1 530/464/1 472/465/1
f 532/467/1 531/466/1 472/465/1
f 533/468/1 532/467/1 472/465/1
f 472/465/1 471/469/1 533/468/1
f 478/470/1 477/41/1 524/471/1
f 481/472/1 480/473/1 522/474/1
f 522/474/1 521/475/1 481/472/1
f 482/476/1 481/472/1 521/475/1
f 478/470/1 524/471/1 523/477/1
f 479/478/1 478/470/1 523/477/1
f 523/477/1 522/474/1 479/478/1
f 522/474/1 480/473/1 479/478/1
f 524/471/1 477/41/1 525/83/1
f 477/41/1 476/479/1 525/83/1
f 526/480/1 525/83/1 476/479/1
f 476/479/1 475/481/1 526/480/1
f 527/482/1 526/480/1 475/481/1
f 475/481/1 474/483/1 527/482/1
f 528/462/1 527/482/1 474/483/1
f 473/463/1 528/462/1 474/483/1
f 438/484/1 437/485/1 439/486/1
f 440/487/1 439/486/1 436/488/1
f 439/486/1 437/485/1 436/488/1
f 505/489/1 504/490/1 507/491/1
f 507/491/1 506/492/1 505/489/1
f 501/64/1 500/493/1 510/494/1
f 510/494/1 509/495/1 501/64/1
f 502/496/1 501/64/1 509/495/1
f 509/495/1 508/497/1 502/496/1
f 503/498/1 502/496/1 508/497/1
f 508/497/1 507/491/1 503/498/1
f 507/491/1 504/490/1 503/498/1
f 514/499/1 513/61/1 495/500/1
f 496/501/1 495/500/1 513/61/1
f 497/502/1 496/501/1 513/61/1
f 513/61/1 512/503/1 497/502/1
f 498/504/1 497/502/1 512/503/1
f 512/503/1 511/505/1 498/504/1
f 499/506/1 498/504/1 511/505/1
f 511/505/1 510/494/1 499/506/1
f 510/494/1 500/493/1 499/506/1
f 488/507/1 518/508/1 517/509/1
f 489/31/1 488/507/1 517/509/1
f 490/510/1 489/31/1 517/509/1
f 517/509/1 516/511/1 490/510/1
f 491/512/1 490/510/1 516/511/1
f 492/513/1 491/512/1 516/511/1
f 516/511/1 515/514/1 492/513/1
f 493/515/1 492/513/1 515/514/1
f 494/516/1 493/515/1 515/514/1
f 515/514/1 514/499/1 494/516/1
f 514/499/1 495/500/1 494/516/1
f 482/476/1 521/475/1 520/517/1
f 483/518/1 482/476/1 520/517/1
f 484/519/1 483/518/1 520/517/1
f 520/517/1 519/520/1 484/519/1
f 485/521/1 484/519/1 519/520/1
f 486/522/1 485/521/1 519/520/1
f 519/520/1 518/508/1 486/522/1
f 487/523/1 486/522/1 518/508/1
f 518/508/1 488/507/1 487/523/1
f 533/468/1 471/469/1 534/524/1
f 535/525/1 534/524/1 471/469/1
f 536/526/1 535/525/1 471/469/1
f 537/90/1 536/526/1 471/469/1
f 471/469/1 470/527/1 537/90/1
f 538/528/1 537/90/1 470/527/1
f 539/529/1 538/528/1 470/527/1
f 540/530/1 539/529/1 470/527/1
f 541/531/1 540/530/1 470/527/1
f 542/532/1 541/531/1 470/527/1
f 543/533/1 542/532/1 470/527/1
f 544/534/1 543/533/1 470/527/1
f 545/535/1 544/534/1 470/527/1
f 546/459/1 545/535/1 470/527/1
f 551/460/1 546/459/1 470/527/1
f 552/536/1 551/460/1 470/527/1
f 553/537/1 552/536/1 470/527/1
f 470/527/1 469/538/1 553/537/1
f 554/539/1 553/537/1 469/538/1
f 555/540/1 554/539/1 469/538/1
f 556/541/1 555/540/1 469/538/1
f 469/538/1 468/542/1 556/541/1
f 557/543/1 556/541/1 468/542/1
f 558/544/1 557/543/1 468/542/1
f 468/542/1 467/545/1 558/544/1
f 559/546/1 558/544/1 467/545/1
f 467/545/1 466/547/1 559/546/1
f 560/548/1 559/546/1 466/547/1
f 466/547/1 465/33/1 560/548/1
f 465/33/1 464/549/1 560/548/1
f 561/73/1 560/548/1 464/549/1
f 464/549/1 463/550/1 561/73/1
f 562/551/1 561/73/1 463/550/1
f 463/550/1 462/552/1 562/551/1
f 563/553/1 562/551/1 462/552/1
f 462/552/1 461/554/1 563/553/1
f 461/554/1 460/555/1 563/553/1
f 564/556/1 563/553/1 460/555/1
f 460/555/1 459/557/1 564/556/1
f 565/558/1 564/556/1 459/557/1
f 459/557/1 458/559/1 565/558/1
f 458/559/1 457/560/1 565/558/1
f 566/561/1 565/558/1 457/560/1
f 457/560/1 456/562/1 566/561/1
f 567/563/1 566/561/1 456/562/1
f 456/562/1 455/564/1 567/563/1
f 455/564/1 454/565/1 567/563/1
f 454/565/1 453/16/1 567/563/1
f 568/566/1 567/563/1 453/16/1
f 453/16/1 452/567/1 568/566/1
f 569/568/1 568/566/1 452/567/1
f 452/567/1 451/569/1 569/568/1
f 570/570/1 569/568/1 451/569/1
f 451/569/1 450/571/1 570/570/1
f 571/572/1 570/570/1 450/571/1
f 450/571/1 449/573/1 571/572/1
f 572/574/1 571/572/1 449/573/1
f 449/573/1 448/575/1 572/574/1
f 573/70/1 572/574/1 448/575/1
f 448/575/1 447/576/1 573/70/1
f 574/577/1 573/70/1 447/576/1
f 447/576/1 446/578/1 574/577/1
f 446/578/1 445/579/1 574/577/1
f 575/580/1 574/577/1 445/579/1
f 445/579/1 444/581/1 575/580/1
f 444/581/1 443/582/1 575/580/1
f 576/583/1 575/580/1 443/582/1
f 443/582/1 442/584/1 576/583/1
f 442/584/1 441/15/1 576/583/1
f 441/15/1 440/487/1 576/583/1
f 440/487/1 436/488/1 576/583/1
f 436/488/1 435/585/1 576/583/1
f 435/585/1 434/586/1 576/583/1
f 434/586/1 433/587/1 576/583/1
f 433/587/1 432/588/1 576/583/1
f 577/589/1 576/583/1 432/588/1
f 432/588/1 431/590/1 577/589/1
f 431/590/1 430/591/1 577/589/1
f 578/592/1 577/589/1 430/591/1
f 430/591/1 429/45/1 578/592/1
f 429/45/1 428/593/1 578/592/1
f 579/594/1 578/592/1 428/593/1
f 428/593/1 427/595/1 579/594/1
f 427/595/1 426/596/1 579/594/1
f 580/597/1 579/594/1 426/596/1
f 426/596/1 425/598/1 580/597/1
f 425/598/1 424/599/1 580/597/1
f 581/600/1 580/597/1 424/599/1
f 424/599/1 423/601/1 581/600/1
f 423/601/1 422/602/1 581/600/1
f 582/603/1 581/600/1 422/602/1
f 422/602/1 421/604/1 582/603/1
f 583/605/1 582/603/1 421/604/1
f 421/604/1 420/606/1 583/605/1
f 584/607/1 583/605/1 420/606/1
f 420/606/1 419/608/1 584/607/1
f 585/58/1 584/607/1 419/608/1
f 586/454/1 585/58/1 419/608/1
f 418/455/1 586/454/1 419/608/1
f 406/609/1 405/94/1 407/408/1
f 405/94/1 633/93/1 407/408/1
f 617/405/1 615/407/1 618/401/1
f 892/610/2 891/611/2 890/612/2
f 892/610/1 890/612/1 889/613/1
f 885/614/1 884/615/1 899/616/1
f 899/616/1 898/617/1 885/614/1
f 898/617/1 897/618/1 885/614/1
f 886/619/1 885/614/1 897/618/1
f 897/618/1 896/620/1 886/619/1
f 896/620/1 895/621/1 886/619/1
f 887/622/1 886/619/1 895/621/1
f 895/621/1 894/623/1 887/622/1
f 888/624/1 887/622/1 894/623/1
f 894/623/1 893/625/1 888/624/1
f 889/613/1 888/624/1 893/625/1
f 892/610/1 889/613/1 893/625/1
f 908/626/1 907/627/1 880/628/1
f 907/627/1 906/629/1 880/628/1
f 881/630/1 880/628/1 906/629/1
f 906/629/1 905/631/1 881/630/1
f 905/631/1 904/632/1 881/630/1
f 882/633/1 881/630/1 904/632/1
f 904/632/1 903/634/1 882/633/1
f 903/634/1 902/635/1 882/633/1
f 902/635/1 901/636/1 882/633/1
f 883/637/1 882/633/1 901/636/1
f 901/636/1 900/638/1 883/637/1
f 884/615/1 883/637/1 900/638/1
f 899/616/1 884/615/1 900/638/1
f 921/639/1 920/640/1 919/641/1
f 913/642/1 912/643/1 924/644/1
f 924/644/1 923/645/1 913/642/1
f 914/646/1 913/642/1 923/645/1
f 915/647/1 914/646/1 923/645/1
f 923/645/1 922/648/1 915/647/1
f 916/649/1 915/647/1 922/648/1
f 917/650/1 916/649/1 922/648/1
f 918/651/1 917/650/1 922/648/1
f 922/648/1 921/639/1 918/651/1
f 921/639/1 919/641/1 918/651/1
f 950/652/1 949/653/1 865/654/1
f 865/654/1 949/653/1 866/655/1
f 949/653/1 948/656/1 866/655/1
f 952/657/1 951/658/1 864/659/1
f 863/660/1 954/661/1 864/659/1
f 954/661/1 953/662/1 864/659/1
f 952/657/1 864/659/1 953/662/1
f 954/661/1 863/660/1 955/663/1
f 864/659/1 951/658/1 865/654/1
f 950/652/1 865/654/1 951/658/1
f 661/664/1 660/665/1 788/666/1
f 788/666/1 787/667/1 661/664/1
f 787/667/1 662/668/1 661/664/1
f 862/669/1 957/670/1 956/671/1
f 959/672/1 861/673/1 960/674/1
f 861/673/1 959/672/1 958/675/1
f 665/676/1 784/677/1 783/678/1
f 861/673/1 958/675/1 862/669/1
f 957/670/1 862/669/1 958/675/1
f 860/679/1 962/680/1 961/681/1
f 666/682/1 782/683/1 781/684/1
f 781/684/1 667/685/1 666/682/1
f 779/686/1 668/687/1 780/688/1
f 962/680/1 860/679/1 859/689/1
f 963/690/1 962/680/1 859/689/1
f 859/689/1 964/691/1 963/690/1
f 667/685/1 781/684/1 780/688/1
f 780/688/1 668/687/1 667/685/1
f 960/674/1 861/673/1 860/679/1
f 860/679/1 961/681/1 960/674/1
f 665/676/1 783/678/1 782/683/1
f 782/683/1 666/682/1 665/676/1
f 862/669/1 956/671/1 863/660/1
f 955/663/1 863/660/1 956/671/1
f 993/93/1 811/692/1 634/94/1
f 811/692/1 810/693/1 634/94/1
f 635/694/1 634/94/1 810/693/1
f 810/693/1 809/695/1 635/694/1
f 809/695/1 808/696/1 635/694/1
f 636/697/1 635/694/1 808/696/1
f 808/696/1 807/698/1 636/697/1
f 662/668/1 787/667/1 786/699/1
f 663/700/1 662/668/1 786/699/1
f 786/699/1 785/701/1 663/700/1
f 664/702/1 663/700/1 785/701/1
f 785/701/1 784/677/1 664/702/1
f 784/677/1 665/676/1 664/702/1
f 866/655/1 948/656/1 867/703/1
f 948/656/1 947/704/1 867/703/1
f 947/704/1 946/705/1 867/703/1
f 868/706/1 867/703/1 946/705/1
f 946/705/1 945/707/1 868/706/1
f 945/707/1 944/708/1 868/706/1
f 869/709/1 868/706/1 944/708/1
f 944/708/1 943/710/1 869/709/1
f 870/711/1 869/709/1 943/710/1
f 943/710/1 942/712/1 870/711/1
f 871/713/1 870/711/1 942/712/1
f 942/712/1 941/714/1 871/713/1
f 872/715/1 871/713/1 941/714/1
f 941/714/1 940/716/1 872/715/1
f 873/717/1 872/715/1 940/716/1
f 940/716/1 939/718/1 873/717/1
f 874/719/1 873/717/1 939/718/1
f 939/718/1 938/720/1 874/719/1
f 875/721/1 874/719/1 938/720/1
f 938/720/1 937/722/1 875/721/1
f 876/723/1 875/721/1 937/722/1
f 877/724/1 876/723/1 937/722/1
f 937/722/1 936/725/1 877/724/1
f 878/726/1 877/724/1 936/725/1
f 879/727/1 878/726/1 936/725/1
f 880/628/1 879/727/1 936/725/1
f 908/626/1 880/628/1 936/725/1
f 909/728/1 908/626/1 936/725/1
f 910/729/1 909/728/1 936/725/1
f 936/725/1 935/730/1 910/729/1
f 911/731/1 910/729/1 935/730/1
f 912/643/1 911/731/1 935/730/1
f 924/644/1 912/643/1 935/730/1
f 925/732/1 924/644/1 935/730/1
f 926/733/1 925/732/1 935/730/1
f 927/734/1 926/733/1 935/730/1
f 928/735/1 927/734/1 935/730/1
f 929/736/1 928/735/1 935/730/1
f 930/737/1 929/736/1 935/730/1
f 931/738/1 930/737/1 935/730/1
f 932/739/1 931/738/1 935/730/1
f 933/740/1 932/739/1 935/730/1
f 935/730/1 934/741/1 933/740/1
f 636/697/1 807/698/1 637/742/1
f 807/698/1 806/743/1 637/742/1
f 806/743/1 805/744/1 637/742/1
f 638/745/1 637/742/1 805/744/1
f 805/744/1 804/746/1 638/745/1
f 639/747/1 638/745/1 804/746/1
f 804/746/1 803/748/1 639/747/1
f 640/749/1 639/747/1 803/748/1
f 803/748/1 802/750/1 640/749/1
f 641/751/1 640/749/1 802/750/1
f 642/752/1 641/751/1 802/750/1
f 802/750/1 801/753/1 642/752/1
f 643/754/1 642/752/1 801/753/1
f 801/753/1 800/755/1 643/754/1
f 644/756/1 643/754/1 800/755/1
f 800/755/1 799/757/1 644/756/1
f 645/758/1 644/756/1 799/757/1
f 646/759/1 645/758/1 799/757/1
f 799/757/1 798/760/1 646/759/1
f 647/761/1 646/759/1 798/760/1
f 798/760/1 797/762/1 647/761/1
f 648/763/1 647/761/1 797/762/1
f 797/762/1 796/764/1 648/763/1
f 649/765/1 648/763/1 796/764/1
f 650/766/1 649/765/1 796/764/1
f 796/764/1 795/767/1 650/766/1
f 651/768/1 650/766/1 795/767/1
f 652/769/1 651/768/1 795/767/1
f 795/767/1 794/770/1 652/769/1
f 653/771/1 652/769/1 794/770/1
f 794/770/1 793/772/1 653/771/1
f 654/773/1 653/771/1 793/772/1
f 655/774/1 654/773/1 793/772/1
f 793/772/1 792/775/1 655/774/1
f 656/776/1 655/774/1 792/775/1
f 792/775/1 791/777/1 656/776/1
f 657/778/1 656/776/1 791/777/1
f 791/777/1 790/779/1 657/778/1
f 658/780/1 657/778/1 790/779/1
f 790/779/1 789/781/1 658/780/1
f 659/782/1 658/780/1 789/781/1
f 789/781/1 788/666/1 659/782/1
f 788/666/1 660/665/1 659/782/1
f 967/783/1 858/784/1 857/785/1
f 968/786/1 967/783/1 857/785/1
f 857/785/1 969/787/1 968/786/1
f 670/788/1 777/789/1 776/790/1
f 969/787/1 857/785/1 856/791/1
f 970/792/1 969/787/1 856/791/1
f 856/791/1 971/793/1 970/792/1
f 777/789/1 670/788/1 778/794/1
f 669/795/1 778/794/1 670/788/1
f 671/796/1 775/797/1 774/798/1
f 773/799/1 672/800/1 774/798/1
f 671/796/1 774/798/1 672/800/1
f 971/793/1 856/791/1 855/801/1
f 972/802/1 971/793/1 855/801/1
f 973/803/1 972/802/1 855/801/1
f 855/801/1 854/804/1 973/803/1
f 974/805/1 973/803/1 854/804/1
f 854/804/1 975/806/1 974/805/1
f 775/797/1 671/796/1 776/790/1
f 670/788/1 776/790/1 671/796/1
f 735/807/1 734/808/1 733/809/1
f 735/807/1 733/809/1 736/810/1
f 733/809/1 732/811/1 736/810/1
f 736/810/1 732/811/1 737/812/1
f 732/811/1 731/813/1 737/812/1
f 738/814/1 737/812/1 731/813/1
f 731/813/1 730/815/1 738/814/1
f 739/816/1 738/814/1 730/815/1
f 770/817/1 769/818/1 674/819/1
f 975/806/1 854/804/1 853/820/1
f 976/821/1 975/806/1 853/820/1
f 770/817/1 674/819/1 771/822/1
f 674/819/1 673/823/1 771/822/1
f 772/824/1 771/822/1 673/823/1
f 773/799/1 772/824/1 673/823/1
f 672/800/1 773/799/1 673/823/1
f 699/825/1 698/826/1 697/827/1
f 700/828/3 699/825/3 697/827/3
f 697/827/1 696/829/1 700/828/1
f 701/830/1 700/828/1 696/829/1
f 696/829/1 695/831/1 701/830/1
f 701/830/1 695/831/1 702/832/1
f 695/831/1 694/833/1 702/832/1
f 703/834/1 702/832/1 694/833/1
f 704/835/1 703/834/1 694/833/1
f 694/833/1 693/836/1 704/835/1
f 705/837/1 704/835/1 693/836/1
f 693/836/1 692/838/1 705/837/1
f 706/839/1 705/837/1 692/838/1
f 692/838/1 691/840/1 706/839/1
f 691/840/1 690/841/1 706/839/1
f 689/842/1 706/839/1 690/841/1
f 706/839/1 689/842/1 707/843/1
f 689/842/1 688/844/1 707/843/1
f 708/845/1 707/843/1 688/844/1
f 688/844/1 687/846/1 708/845/1
f 709/847/1 708/845/1 687/846/1
f 710/848/1 709/847/1 687/846/1
f 687/846/1 686/849/1 710/848/1
f 711/850/1 710/848/1 686/849/1
f 711/850/1 686/849/1 712/851/1
f 713/852/1 712/851/1 686/849/1
f 686/849/1 685/853/1 713/852/1
f 714/854/1 713/852/1 685/853/1
f 715/855/1 714/854/1 685/853/1
f 716/856/1 715/855/1 685/853/1
f 685/853/1 684/857/1 716/856/1
f 717/858/1 716/856/1 684/857/1
f 976/821/1 853/820/1 852/859/1
f 977/860/1 976/821/1 852/859/1
f 978/861/1 977/860/1 852/859/1
f 852/859/1 851/862/1 978/861/1
f 979/863/1 978/861/1 851/862/1
f 851/862/1 850/864/1 979/863/1
f 980/865/1 979/863/1 850/864/1
f 981/866/1 980/865/1 850/864/1
f 850/864/1 849/867/1 981/866/1
f 982/868/1 981/866/1 849/867/1
f 849/867/1 848/869/1 982/868/1
f 983/870/1 982/868/1 848/869/1
f 848/869/1 847/871/1 983/870/1
f 847/871/1 846/872/1 983/870/1
f 846/872/1 845/873/1 983/870/1
f 984/874/1 983/870/1 845/873/1
f 845/873/1 844/875/1 984/874/1
f 844/875/1 843/876/1 984/874/1
f 843/876/1 842/877/1 984/874/1
f 842/877/1 841/878/1 984/874/1
f 985/879/1 984/874/1 841/878/1
f 841/878/1 840/880/1 985/879/1
f 840/880/1 839/881/1 985/879/1
f 839/881/1 838/882/1 985/879/1
f 838/882/1 837/883/1 985/879/1
f 986/884/1 985/879/1 837/883/1
f 837/883/1 836/885/1 986/884/1
f 836/885/1 835/886/1 986/884/1
f 835/886/1 834/887/1 986/884/1
f 834/887/1 833/888/1 986/884/1
f 833/888/1 832/889/1 986/884/1
f 832/889/1 831/890/1 986/884/1
f 831/890/1 830/891/1 986/884/1
f 987/892/1 986/884/1 830/891/1
f 830/891/1 829/893/1 987/892/1
f 829/893/1 828/894/1 987/892/1
f 828/894/1 827/895/1 987/892/1
f 827/895/1 826/896/1 987/892/1
f 826/896/1 825/897/1 987/892/1
f 988/898/1 987/892/1 825/897/1
f 825/897/1 824/899/1 988/898/1
f 824/899/1 823/900/1 988/898/1
f 823/900/1 822/901/1 988/898/1
f 822/901/1 821/902/1 988/898/1
f 989/903/1 988/898/1 821/902/1
f 821/902/1 820/904/1 989/903/1
f 820/904/1 819/905/1 989/903/1
f 739/816/1 730/815/1 729/906/1
f 740/907/1 739/816/1 729/906/1
f 729/906/1 728/908/1 740/907/1
f 728/908/1 727/909/1 740/907/1
f 741/910/1 740/907/1 727/909/1
f 727/909/1 726/911/1 741/910/1
f 726/911/1 725/912/1 741/910/1
f 725/912/1 724/913/1 741/910/1
f 724/913/1 723/914/1 741/910/1
f 742/915/1 741/910/1 723/914/1
f 723/914/1 722/916/1 742/915/1
f 722/916/1 721/917/1 742/915/1
f 743/918/1 742/915/1 721/917/1
f 721/917/1 720/919/1 743/918/1
f 744/920/1 743/918/1 720/919/1
f 745/921/1 744/920/1 720/919/1
f 720/919/1 719/922/1 745/921/1
f 746/923/1 745/921/1 719/922/1
f 747/924/1 746/923/1 719/922/1
f 719/922/1 718/925/1 747/924/1
f 748/926/1 747/924/1 718/925/1
f 749/927/1 748/926/1 718/925/1
f 718/925/1 717/858/1 749/927/1
f 717/858/1 684/857/1 749/927/1
f 750/928/1 749/927/1 684/857/1
f 751/929/1 750/928/1 684/857/1
f 684/857/1 683/930/1 751/929/1
f 752/931/1 751/929/1 683/930/1
f 753/932/1 752/931/1 683/930/1
f 754/933/1 753/932/1 683/930/1
f 755/934/1 754/933/1 683/930/1
f 683/930/1 682/935/1 755/934/1
f 756/936/1 755/934/1 682/935/1
f 757/937/1 756/936/1 682/935/1
f 682/935/1 681/938/1 757/937/1
f 758/939/1 757/937/1 681/938/1
f 759/940/1 758/939/1 681/938/1
f 681/938/1 680/941/1 759/940/1
f 760/942/1 759/940/1 680/941/1
f 761/943/1 760/942/1 680/941/1
f 762/944/1 761/943/1 680/941/1
f 680/941/1 679/945/1 762/944/1
f 763/946/1 762/944/1 679/945/1
f 764/947/1 763/946/1 679/945/1
f 765/948/1 764/947/1 679/945/1
f 679/945/1 678/949/1 765/948/1
f 766/950/1 765/948/1 678/949/1
f 678/949/1 677/951/1 766/950/1
f 767/952/1 766/950/1 677/951/1
f 677/951/1 676/953/1 767/952/1
f 768/954/1 767/952/1 676/953/1
f 676/953/1 675/955/1 768/954/1
f 769/818/1 768/954/1 675/955/1
f 674/819/1 769/818/1 675/955/1
f 964/691/1 859/689/1 858/784/1
f 965/956/1 964/691/1 858/784/1
f 966/957/1 965/956/1 858/784/1
f 858/784/1 967/783/1 966/957/1
f 989/903/1 819/905/1 990/958/1
f 819/905/1 818/959/1 990/958/1
f 818/959/1 817/960/1 990/958/1
f 991/961/1 990/958/1 817/960/1
f 817/960/1 816/962/1 991/961/1
f 816/962/1 815/963/1 991/961/1
f 992/964/1 991/961/1 815/963/1
f 815/963/1 814/965/1 992/964/1
f 814/965/1 813/966/1 992/964/1
f 993/93/1 992/964/1 813/966/1
f 813/966/1 812/967/1 993/93/1
f 811/692/1 993/93/1 812/967/1
f 778/794/1 669/795/1 779/686/1
f 668/687/1 779/686/1 669/795/1
f 1002/1/4 1000/3/4 1001/2/4
f 1000/3/4 1002/1/4 999/4/4
f 1003/5/4 999/4/4 1002/1/4
f 999/4/4 1003/5/4 998/6/4
f 1006/7/4 1018/9/4 1005/8/4
f 1018/9/4 1006/7/4 1017/10/4
f 1007/11/4 1017/10/4 1006/7/4
f 1017/10/4 1007/11/4 1016/12/4
f 1008/13/4 1016/12/4 1007/11/4
f 1016/12/4 1008/13/4 1015/14/4
f 1009/15/4 1015/14/4 1008/13/4
f 1015/14/4 1009/15/4 1014/16/4
f 1010/17/4 1014/16/4 1009/15/4
f 1014/16/4 1010/17/4 1013/18/4
f 1011/19/4 1013/18/4 1010/17/4
f 1012/20/4 1013/18/4 1011/19/4
f 1084/21/4 1082/23/4 1083/22/4
f 1084/21/4 1085/24/4 1082/23/4
f 1082/23/4 1085/24/4 1081/25/4
f 1086/26/4 1081/25/4 1085/24/4
f 1081/25/4 1086/26/4 1080/27/4
f 1087/28/4 1080/27/4 1086/26/4
f 1080/27/4 1087/28/4 1079/29/4
f 1088/30/4 1079/29/4 1087/28/4
f 1029/31/4 1019/33/4 1028/32/4
f 1020/34/4 1028/32/4 1019/33/4
f 1028/32/4 1020/34/4 1027/35/4
f 1021/36/4 1027/35/4 1020/34/4
f 1027/35/4 1021/36/4 1026/37/4
f 1022/38/4 1026/37/4 1021/36/4
f 1026/37/4 1022/38/4 1025/39/4
f 1023/40/4 1025/39/4 1022/38/4
f 1024/41/4 1025/39/4 1023/40/4
f 997/42/4 1030/44/4 996/43/4
f 1030/44/4 997/42/4 1029/31/4
f 998/6/4 1029/31/4 997/42/4
f 1003/5/4 1029/31/4 998/6/4
f 1004/45/4 1029/31/4 1003/5/4
f 1029/31/4 1004/45/4 1019/33/4
f 1005/8/4 1019/33/4 1004/45/4
f 1018/9/4 1019/33/4 1005/8/4
f 1075/46/4 1073/48/4 1074/47/4
f 1075/46/4 1076/49/4 1073/48/4
f 1073/48/4 1076/49/4 1072/50/4
f 1077/51/4 1072/50/4 1076/49/4
f 1066/52/4 1040/54/4 1041/53/4
f 1077/51/4 1071/55/4 1072/50/4
f 1078/56/4 1071/55/4 1077/51/4
f 1071/55/4 1078/56/4 1070/57/4
f 1070/57/4 1078/56/4 1069/58/4
f 1066/52/4 1031/59/4 1040/54/4
f 1032/60/4 1040/54/4 1031/59/4
f 1040/54/4 1032/60/4 1039/61/4
f 1033/62/4 1039/61/4 1032/60/4
f 1039/61/4 1033/62/4 1038/63/4
f 1034/64/4 1038/63/4 1033/62/4
f 1038/63/4 1034/64/4 1037/65/4
f 1035/66/4 1037/65/4 1034/64/4
f 1037/65/4 1035/66/4 1036/67/4
f 1042/68/4 1064/70/4 1065/69/4
f 1061/71/4 1059/73/4 1060/72/4
f 1059/73/5 1061/71/5 1058/74/5
f 1062/75/4 1058/74/4 1061/71/4
f 1058/74/4 1062/75/4 1057/76/4
f 1063/77/4 1057/76/4 1062/75/4
f 1057/76/4 1063/77/4 1056/78/4
f 1064/70/4 1056/78/4 1063/77/4
f 1056/78/4 1064/70/4 1055/79/4
f 1042/68/4 1055/79/4 1064/70/4
f 1055/79/4 1042/68/4 1054/80/4
f 1043/81/4 1054/80/4 1042/68/4
f 1054/80/4 1043/81/4 1053/82/4
f 1044/83/4 1053/82/4 1043/81/4
f 1053/82/4 1044/83/4 1052/84/4
f 1045/85/4 1052/84/4 1044/83/4
f 1052/84/4 1045/85/4 1051/86/4
f 1046/87/4 1051/86/4 1045/85/4
f 1051/86/4 1046/87/4 1050/88/4
f 1047/89/4 1050/88/4 1046/87/4
f 1050/88/4 1047/89/4 1049/90/4
f 1049/90/4 1047/89/4 1048/91/4
f 1041/53/4 1065/69/4 1066/52/4
f 1065/69/4 1041/53/4 1042/68/4
f 1078/56/4 1079/29/4 1069/58/4
f 1088/30/4 1069/58/4 1079/29/4
f 1069/58/4 1088/30/4 1068/92/4
f 1089/93/4 1068/92/4 1088/30/4
f 994/94/4 1068/92/4 1089/93/4
f 1068/92/4 994/94/4 1067/95/4
f 995/96/4 1067/95/4 994/94/4
f 1067/95/4 995/96/4 1066/52/4
f 1066/52/4 995/96/4 1031/59/4
f 996/43/4 1031/59/4 995/96/4
f 1030/44/4 1031/59/4 996/43/4
f 1164/97/5 1165/99/5 1163/98/5
f 1163/98/4 1165/99/4 1162/100/4
f 1194/101/4 1192/103/4 1193/102/4
f 1192/103/4 1194/101/4 1195/104/4
f 1117/105/4 1141/107/4 1116/106/4
f 1141/107/4 1117/105/4 1118/108/4
f 1141/107/4 1115/109/4 1116/106/4
f 1141/107/4 1142/110/4 1115/109/4
f 1115/109/4 1142/110/4 1114/111/4
f 1114/111/4 1142/110/4 1113/112/4
f 1113/112/4 1142/110/4 1112/113/4
f 1119/114/4 1120/116/4 1140/115/4
f 1120/116/4 1139/117/4 1140/115/4
f 1139/117/4 1120/116/4 1121/118/4
f 1121/118/4 1138/119/4 1139/117/4
f 1122/120/4 1138/119/4 1121/118/4
f 1138/119/4 1122/120/4 1137/121/4
f 1137/121/4 1122/120/4 1123/122/4
f 1132/123/4 1130/125/4 1131/124/4
f 1126/126/4 1134/128/4 1135/127/4
f 1127/129/4 1134/128/4 1126/126/4
f 1134/128/4 1127/129/4 1133/130/4
f 1128/131/4 1133/130/4 1127/129/4
f 1133/130/4 1128/131/4 1132/123/4
f 1129/132/4 1132/123/4 1128/131/4
f 1132/123/4 1129/132/4 1130/125/4
f 1123/122/4 1136/133/4 1137/121/4
f 1124/134/4 1136/133/4 1123/122/4
f 1125/135/4 1136/133/4 1124/134/4
f 1136/133/4 1125/135/4 1135/127/4
f 1135/127/4 1125/135/4 1126/126/4
f 1090/94/4 1092/137/4 1093/136/4
f 1092/137/4 1090/94/4 1091/138/4
f 1118/108/4 1140/115/4 1141/107/4
f 1140/115/4 1118/108/4 1119/114/4
f 1142/110/4 1143/139/4 1112/113/4
f 1112/113/4 1143/139/4 1111/140/4
f 1144/141/4 1111/140/4 1143/139/4
f 1111/140/4 1144/141/4 1110/142/4
f 1145/143/4 1110/142/4 1144/141/4
f 1110/142/4 1145/143/4 1109/144/4
f 1146/145/4 1109/144/4 1145/143/4
f 1147/146/4 1109/144/4 1146/145/4
f 1109/144/4 1147/146/4 1108/147/4
f 1148/148/4 1108/147/4 1147/146/4
f 1149/149/4 1108/147/4 1148/148/4
f 1108/147/4 1149/149/4 1107/150/4
f 1150/151/4 1107/150/4 1149/149/4
f 1151/152/4 1107/150/4 1150/151/4
f 1107/150/4 1151/152/4 1106/153/4
f 1152/154/4 1106/153/4 1151/152/4
f 1153/155/4 1106/153/4 1152/154/4
f 1154/156/4 1106/153/4 1153/155/4
f 1106/153/4 1154/156/4 1105/157/4
f 1155/158/4 1105/157/4 1154/156/4
f 1156/159/4 1105/157/4 1155/158/4
f 1105/157/4 1156/159/4 1104/160/4
f 1157/161/4 1104/160/4 1156/159/4
f 1158/162/4 1104/160/4 1157/161/4
f 1104/160/4 1158/162/4 1103/163/4
f 1159/164/4 1103/163/4 1158/162/4
f 1160/165/4 1103/163/4 1159/164/4
f 1161/166/4 1103/163/4 1160/165/4
f 1162/100/4 1103/163/4 1161/166/4
f 1165/99/4 1103/163/4 1162/100/4
f 1166/167/4 1103/163/4 1165/99/4
f 1167/168/4 1103/163/4 1166/167/4
f 1103/163/4 1167/168/4 1102/169/4
f 1168/170/4 1102/169/4 1167/168/4
f 1169/171/4 1102/169/4 1168/170/4
f 1102/169/4 1169/171/4 1101/172/4
f 1170/173/4 1101/172/4 1169/171/4
f 1171/174/4 1101/172/4 1170/173/4
f 1172/175/4 1101/172/4 1171/174/4
f 1101/172/4 1172/175/4 1100/176/4
f 1173/177/4 1100/176/4 1172/175/4
f 1174/178/4 1100/176/4 1173/177/4
f 1100/176/4 1174/178/4 1099/179/4
f 1175/180/4 1099/179/4 1174/178/4
f 1176/181/4 1099/179/4 1175/180/4
f 1177/182/4 1099/179/4 1176/181/4
f 1099/179/4 1177/182/4 1098/183/4
f 1178/184/4 1098/183/4 1177/182/4
f 1179/185/4 1098/183/4 1178/184/4
f 1180/186/4 1098/183/4 1179/185/4
f 1181/187/4 1098/183/4 1180/186/4
f 1098/183/4 1181/187/4 1097/188/4
f 1182/189/4 1097/188/4 1181/187/4
f 1183/190/4 1097/188/4 1182/189/4
f 1097/188/4 1183/190/4 1096/191/4
f 1184/192/4 1096/191/4 1183/190/4
f 1096/191/4 1184/192/4 1095/193/4
f 1185/194/4 1095/193/4 1184/192/4
f 1095/193/4 1185/194/4 1094/195/4
f 1186/196/4 1094/195/4 1185/194/4
f 1187/197/4 1094/195/4 1186/196/4
f 1188/198/4 1094/195/4 1187/197/4
f 1189/199/4 1094/195/4 1188/198/4
f 1190/200/4 1094/195/4 1189/199/4
f 1191/201/4 1094/195/4 1190/200/4
f 1094/195/4 1191/201/4 1093/136/4
f 1192/103/4 1093/136/4 1191/201/4
f 1195/104/4 1093/136/4 1192/103/4
f 1093/136/4 1195/104/4 1090/94/4
f 1196/202/4 1090/94/4 1195/104/4
f 1090/94/4 1196/202/4 1197/93/4
f 1366/203/4 1364/205/4 1365/204/4
f 1366/203/4 1367/206/4 1364/205/4
f 1364/205/4 1367/206/4 1363/207/4
f 1368/208/4 1363/207/4 1367/206/4
f 1363/207/4 1368/208/4 1362/209/4
f 1369/210/4 1362/209/4 1368/208/4
f 1362/209/4 1369/210/4 1361/211/4
f 1370/212/4 1361/211/4 1369/210/4
f 1371/213/4 1361/211/4 1370/212/4
f 1361/211/4 1371/213/4 1360/214/4
f 1385/215/4 1386/217/4 1382/216/4
f 1205/218/4 1203/220/4 1204/219/4
f 1206/221/4 1203/220/4 1205/218/4
f 1203/220/4 1206/221/4 1202/222/4
f 1218/223/4 1214/225/4 1217/224/4
f 1215/226/4 1217/224/4 1214/225/4
f 1217/224/5 1215/226/5 1216/227/5
f 1388/228/4 1382/216/4 1387/229/4
f 1386/217/4 1387/229/4 1382/216/4
f 1206/221/4 1207/230/4 1202/222/4
f 1202/222/4 1207/230/4 1201/231/4
f 1208/232/4 1201/231/4 1207/230/4
f 1218/223/4 1213/233/4 1214/225/4
f 1384/234/4 1382/216/4 1383/235/4
f 1382/216/4 1384/234/4 1385/215/4
f 1198/94/4 1199/237/4 1223/236/4
f 1223/236/4 1199/237/4 1222/238/4
f 1356/239/4 1327/241/4 1355/240/4
f 1327/241/4 1356/239/4 1326/242/4
f 1326/242/4 1356/239/4 1325/243/4
f 1356/239/4 1357/244/4 1325/243/4
f 1325/243/4 1357/244/4 1324/245/4
f 1324/245/4 1357/244/4 1323/246/4
f 1358/247/4 1323/246/4 1357/244/4
f 1323/246/4 1358/247/4 1322/248/4
f 1359/249/4 1322/248/4 1358/247/4
f 1322/248/4 1359/249/4 1321/250/4
f 1321/250/4 1359/249/4 1320/251/4
f 1360/214/4 1320/251/4 1359/249/4
f 1320/251/4 1360/214/4 1319/252/4
f 1371/213/4 1319/252/4 1360/214/4
f 1372/253/4 1319/252/4 1371/213/4
f 1319/252/4 1372/253/4 1318/254/4
f 1373/255/4 1318/254/4 1372/253/4
f 1318/254/4 1373/255/4 1317/256/4
f 1374/257/4 1317/256/4 1373/255/4
f 1317/256/4 1374/257/4 1316/258/4
f 1375/259/4 1316/258/4 1374/257/4
f 1316/258/4 1375/259/4 1315/260/4
f 1376/261/4 1315/260/4 1375/259/4
f 1315/260/4 1376/261/4 1314/262/4
f 1314/262/4 1376/261/4 1313/263/4
f 1377/264/4 1313/263/4 1376/261/4
f 1313/263/4 1377/264/4 1312/265/4
f 1378/266/4 1312/265/4 1377/264/4
f 1312/265/4 1378/266/4 1311/267/4
f 1311/267/4 1378/266/4 1310/268/4
f 1379/269/4 1310/268/4 1378/266/4
f 1310/268/4 1379/269/4 1309/270/4
f 1309/270/4 1379/269/4 1308/271/4
f 1380/272/4 1308/271/4 1379/269/4
f 1308/271/4 1380/272/4 1307/273/4
f 1307/273/4 1380/272/4 1306/274/4
f 1381/275/4 1306/274/4 1380/272/4
f 1306/274/4 1381/275/4 1305/276/4
f 1305/276/4 1381/275/4 1304/277/4
f 1304/277/4 1381/275/4 1303/278/4
f 1303/278/4 1381/275/4 1302/279/4
f 1302/279/4 1381/275/4 1301/280/4
f 1301/280/4 1381/275/4 1300/281/4
f 1393/282/4 1382/216/4 1392/283/4
f 1392/283/4 1382/216/4 1391/284/4
f 1391/284/4 1382/216/4 1390/285/4
f 1390/285/4 1382/216/4 1389/286/4
f 1388/228/4 1389/286/4 1382/216/4
f 1208/232/4 1200/287/4 1201/231/4
f 1209/288/4 1200/287/4 1208/232/4
f 1200/287/4 1209/288/4 1199/237/4
f 1199/237/4 1209/288/4 1222/238/4
f 1210/289/4 1222/238/4 1209/288/4
f 1222/238/4 1210/289/4 1221/290/4
f 1211/291/4 1221/290/4 1210/289/4
f 1221/290/4 1211/291/4 1220/292/4
f 1212/293/4 1220/292/4 1211/291/4
f 1220/292/4 1212/293/4 1219/294/4
f 1213/233/4 1219/294/4 1212/293/4
f 1218/223/4 1219/294/4 1213/233/4
f 1331/295/4 1332/297/4 1354/296/4
f 1330/298/4 1354/296/4 1329/299/4
f 1354/296/4 1330/298/4 1331/295/4
f 1289/300/4 1287/302/4 1288/301/4
f 1287/302/4 1289/300/4 1286/303/4
f 1230/304/4 1227/306/4 1229/305/4
f 1228/307/4 1229/305/4 1227/306/4
f 1335/308/4 1351/310/4 1352/309/4
f 1336/311/4 1351/310/4 1335/308/4
f 1332/297/4 1353/312/4 1354/296/4
f 1333/313/4 1353/312/4 1332/297/4
f 1353/312/4 1333/313/4 1352/309/4
f 1334/314/4 1352/309/4 1333/313/4
f 1352/309/4 1334/314/4 1335/308/4
f 1265/315/4 1263/317/4 1264/316/4
f 1263/317/4 1265/315/4 1262/318/4
f 1266/319/4 1262/318/4 1265/315/4
f 1262/318/4 1266/319/4 1261/320/4
f 1267/321/4 1261/320/4 1266/319/4
f 1261/320/4 1267/321/4 1260/322/4
f 1268/323/4 1260/322/4 1267/321/4
f 1260/322/4 1268/323/4 1259/324/4
f 1257/325/4 1248/327/4 1256/326/4
f 1249/328/4 1256/326/4 1248/327/4
f 1256/326/4 1249/328/4 1255/329/4
f 1250/330/4 1255/329/4 1249/328/4
f 1255/329/4 1250/330/4 1254/331/4
f 1251/332/4 1254/331/4 1250/330/4
f 1254/331/4 1251/332/4 1253/333/4
f 1252/334/6 1253/333/6 1251/332/6
f 1340/335/4 1347/337/4 1348/336/4
f 1341/338/4 1347/337/4 1340/335/4
f 1342/339/4 1347/337/4 1341/338/4
f 1347/337/4 1342/339/4 1346/340/4
f 1343/341/4 1346/340/4 1342/339/4
f 1346/340/4 1343/341/4 1345/342/4
f 1345/342/4 1343/341/4 1344/343/4
f 1397/93/4 1382/216/4 1396/344/4
f 1268/323/4 1269/345/4 1259/324/4
f 1259/324/4 1246/347/4 1258/346/4
f 1247/348/4 1258/346/4 1246/347/4
f 1258/346/4 1247/348/4 1257/325/4
f 1257/325/4 1247/348/4 1248/327/4
f 1336/311/4 1350/349/4 1351/310/4
f 1337/350/4 1350/349/4 1336/311/4
f 1350/349/4 1337/350/4 1349/351/4
f 1338/352/4 1349/351/4 1337/350/4
f 1339/353/4 1349/351/4 1338/352/4
f 1349/351/4 1339/353/4 1348/336/4
f 1348/336/4 1339/353/4 1340/335/4
f 1276/354/4 1277/356/4 1275/355/4
f 1278/357/4 1275/355/4 1277/356/4
f 1275/355/4 1278/357/4 1274/358/4
f 1279/359/4 1274/358/4 1278/357/4
f 1274/358/4 1279/359/4 1273/360/4
f 1280/361/4 1273/360/4 1279/359/4
f 1273/360/4 1280/361/4 1272/362/4
f 1281/363/4 1272/362/4 1280/361/4
f 1272/362/4 1281/363/4 1271/364/4
f 1282/365/4 1271/364/4 1281/363/4
f 1271/364/4 1282/365/4 1270/366/4
f 1283/367/4 1270/366/4 1282/365/4
f 1246/347/4 1233/369/4 1245/368/4
f 1234/370/4 1245/368/4 1233/369/4
f 1245/368/4 1234/370/4 1244/371/4
f 1235/372/4 1244/371/4 1234/370/4
f 1244/371/4 1235/372/4 1243/373/4
f 1236/374/4 1243/373/4 1235/372/4
f 1243/373/4 1236/374/4 1242/375/4
f 1237/376/4 1242/375/4 1236/374/4
f 1242/375/4 1237/376/4 1241/377/4
f 1238/378/4 1241/377/4 1237/376/4
f 1241/377/4 1238/378/4 1240/379/4
f 1239/380/4 1240/379/4 1238/378/4
f 1354/296/4 1355/240/4 1329/299/4
f 1329/299/4 1355/240/4 1328/381/4
f 1327/241/4 1328/381/4 1355/240/4
f 1381/275/4 1299/382/4 1300/281/4
f 1299/382/4 1381/275/4 1298/383/4
f 1298/383/4 1381/275/4 1297/384/4
f 1297/384/4 1381/275/4 1296/385/4
f 1382/216/4 1296/385/4 1381/275/4
f 1396/344/4 1382/216/4 1395/386/4
f 1395/386/4 1382/216/4 1394/387/4
f 1393/282/4 1394/387/4 1382/216/4
f 1289/300/4 1290/388/4 1286/303/4
f 1286/303/4 1290/388/4 1285/389/4
f 1291/390/4 1285/389/4 1290/388/4
f 1285/389/4 1291/390/4 1284/391/4
f 1292/392/4 1284/391/4 1291/390/4
f 1284/391/4 1292/392/4 1283/367/4
f 1293/393/4 1283/367/4 1292/392/4
f 1283/367/4 1293/393/4 1270/366/4
f 1270/366/4 1293/393/4 1269/345/4
f 1198/94/4 1269/345/4 1293/393/4
f 1269/345/4 1198/94/4 1259/324/4
f 1259/324/4 1198/94/4 1246/347/4
f 1246/347/4 1198/94/4 1233/369/4
f 1223/236/4 1233/369/4 1198/94/4
f 1224/394/4 1233/369/4 1223/236/4
f 1233/369/4 1224/394/4 1232/395/4
f 1225/396/4 1232/395/4 1224/394/4
f 1232/395/4 1225/396/4 1231/397/4
f 1226/398/4 1231/397/4 1225/396/4
f 1231/397/4 1226/398/4 1230/304/4
f 1230/304/4 1226/398/4 1227/306/4
f 1295/399/4 1296/385/4 1294/400/4
f 1294/400/4 1296/385/4 1397/93/4
f 1382/216/4 1397/93/4 1296/385/4
f 1611/401/4 1614/21/4 1615/402/4
f 1613/403/4 1611/401/4 1612/404/4
f 1611/401/4 1613/403/4 1614/21/4
f 1610/405/4 1608/407/4 1609/406/4
f 1608/407/4 1611/401/4 1400/408/4
f 1620/409/4 1611/401/4 1619/410/4
f 1619/410/4 1611/401/4 1618/411/4
f 1618/411/4 1611/401/4 1617/412/4
f 1617/412/4 1611/401/4 1616/413/4
f 1615/402/4 1616/413/4 1611/401/4
f 1604/414/4 1400/408/4 1603/415/4
f 1604/414/4 1605/416/4 1400/408/4
f 1606/417/4 1400/408/4 1605/416/4
f 1401/418/4 1601/419/4 1602/29/4
f 1401/418/4 1600/420/4 1601/419/4
f 1400/408/4 1602/29/4 1603/415/4
f 1602/29/4 1400/408/4 1401/418/4
f 1606/417/4 1607/421/4 1400/408/4
f 1608/407/4 1400/408/4 1607/421/4
f 1624/422/4 1611/401/4 1623/423/4
f 1623/423/4 1611/401/4 1622/424/4
f 1622/424/4 1611/401/4 1621/425/4
f 1620/409/4 1621/425/4 1611/401/4
f 1405/426/4 1592/428/4 1593/427/4
f 1404/429/4 1593/427/4 1594/430/4
f 1593/427/4 1404/429/4 1405/426/4
f 1403/431/4 1595/433/4 1596/432/4
f 1595/433/4 1403/431/4 1594/430/4
f 1594/430/4 1403/431/4 1404/429/4
f 1405/426/4 1591/434/4 1592/428/4
f 1406/435/4 1591/434/4 1405/426/4
f 1401/418/4 1599/436/4 1600/420/4
f 1599/436/4 1401/418/4 1598/437/4
f 1402/438/4 1598/437/4 1401/418/4
f 1598/437/4 1402/438/4 1597/439/4
f 1597/439/4 1402/438/4 1596/432/4
f 1596/432/4 1402/438/4 1403/431/4
f 1626/93/4 1611/401/4 1625/440/4
f 1624/422/4 1625/440/4 1611/401/4
f 1588/441/4 1408/443/4 1587/442/4
f 1409/444/4 1585/446/4 1586/445/4
f 1585/446/4 1409/444/4 1584/447/4
f 1408/443/4 1586/445/4 1587/442/4
f 1586/445/4 1408/443/4 1409/444/4
f 1407/448/4 1588/441/4 1589/449/4
f 1588/441/4 1407/448/4 1408/443/4
f 1410/4/4 1582/451/4 1583/450/4
f 1582/451/4 1410/4/4 1581/452/4
f 1580/453/4 1411/455/4 1579/454/4
f 1581/452/4 1411/455/4 1580/453/4
f 1410/4/4 1411/455/4 1581/452/4
f 1583/450/4 1584/447/4 1410/4/4
f 1409/444/4 1410/4/4 1584/447/4
f 1541/456/4 1542/80/4 1540/457/4
f 1543/458/4 1540/457/4 1542/80/4
f 1540/457/4 1543/458/4 1539/459/4
f 1544/460/4 1539/459/4 1543/458/4
f 1406/435/4 1590/47/4 1591/434/4
f 1590/47/4 1406/435/4 1589/449/4
f 1589/449/4 1406/435/4 1407/448/4
f 1611/401/4 1626/93/4 1400/408/4
f 1522/461/4 1466/463/4 1521/462/4
f 1523/464/4 1466/463/4 1522/461/4
f 1466/463/4 1523/464/4 1465/465/4
f 1524/466/4 1465/465/4 1523/464/4
f 1525/467/4 1465/465/4 1524/466/4
f 1526/468/4 1465/465/4 1525/467/4
f 1465/465/4 1526/468/4 1464/469/4
f 1471/470/4 1517/471/4 1470/41/4
f 1474/472/4 1515/474/4 1473/473/4
f 1515/474/4 1474/472/4 1514/475/4
f 1475/476/4 1514/475/4 1474/472/4
f 1471/470/4 1516/477/4 1517/471/4
f 1472/478/4 1516/477/4 1471/470/4
f 1516/477/4 1472/478/4 1515/474/4
f 1515/474/4 1472/478/4 1473/473/4
f 1517/471/4 1518/83/4 1470/41/4
f 1470/41/4 1518/83/4 1469/479/4
f 1519/480/4 1469/479/4 1518/83/4
f 1469/479/4 1519/480/4 1468/481/4
f 1520/482/4 1468/481/4 1519/480/4
f 1468/481/4 1520/482/4 1467/483/4
f 1521/462/4 1467/483/4 1520/482/4
f 1466/463/4 1467/483/4 1521/462/4
f 1431/484/4 1432/486/4 1430/485/4
f 1433/487/4 1429/488/4 1432/486/4
f 1432/486/4 1429/488/4 1430/485/4
f 1498/489/4 1500/491/4 1497/490/4
f 1500/491/4 1498/489/4 1499/492/4
f 1494/64/4 1503/494/4 1493/493/4
f 1503/494/4 1494/64/4 1502/495/4
f 1495/496/4 1502/495/4 1494/64/4
f 1502/495/4 1495/496/4 1501/497/4
f 1496/498/4 1501/497/4 1495/496/4
f 1501/497/4 1496/498/4 1500/491/4
f 1500/491/4 1496/498/4 1497/490/4
f 1507/499/4 1488/500/4 1506/61/4
f 1489/501/4 1506/61/4 1488/500/4
f 1490/502/4 1506/61/4 1489/501/4
f 1506/61/4 1490/502/4 1505/503/4
f 1491/504/4 1505/503/4 1490/502/4
f 1505/503/4 1491/504/4 1504/505/4
f 1492/506/4 1504/505/4 1491/504/4
f 1504/505/4 1492/506/4 1503/494/4
f 1503/494/4 1492/506/4 1493/493/4
f 1481/507/4 1510/509/4 1511/508/4
f 1482/31/4 1510/509/4 1481/507/4
f 1483/510/4 1510/509/4 1482/31/4
f 1510/509/4 1483/510/4 1509/511/4
f 1484/512/4 1509/511/4 1483/510/4
f 1485/513/4 1509/511/4 1484/512/4
f 1509/511/4 1485/513/4 1508/514/4
f 1486/515/4 1508/514/4 1485/513/4
f 1487/516/4 1508/514/4 1486/515/4
f 1508/514/4 1487/516/4 1507/499/4
f 1507/499/4 1487/516/4 1488/500/4
f 1475/476/4 1513/517/4 1514/475/4
f 1476/518/4 1513/517/4 1475/476/4
f 1477/519/4 1513/517/4 1476/518/4
f 1513/517/4 1477/519/4 1512/520/4
f 1478/521/4 1512/520/4 1477/519/4
f 1479/522/4 1512/520/4 1478/521/4
f 1512/520/4 1479/522/4 1511/508/4
f 1480/523/4 1511/508/4 1479/522/4
f 1511/508/4 1480/523/4 1481/507/4
f 1526/468/4 1527/524/4 1464/469/4
f 1528/525/4 1464/469/4 1527/524/4
f 1529/526/4 1464/469/4 1528/525/4
f 1530/90/4 1464/469/4 1529/526/4
f 1464/469/4 1530/90/4 1463/527/4
f 1531/528/4 1463/527/4 1530/90/4
f 1532/529/4 1463/527/4 1531/528/4
f 1533/530/4 1463/527/4 1532/529/4
f 1534/531/4 1463/527/4 1533/530/4
f 1535/532/4 1463/527/4 1534/531/4
f 1536/533/4 1463/527/4 1535/532/4
f 1537/534/4 1463/527/4 1536/533/4
f 1538/535/4 1463/527/4 1537/534/4
f 1539/459/4 1463/527/4 1538/535/4
f 1544/460/4 1463/527/4 1539/459/4
f 1545/536/4 1463/527/4 1544/460/4
f 1546/537/4 1463/527/4 1545/536/4
f 1463/527/4 1546/537/4 1462/538/4
f 1547/539/4 1462/538/4 1546/537/4
f 1548/540/4 1462/538/4 1547/539/4
f 1549/541/4 1462/538/4 1548/540/4
f 1462/538/4 1549/541/4 1461/542/4
f 1550/543/4 1461/542/4 1549/541/4
f 1551/544/4 1461/542/4 1550/543/4
f 1461/542/4 1551/544/4 1460/545/4
f 1552/546/4 1460/545/4 1551/544/4
f 1460/545/4 1552/546/4 1459/547/4
f 1553/548/4 1459/547/4 1552/546/4
f 1459/547/4 1553/548/4 1458/33/4
f 1458/33/4 1553/548/4 1457/549/4
f 1554/73/4 1457/549/4 1553/548/4
f 1457/549/4 1554/73/4 1456/550/4
f 1555/551/4 1456/550/4 1554/73/4
f 1456/550/4 1555/551/4 1455/552/4
f 1556/553/4 1455/552/4 1555/551/4
f 1455/552/4 1556/553/4 1454/554/4
f 1454/554/4 1556/553/4 1453/555/4
f 1557/556/4 1453/555/4 1556/553/4
f 1453/555/4 1557/556/4 1452/557/4
f 1558/558/4 1452/557/4 1557/556/4
f 1452/557/4 1558/558/4 1451/559/4
f 1451/559/4 1558/558/4 1450/560/4
f 1559/561/4 1450/560/4 1558/558/4
f 1450/560/4 1559/561/4 1449/562/4
f 1560/563/4 1449/562/4 1559/561/4
f 1449/562/4 1560/563/4 1448/564/4
f 1448/564/4 1560/563/4 1447/565/4
f 1447/565/4 1560/563/4 1446/16/4
f 1561/566/4 1446/16/4 1560/563/4
f 1446/16/4 1561/566/4 1445/567/4
f 1562/568/4 1445/567/4 1561/566/4
f 1445/567/4 1562/568/4 1444/569/4
f 1563/570/4 1444/569/4 1562/568/4
f 1444/569/4 1563/570/4 1443/571/4
f 1564/572/4 1443/571/4 1563/570/4
f 1443/571/4 1564/572/4 1442/573/4
f 1565/574/4 1442/573/4 1564/572/4
f 1442/573/4 1565/574/4 1441/575/4
f 1566/70/4 1441/575/4 1565/574/4
f 1441/575/4 1566/70/4 1440/576/4
f 1567/577/4 1440/576/4 1566/70/4
f 1440/576/4 1567/577/4 1439/578/4
f 1439/578/4 1567/577/4 1438/579/4
f 1568/580/4 1438/579/4 1567/577/4
f 1438/579/4 1568/580/4 1437/581/4
f 1437/581/4 1568/580/4 1436/582/4
f 1569/583/4 1436/582/4 1568/580/4
f 1436/582/4 1569/583/4 1435/584/4
f 1435/584/4 1569/583/4 1434/15/4
f 1434/15/4 1569/583/4 1433/487/4
f 1433/487/4 1569/583/4 1429/488/4
f 1429/488/4 1569/583/4 1428/585/4
f 1428/585/4 1569/583/4 1427/586/4
f 1427/586/4 1569/583/4 1426/587/4
f 1426/587/4 1569/583/4 1425/588/4
f 1570/589/4 1425/588/4 1569/583/4
f 1425/588/4 1570/589/4 1424/590/4
f 1424/590/4 1570/589/4 1423/591/4
f 1571/592/4 1423/591/4 1570/589/4
f 1423/591/4 1571/592/4 1422/45/4
f 1422/45/4 1571/592/4 1421/593/4
f 1572/594/4 1421/593/4 1571/592/4
f 1421/593/4 1572/594/4 1420/595/4
f 1420/595/4 1572/594/4 1419/596/4
f 1573/597/4 1419/596/4 1572/594/4
f 1419/596/4 1573/597/4 1418/598/4
f 1418/598/4 1573/597/4 1417/599/4
f 1574/600/4 1417/599/4 1573/597/4
f 1417/599/4 1574/600/4 1416/601/4
f 1416/601/4 1574/600/4 1415/602/4
f 1575/603/4 1415/602/4 1574/600/4
f 1415/602/4 1575/603/4 1414/604/4
f 1576/605/4 1414/604/4 1575/603/4
f 1414/604/4 1576/605/4 1413/606/4
f 1577/607/4 1413/606/4 1576/605/4
f 1413/606/4 1577/607/4 1412/608/4
f 1578/58/4 1412/608/4 1577/607/4
f 1579/454/4 1412/608/4 1578/58/4
f 1411/455/4 1412/608/4 1579/454/4
f 1399/609/4 1400/408/4 1398/94/4
f 1398/94/4 1400/408/4 1626/93/4
f 1610/405/4 1611/401/4 1608/407/4
f 1885/610/5 1883/612/5 1884/611/5
f 1885/610/4 1882/613/4 1883/612/4
f 1878/614/4 1892/616/4 1877/615/4
f 1892/616/4 1878/614/4 1891/617/4
f 1891/617/4 1878/614/4 1890/618/4
f 1879/619/4 1890/618/4 1878/614/4
f 1890/618/4 1879/619/4 1889/620/4
f 1889/620/4 1879/619/4 1888/621/4
f 1880/622/4 1888/621/4 1879/619/4
f 1888/621/4 1880/622/4 1887/623/4
f 1881/624/4 1887/623/4 1880/622/4
f 1887/623/4 1881/624/4 1886/625/4
f 1882/613/4 1886/625/4 1881/624/4
f 1885/610/4 1886/625/4 1882/613/4
f 1901/626/4 1873/628/4 1900/627/4
f 1900/627/4 1873/628/4 1899/629/4
f 1874/630/4 1899/629/4 1873/628/4
f 1899/629/4 1874/630/4 1898/631/4
f 1898/631/4 1874/630/4 1897/632/4
f 1875/633/4 1897/632/4 1874/630/4
f 1897/632/4 1875/633/4 1896/634/4
f 1896/634/4 1875/633/4 1895/635/4
f 1895/635/4 1875/633/4 1894/636/4
f 1876/637/4 1894/636/4 1875/633/4
f 1894/636/4 1876/637/4 1893/638/4
f 1877/615/4 1893/638/4 1876/637/4
f 1892/616/4 1893/638/4 1877/615/4
f 1914/639/4 1912/641/4 1913/640/4
f 1906/642/4 1917/644/4 1905/643/4
f 1917/644/4 1906/642/4 1916/645/4
f 1907/646/4 1916/645/4 1906/642/4
f 1908/647/4 1916/645/4 1907/646/4
f 1916/645/4 1908/647/4 1915/648/4
f 1909/649/4 1915/648/4 1908/647/4
f 1910/650/4 1915/648/4 1909/649/4
f 1911/651/4 1915/648/4 1910/650/4
f 1915/648/4 1911/651/4 1914/639/4
f 1914/639/4 1911/651/4 1912/641/4
f 1943/652/4 1858/654/4 1942/653/4
f 1858/654/4 1859/655/4 1942/653/4
f 1942/653/4 1859/655/4 1941/656/4
f 1945/657/4 1857/659/4 1944/658/4
f 1856/660/4 1857/659/4 1947/661/4
f 1947/661/4 1857/659/4 1946/662/4
f 1945/657/4 1946/662/4 1857/659/4
f 1947/661/4 1948/663/4 1856/660/4
f 1857/659/4 1858/654/4 1944/658/4
f 1943/652/4 1944/658/4 1858/654/4
f 1654/664/4 1781/666/4 1653/665/4
f 1781/666/4 1654/664/4 1780/667/4
f 1780/667/4 1654/664/4 1655/668/4
f 1855/669/4 1949/671/4 1950/670/4
f 1952/672/4 1953/674/4 1854/673/4
f 1854/673/4 1951/675/4 1952/672/4
f 1658/676/4 1776/678/4 1777/677/4
f 1854/673/4 1855/669/4 1951/675/4
f 1950/670/4 1951/675/4 1855/669/4
f 1853/679/4 1954/681/4 1955/680/4
f 1659/682/4 1774/684/4 1775/683/4
f 1774/684/4 1659/682/4 1660/685/4
f 1772/686/4 1773/688/4 1661/687/4
f 1955/680/4 1852/689/4 1853/679/4
f 1956/690/4 1852/689/4 1955/680/4
f 1852/689/4 1956/690/4 1957/691/4
f 1660/685/4 1773/688/4 1774/684/4
f 1773/688/4 1660/685/4 1661/687/4
f 1953/674/4 1853/679/4 1854/673/4
f 1853/679/4 1953/674/4 1954/681/4
f 1658/676/4 1775/683/4 1776/678/4
f 1775/683/4 1658/676/4 1659/682/4
f 1855/669/4 1856/660/4 1949/671/4
f 1948/663/4 1949/671/4 1856/660/4
f 1986/93/4 1627/94/4 1804/692/4
f 1804/692/4 1627/94/4 1803/693/4
f 1628/694/4 1803/693/4 1627/94/4
f 1803/693/4 1628/694/4 1802/695/4
f 1802/695/4 1628/694/4 1801/696/4
f 1629/697/4 1801/696/4 1628/694/4
f 1801/696/4 1629/697/4 1800/698/4
f 1655/668/4 1779/699/4 1780/667/4
f 1656/700/4 1779/699/4 1655/668/4
f 1779/699/4 1656/700/4 1778/701/4
f 1657/702/4 1778/701/4 1656/700/4
f 1778/701/4 1657/702/4 1777/677/4
f 1777/677/4 1657/702/4 1658/676/4
f 1859/655/4 1860/703/4 1941/656/4
f 1941/656/4 1860/703/4 1940/704/4
f 1940/704/4 1860/703/4 1939/705/4
f 1861/706/4 1939/705/4 1860/703/4
f 1939/705/4 1861/706/4 1938/707/4
f 1938/707/4 1861/706/4 1937/708/4
f 1862/709/4 1937/708/4 1861/706/4
f 1937/708/4 1862/709/4 1936/710/4
f 1863/711/4 1936/710/4 1862/709/4
f 1936/710/4 1863/711/4 1935/712/4
f 1864/713/4 1935/712/4 1863/711/4
f 1935/712/4 1864/713/4 1934/714/4
f 1865/715/4 1934/714/4 1864/713/4
f 1934/714/4 1865/715/4 1933/716/4
f 1866/717/4 1933/716/4 1865/715/4
f 1933/716/4 1866/717/4 1932/718/4
f 1867/719/4 1932/718/4 1866/717/4
f 1932/718/4 1867/719/4 1931/720/4
f 1868/721/4 1931/720/4 1867/719/4
f 1931/720/4 1868/721/4 1930/722/4
f 1869/723/4 1930/722/4 1868/721/4
f 1870/724/4 1930/722/4 1869/723/4
f 1930/722/4 1870/724/4 1929/725/4
f 1871/726/4 1929/725/4 1870/724/4
f 1872/727/4 1929/725/4 1871/726/4
f 1873/628/4 1929/725/4 1872/727/4
f 1901/626/4 1929/725/4 1873/628/4
f 1902/728/4 1929/725/4 1901/626/4
f 1903/729/4 1929/725/4 1902/728/4
f 1929/725/4 1903/729/4 1928/730/4
f 1904/731/4 1928/730/4 1903/729/4
f 1905/643/4 1928/730/4 1904/731/4
f 1917/644/4 1928/730/4 1905/643/4
f 1918/732/4 1928/730/4 1917/644/4
f 1919/733/4 1928/730/4 1918/732/4
f 1920/734/4 1928/730/4 1919/733/4
f 1921/735/4 1928/730/4 1920/734/4
f 1922/736/4 1928/730/4 1921/735/4
f 1923/737/4 1928/730/4 1922/736/4
f 1924/738/4 1928/730/4 1923/737/4
f 1925/739/4 1928/730/4 1924/738/4
f 1926/740/4 1928/730/4 1925/739/4
f 1928/730/4 1926/740/4 1927/741/4
f 1629/697/4 1630/742/4 1800/698/4
f 1800/698/4 1630/742/4 1799/743/4
f 1799/743/4 1630/742/4 1798/744/4
f 1631/745/4 1798/744/4 1630/742/4
f 1798/744/4 1631/745/4 1797/746/4
f 1632/747/4 1797/746/4 1631/745/4
f 1797/746/4 1632/747/4 1796/748/4
f 1633/749/4 1796/748/4 1632/747/4
f 1796/748/4 1633/749/4 1795/750/4
f 1634/751/4 1795/750/4 1633/749/4
f 1635/752/4 1795/750/4 1634/751/4
f 1795/750/4 1635/752/4 1794/753/4
f 1636/754/4 1794/753/4 1635/752/4
f 1794/753/4 1636/754/4 1793/755/4
f 1637/756/4 1793/755/4 1636/754/4
f 1793/755/4 1637/756/4 1792/757/4
f 1638/758/4 1792/757/4 1637/756/4
f 1639/759/4 1792/757/4 1638/758/4
f 1792/757/4 1639/759/4 1791/760/4
f 1640/761/4 1791/760/4 1639/759/4
f 1791/760/4 1640/761/4 1790/762/4
f 1641/763/4 1790/762/4 1640/761/4
f 1790/762/4 1641/763/4 1789/764/4
f 1642/765/4 1789/764/4 1641/763/4
f 1643/766/4 1789/764/4 1642/765/4
f 1789/764/4 1643/766/4 1788/767/4
f 1644/768/4 1788/767/4 1643/766/4
f 1645/769/4 1788/767/4 1644/768/4
f 1788/767/4 1645/769/4 1787/770/4
f 1646/771/4 1787/770/4 1645/769/4
f 1787/770/4 1646/771/4 1786/772/4
f 1647/773/4 1786/772/4 1646/771/4
f 1648/774/4 1786/772/4 1647/773/4
f 1786/772/4 1648/774/4 1785/775/4
f 1649/776/4 1785/775/4 1648/774/4
f 1785/775/4 1649/776/4 1784/777/4
f 1650/778/4 1784/777/4 1649/776/4
f 1784/777/4 1650/778/4 1783/779/4
f 1651/780/4 1783/779/4 1650/778/4
f 1783/779/4 1651/780/4 1782/781/4
f 1652/782/4 1782/781/4 1651/780/4
f 1782/781/4 1652/782/4 1781/666/4
f 1781/666/4 1652/782/4 1653/665/4
f 1960/783/4 1850/785/4 1851/784/4
f 1961/786/4 1850/785/4 1960/783/4
f 1850/785/4 1961/786/4 1962/787/4
f 1663/788/4 1769/790/4 1770/789/4
f 1962/787/4 1849/791/4 1850/785/4
f 1963/792/4 1849/791/4 1962/787/4
f 1849/791/4 1963/792/4 1964/793/4
f 1770/789/4 1771/794/4 1663/788/4
f 1662/795/4 1663/788/4 1771/794/4
f 1664/796/4 1767/798/4 1768/797/4
f 1766/799/4 1767/798/4 1665/800/4
f 1664/796/4 1665/800/4 1767/798/4
f 1964/793/4 1848/801/4 1849/791/4
f 1965/802/4 1848/801/4 1964/793/4
f 1966/803/4 1848/801/4 1965/802/4
f 1848/801/4 1966/803/4 1847/804/4
f 1967/805/4 1847/804/4 1966/803/4
f 1847/804/4 1967/805/4 1968/806/4
f 1768/797/4 1769/790/4 1664/796/4
f 1663/788/4 1664/796/4 1769/790/4
f 1728/807/4 1726/809/4 1727/808/4
f 1728/807/4 1729/810/4 1726/809/4
f 1726/809/4 1729/810/4 1725/811/4
f 1729/810/4 1730/812/4 1725/811/4
f 1725/811/4 1730/812/4 1724/813/4
f 1731/814/4 1724/813/4 1730/812/4
f 1724/813/4 1731/814/4 1723/815/4
f 1732/816/4 1723/815/4 1731/814/4
f 1763/817/4 1667/819/4 1762/818/4
f 1968/806/4 1846/820/4 1847/804/4
f 1969/821/4 1846/820/4 1968/806/4
f 1763/817/4 1764/822/4 1667/819/4
f 1667/819/4 1764/822/4 1666/823/4
f 1765/824/4 1666/823/4 1764/822/4
f 1766/799/4 1666/823/4 1765/824/4
f 1665/800/4 1666/823/4 1766/799/4
f 1692/825/4 1690/827/4 1691/826/4
f 1693/828/6 1690/827/6 1692/825/6
f 1690/827/4 1693/828/4 1689/829/4
f 1694/830/4 1689/829/4 1693/828/4
f 1689/829/4 1694/830/4 1688/831/4
f 1694/830/4 1695/832/4 1688/831/4
f 1688/831/4 1695/832/4 1687/833/4
f 1696/834/4 1687/833/4 1695/832/4
f 1697/835/4 1687/833/4 1696/834/4
f 1687/833/4 1697/835/4 1686/836/4
f 1698/837/4 1686/836/4 1697/835/4
f 1686/836/4 1698/837/4 1685/838/4
f 1699/839/4 1685/838/4 1698/837/4
f 1685/838/4 1699/839/4 1684/840/4
f 1684/840/4 1699/839/4 1683/841/4
f 1682/842/4 1683/841/4 1699/839/4
f 1699/839/4 1700/843/4 1682/842/4
f 1682/842/4 1700/843/4 1681/844/4
f 1701/845/4 1681/844/4 1700/843/4
f 1681/844/4 1701/845/4 1680/846/4
f 1702/847/4 1680/846/4 1701/845/4
f 1703/848/4 1680/846/4 1702/847/4
f 1680/846/4 1703/848/4 1679/849/4
f 1704/850/4 1679/849/4 1703/848/4
f 1704/850/4 1705/851/4 1679/849/4
f 1706/852/4 1679/849/4 1705/851/4
f 1679/849/4 1706/852/4 1678/853/4
f 1707/854/4 1678/853/4 1706/852/4
f 1708/855/4 1678/853/4 1707/854/4
f 1709/856/4 1678/853/4 1708/855/4
f 1678/853/4 1709/856/4 1677/857/4
f 1710/858/4 1677/857/4 1709/856/4
f 1969/821/4 1845/859/4 1846/820/4
f 1970/860/4 1845/859/4 1969/821/4
f 1971/861/4 1845/859/4 1970/860/4
f 1845/859/4 1971/861/4 1844/862/4
f 1972/863/4 1844/862/4 1971/861/4
f 1844/862/4 1972/863/4 1843/864/4
f 1973/865/4 1843/864/4 1972/863/4
f 1974/866/4 1843/864/4 1973/865/4
f 1843/864/4 1974/866/4 1842/867/4
f 1975/868/4 1842/867/4 1974/866/4
f 1842/867/4 1975/868/4 1841/869/4
f 1976/870/4 1841/869/4 1975/868/4
f 1841/869/4 1976/870/4 1840/871/4
f 1840/871/4 1976/870/4 1839/872/4
f 1839/872/4 1976/870/4 1838/873/4
f 1977/874/4 1838/873/4 1976/870/4
f 1838/873/4 1977/874/4 1837/875/4
f 1837/875/4 1977/874/4 1836/876/4
f 1836/876/4 1977/874/4 1835/877/4
f 1835/877/4 1977/874/4 1834/878/4
f 1978/879/4 1834/878/4 1977/874/4
f 1834/878/4 1978/879/4 1833/880/4
f 1833/880/4 1978/879/4 1832/881/4
f 1832/881/4 1978/879/4 1831/882/4
f 1831/882/4 1978/879/4 1830/883/4
f 1979/884/4 1830/883/4 1978/879/4
f 1830/883/4 1979/884/4 1829/885/4
f 1829/885/4 1979/884/4 1828/886/4
f 1828/886/4 1979/884/4 1827/887/4
f 1827/887/4 1979/884/4 1826/888/4
f 1826/888/4 1979/884/4 1825/889/4
f 1825/889/4 1979/884/4 1824/890/4
f 1824/890/4 1979/884/4 1823/891/4
f 1980/892/4 1823/891/4 1979/884/4
f 1823/891/4 1980/892/4 1822/893/4
f 1822/893/4 1980/892/4 1821/894/4
f 1821/894/4 1980/892/4 1820/895/4
f 1820/895/4 1980/892/4 1819/896/4
f 1819/896/4 1980/892/4 1818/897/4
f 1981/898/4 1818/897/4 1980/892/4
f 1818/897/4 1981/898/4 1817/899/4
f 1817/899/4 1981/898/4 1816/900/4
f 1816/900/4 1981/898/4 1815/901/4
f 1815/901/4 1981/898/4 1814/902/4
f 1982/903/4 1814/902/4 1981/898/4
f 1814/902/4 1982/903/4 1813/904/4
f 1813/904/4 1982/903/4 1812/905/4
f 1732/816/4 1722/906/4 1723/815/4
f 1733/907/4 1722/906/4 1732/816/4
f 1722/906/4 1733/907/4 1721/908/4
f 1721/908/4 1733/907/4 1720/909/4
f 1734/910/4 1720/909/4 1733/907/4
f 1720/909/4 1734/910/4 1719/911/4
f 1719/911/4 1734/910/4 1718/912/4
f 1718/912/4 1734/910/4 1717/913/4
f 1717/913/4 1734/910/4 1716/914/4
f 1735/915/4 1716/914/4 1734/910/4
f 1716/914/4 1735/915/4 1715/916/4
f 1715/916/4 1735/915/4 1714/917/4
f 1736/918/4 1714/917/4 1735/915/4
f 1714/917/4 1736/918/4 1713/919/4
f 1737/920/4 1713/919/4 1736/918/4
f 1738/921/4 1713/919/4 1737/920/4
f 1713/919/4 1738/921/4 1712/922/4
f 1739/923/4 1712/922/4 1738/921/4
f 1740/924/4 1712/922/4 1739/923/4
f 1712/922/4 1740/924/4 1711/925/4
f 1741/926/4 1711/925/4 1740/924/4
f 1742/927/4 1711/925/4 1741/926/4
f 1711/925/4 1742/927/4 1710/858/4
f 1710/858/4 1742/927/4 1677/857/4
f 1743/928/4 1677/857/4 1742/927/4
f 1744/929/4 1677/857/4 1743/928/4
f 1677/857/4 1744/929/4 1676/930/4
f 1745/931/4 1676/930/4 1744/929/4
f 1746/932/4 1676/930/4 1745/931/4
f 1747/933/4 1676/930/4 1746/932/4
f 1748/934/4 1676/930/4 1747/933/4
f 1676/930/4 1748/934/4 1675/935/4
f 1749/936/4 1675/935/4 1748/934/4
f 1750/937/4 1675/935/4 1749/936/4
f 1675/935/4 1750/937/4 1674/938/4
f 1751/939/4 1674/938/4 1750/937/4
f 1752/940/4 1674/938/4 1751/939/4
f 1674/938/4 1752/940/4 1673/941/4
f 1753/942/4 1673/941/4 1752/940/4
f 1754/943/4 1673/941/4 1753/942/4
f 1755/944/4 1673/941/4 1754/943/4
f 1673/941/4 1755/944/4 1672/945/4
f 1756/946/4 1672/945/4 1755/944/4
f 1757/947/4 1672/945/4 1756/946/4
f 1758/948/4 1672/945/4 1757/947/4
f 1672/945/4 1758/948/4 1671/949/4
f 1759/950/4 1671/949/4 1758/948/4
f 1671/949/4 1759/950/4 1670/951/4
f 1760/952/4 1670/951/4 1759/950/4
f 1670/951/4 1760/952/4 1669/953/4
f 1761/954/4 1669/953/4 1760/952/4
f 1669/953/4 1761/954/4 1668/955/4
f 1762/818/4 1668/955/4 1761/954/4
f 1667/819/4 1668/955/4 1762/818/4
f 1957/691/4 1851/784/4 1852/689/4
f 1958/956/4 1851/784/4 1957/691/4
f 1959/957/4 1851/784/4 1958/956/4
f 1851/784/4 1959/957/4 1960/783/4
f 1982/903/4 1983/958/4 1812/905/4
f 1812/905/4 1983/958/4 1811/959/4
f 1811/959/4 1983/958/4 1810/960/4
f 1984/961/4 1810/960/4 1983/958/4
f 1810/960/4 1984/961/4 1809/962/4
f 1809/962/4 1984/961/4 1808/963/4
f 1985/964/4 1808/963/4 1984/961/4
f 1808/963/4 1985/964/4 1807/965/4
f 1807/965/4 1985/964/4 1806/966/4
f 1986/93/4 1806/966/4 1985/964/4
f 1806/966/4 1986/93/4 1805/967/4
f 1804/692/4 1805/967/4 1986/93/4
f 1771/794/4 1772/686/4 1662/795/4
f 1661/687/4 1662/795/4 1772/686/4
s 1
f 1988/968/7 1990/969/8 1989/970/8 1987/94/7
f 1990/969/8 1992/971/9 1991/972/9 1989/970/8
f 1992/971/9 1994/973/10 1993/974/10 1991/972/9
f 1994/973/10 1996/975/11 1995/976/11 1993/974/10
f 1996/975/11 1998/977/12 1997/978/12 1995/976/11
f 1998/977/12 2000/979/13 1999/980/13 1997/978/12
f 2000/979/13 2002/981/14 2001/982/14 1999/980/13
f 2002/981/14 2004/983/15 2003/984/15 2001/982/14
f 2004/983/15 2006/985/16 2005/986/16 2003/984/15
f 2006/985/16 2008/987/17 2007/988/17 2005/986/16
f 2008/987/17 2010/989/18 2009/990/18 2007/988/17
f 2010/989/18 2012/991/19 2011/992/19 2009/990/18
f 2012/991/19 2014/993/20 2013/994/20 2011/992/19
f 2014/993/20 2016/995/21 2015/996/21 2013/994/20
f 2016/995/21 2018/997/22 2017/998/22 2015/996/21
f 2018/997/22 2020/999/23 2019/1000/23 2017/998/22
f 2020/999/23 2022/1001/24 2021/1002/24 2019/1000/23
f 2022/1001/24 2024/1003/25 2023/1004/25 2021/1002/24
f 2024/1003/25 2026/1005/26 2025/1006/26 2023/1004/25
f 2026/1005/26 2028/1007/27 2027/1008/27 2025/1006/26
f 2028/1007/27 2030/1009/28 2029/1010/28 2027/1008/27
f 2030/1009/28 2032/1011/29 2031/1012/29 2029/1010/28
f 2032/1011/29 2034/1013/30 2033/1014/30 2031/1012/29
f 2034/1013/30 2036/1015/31 2035/1016/31 2033/1014/30
f 2036/1015/31 2038/1017/32 2037/1018/32 2035/1016/31
f 2038/1017/32 2040/1019/33 2039/1020/33 2037/1018/32
f 2040/1019/33 2042/1021/34 2041/1022/34 2039/1020/33
f 2042/1021/34 2044/1023/35 2043/1024/35 2041/1022/34
f 2044/1023/35 2046/1025/36 2045/1026/36 2043/1024/35
f 2046/1025/36 2048/1027/37 2047/599/37 2045/1026/36
f 2048/1027/37 2050/1028/38 2049/1029/38 2047/599/37
f 2050/1028/38 2052/1030/39 2051/1031/39 2049/1029/38
f 2052/1030/39 2054/1032/40 2053/1033/40 2051/1031/39
f 2054/1032/40 2056/1034/41 2055/1035/41 2053/1033/40
f 2056/1034/41 2058/1036/42 2057/1037/42 2055/1035/41
f 2058/1036/42 2060/1038/43 2059/1039/43 2057/1037/42
f 2060/1038/43 2062/1040/44 2061/1041/44 2059/1039/43
f 2062/1040/44 2064/1042/45 2063/1043/45 2061/1041/44
f 2064/1042/45 2066/1044/46 2065/1045/46 2063/1043/45
f 2066/1044/46 2068/1046/47 2067/1047/47 2065/1045/46
f 2068/1046/47 2070/1048/48 2069/1049/48 2067/1047/47
f 2070/1048/48 2072/1050/49 2071/1051/49 2069/1049/48
f 2072/1050/49 2074/1052/50 2073/1053/50 2071/1051/49
f 2074/1052/50 2076/1054/51 2075/1055/51 2073/1053/50
f 2076/1054/51 2078/1056/52 2077/1057/52 2075/1055/51
f 2078/1056/52 2080/1058/53 2079/1059/53 2077/1057/52
f 2080/1058/53 2082/1060/54 2081/1061/54 2079/1059/53
f 2082/1060/54 2084/1062/55 2083/1063/55 2081/1061/54
f 2084/1062/55 2086/1064/56 2085/1065/56 2083/1063/55
f 2086/1064/56 2088/1066/57 2087/1067/57 2085/1065/56
f 2088/1066/57 2090/1068/58 2089/1069/58 2087/1067/57
f 2090/1068/58 2092/1070/59 2091/1071/59 2089/1069/58
f 2092/1070/59 2094/1072/60 2093/1073/60 2091/1071/59
f 2094/1072/60 2096/1074/61 2095/1075/61 2093/1073/60
f 2096/1074/61 2098/1076/62 2097/1077/62 2095/1075/61
f 2098/1076/62 2100/1078/63 2099/1079/63 2097/1077/62
f 2100/1078/63 2102/1080/64 2101/1081/64 2099/1079/63
f 2102/1080/64 2104/1082/65 2103/1083/65 2101/1081/64
f 2104/1082/65 2106/1084/66 2105/1085/66 2103/1083/65
f 2106/1084/66 2108/1086/67 2107/582/67 2105/1085/66
f 2108/1086/67 2110/1087/68 2109/1088/68 2107/582/67
f 2110/1087/68 2112/1089/69 2111/1090/69 2109/1088/68
f 2112/1089/69 2114/1091/70 2113/1092/70 2111/1090/69
f 2114/1091/70 2116/1093/71 2115/1094/71 2113/1092/70
f 2116/1093/71 2118/1095/72 2117/1096/72 2115/1094/71
f 2118/1095/72 2120/1097/73 2119/1098/73 2117/1096/72
f 2120/1097/73 2122/1099/74 2121/1100/74 2119/1098/73
f 2122/1099/74 2124/1101/75 2123/1102/75 2121/1100/74
f 2124/1101/75 2126/1103/76 2125/1104/76 2123/1102/75
f 2126/1103/76 2128/1105/77 2127/1106/77 2125/1104/76
f 2128/1105/77 2130/1107/78 2129/1108/78 2127/1106/77
f 2130/1107/78 2132/1109/79 2131/18/79 2129/1108/78
f 2132/1109/79 2134/1110/80 2133/1111/80 2131/18/79
f 2134/1110/80 2136/1112/81 2135/1113/81 2133/1111/80
f 2136/1112/81 2138/1114/82 2137/1115/82 2135/1113/81
f 2138/1114/82 2140/1116/83 2139/1117/83 2137/1115/82
f 2140/1116/83 2142/1118/84 2141/1119/84 2139/1117/83
f 2142/1118/84 2144/1120/85 2143/1121/85 2141/1119/84
f 2144/1120/85 2146/1122/86 2145/1123/86 2143/1121/85
f 2146/1122/86 2148/1124/87 2147/1125/87 2145/1123/86
f 2148/1124/87 2150/1126/88 2149/1127/88 2147/1125/87
f 2150/1126/88 2152/1128/89 2151/1129/89 2149/1127/88
f 2152/1128/89 2154/1130/90 2153/1131/90 2151/1129/89
f 2154/1130/90 2156/1132/91 2155/1133/91 2153/1131/90
f 2156/1132/91 2158/1134/92 2157/1135/92 2155/1133/91
f 2158/1134/92 2160/1136/93 2159/1137/93 2157/1135/92
f 2160/1136/93 2162/1138/94 2161/1139/94 2159/1137/93
f 2162/1138/94 2164/1140/95 2163/1141/95 2161/1139/94
f 2164/1140/95 2166/1142/96 2165/1143/96 2163/1141/95
f 2166/1142/96 2168/1144/97 2167/552/97 2165/1143/96
f 2168/1144/97 2170/1145/98 2169/1146/98 2167/552/97
f 2170/1145/98 2172/1147/99 2171/1148/99 2169/1146/98
f 2172/1147/99 2174/1149/100 2173/1150/100 2171/1148/99
f 2174/1149/100 2176/1151/101 2175/1152/101 2173/1150/100
f 2176/1151/101 2178/1153/102 2177/1154/102 2175/1152/101
f 2178/1153/102 2180/1155/103 2179/1156/103 2177/1154/102
f 2180/1155/103 2182/1157/104 2181/1158/104 2179/1156/103
f 2182/1157/104 2184/1159/105 2183/1160/105 2181/1158/104
f 2184/1159/105 2186/1161/106 2185/1162/106 2183/1160/105
f 2186/1161/106 2188/1163/107 2187/1164/107 2185/1162/106
f 2188/1163/107 2190/1165/108 2189/1166/108 2187/1164/107
f 2190/1165/108 2192/1167/109 2191/1168/109 2189/1166/108
f 2192/1167/109 2194/1169/110 2193/1170/110 2191/1168/109
f 2194/1169/110 2196/1171/111 2195/1172/111 2193/1170/110
f 2196/1171/111 2198/1173/112 2197/1174/112 2195/1172/111
f 2198/1173/112 2200/1175/18 2199/1176/18 2197/1174/112
f 2200/1175/18 2202/1177/113 2201/1178/113 2199/1176/18
f 2202/1177/113 2204/1179/114 2203/1180/114 2201/1178/113
f 2204/1179/114 2206/1181/115 2205/1182/115 2203/1180/114
f 2206/1181/115 2208/1183/116 2207/1184/116 2205/1182/115
f 2208/1183/116 2210/1185/117 2209/1186/117 2207/1184/116
f 2210/1185/117 2212/1187/118 2211/1188/118 2209/1186/117
f 2212/1187/118 2214/1189/119 2213/1190/119 2211/1188/118
f 2214/1189/119 2216/1191/120 2215/1192/120 2213/1190/119
f 2216/1191/120 2218/1193/121 2217/1194/121 2215/1192/120
f 2218/1193/121 2220/1195/122 2219/1196/122 2217/1194/121
f 2220/1195/122 2222/1197/123 2221/1198/123 2219/1196/122
f 2222/1197/123 2224/1199/124 2223/1200/124 2221/1198/123
f 2224/1199/124 2226/1201/125 2225/1202/125 2223/1200/124
f 2226/1201/125 2228/1203/126 2227/472/126 2225/1202/125
f 2228/1203/126 2230/1204/127 2229/1205/127 2227/472/126
f 2230/1204/127 2232/1206/128 2231/1207/128 2229/1205/127
f 2232/1206/128 2234/1208/129 2233/1209/129 2231/1207/128
f 2234/1208/129 2236/1210/130 2235/1211/130 2233/1209/129
f 2236/1210/130 2238/1212/131 2237/1213/131 2235/1211/130
f 2238/1212/131 2240/1214/132 2239/1215/132 2237/1213/131
f 2240/1214/132 2242/1216/133 2241/1217/133 2239/1215/132
f 2242/1216/133 2244/1218/134 2243/1219/134 2241/1217/133
f 2244/1218/134 2246/1220/135 2245/1221/135 2243/1219/134
f 2246/1220/135 2248/1222/136 2247/1223/136 2245/1221/135
f 2248/1222/136 2250/1224/137 2249/1225/137 2247/1223/136
f 2250/1224/137 2252/1226/138 2251/1227/138 2249/1225/137
f 2252/1226/138 2254/1228/139 2253/1229/139 2251/1227/138
f 2254/1228/139 2256/1230/140 2255/1231/140 2253/1229/139
f 2256/1230/140 2258/1232/141 2257/1233/141 2255/1231/140
f 2258/1232/141 2260/1234/142 2259/1235/142 2257/1233/141
f 2260/1234/142 2262/1236/143 2261/1237/143 2259/1235/142
f 2262/1236/143 2264/1238/144 2263/1239/144 2261/1237/143
f 2264/1238/144 2266/1240/145 2265/1241/145 2263/1239/144
f 2266/1240/145 2268/1242/146 2267/1243/146 2265/1241/145
f 2268/1242/146 2270/1244/147 2269/1245/147 2267/1243/146
f 2270/1244/147 2272/1246/148 2271/1247/148 2269/1245/147
f 2272/1246/148 2274/1248/149 2273/1249/149 2271/1247/148
f 2274/1248/149 2276/1250/150 2275/60/150 2273/1249/149
f 2276/1250/150 2278/1251/151 2277/1252/151 2275/60/150
f 2278/1251/151 2280/1253/152 2279/1254/152 2277/1252/151
f 2280/1253/152 2282/1255/153 2281/1256/153 2279/1254/152
f 2282/1255/153 2284/1257/154 2283/1258/154 2281/1256/153
f 2284/1257/154 2286/1259/155 2285/1260/155 2283/1258/154
f 2286/1259/155 2288/1261/156 2287/493/156 2285/1260/155
f 2288/1261/156 2290/1262/157 2289/1263/157 2287/493/156
f 2290/1262/157 2292/1264/158 2291/1265/158 2289/1263/157
f 2292/1264/158 2294/1266/159 2293/1267/159 2291/1265/158
f 2294/1266/159 2296/1268/160 2295/1269/160 2293/1267/159
f 2296/1268/160 2298/1270/161 2297/1271/161 2295/1269/160
f 2298/1270/161 2300/1272/162 2299/1273/162 2297/1271/161
f 2300/1272/162 2302/1274/163 2301/1275/163 2299/1273/162
f 2302/1274/163 2304/1276/164 2303/1277/164 2301/1275/163
f 2304/1276/164 2306/1278/165 2305/1279/165 2303/1277/164
f 2306/1278/165 2308/1280/166 2307/1281/166 2305/1279/165
f 2308/1280/166 2310/1282/167 2309/1283/167 2307/1281/166
f 2310/1282/167 2312/1284/168 2311/1285/168 2309/1283/167
f 2312/1284/168 2314/1286/169 2313/1287/169 2311/1285/168
f 2314/1286/169 2316/1288/170 2315/1289/170 2313/1287/169
f 2316/1288/170 2318/1290/171 2317/1291/171 2315/1289/170
f 2318/1290/171 2320/1292/172 2319/1293/172 2317/1291/171
f 2320/1292/172 2322/1294/173 2321/1295/173 2319/1293/172
f 2322/1294/173 2324/1296/174 2323/1297/174 2321/1295/173
f 2324/1296/174 2326/1298/175 2325/1299/175 2323/1297/174
f 2326/1298/175 2328/1300/176 2327/1301/176 2325/1299/175
f 2328/1300/176 2330/1302/177 2329/1303/177 2327/1301/176
f 2330/1302/177 2332/1304/178 2331/1305/178 2329/1303/177
f 2332/1304/178 2334/1306/179 2333/1307/179 2331/1305/178
f 2334/1306/179 2336/1308/180 2335/1309/180 2333/1307/179
f 2336/1308/180 2338/1310/181 2337/1311/181 2335/1309/180
f 2338/1310/181 2340/1312/182 2339/1313/182 2337/1311/181
f 2340/1312/182 2342/1314/183 2341/1315/183 2339/1313/182
f 2342/1314/183 2344/1316/184 2343/1317/184 2341/1315/183
f 2344/1316/184 2346/1318/185 2345/1319/185 2343/1317/184
f 2346/1318/185 2348/1320/186 2347/520/186 2345/1319/185
f 2348/1320/186 2350/1321/187 2349/1322/187 2347/520/186
f 2350/1321/187 2352/1323/188 2351/1324/188 2349/1322/187
f 2352/1323/188 2354/1325/189 2353/1326/189 2351/1324/188
f 2354/1325/189 2356/1327/190 2355/1328/190 2353/1326/189
f 2356/1327/190 2358/1329/191 2357/1330/191 2355/1328/190
f 2358/1329/191 2360/1331/192 2359/1332/192 2357/1330/191
f 2360/1331/192 2362/1333/193 2361/1334/193 2359/1332/192
f 2362/1333/193 2364/1335/194 2363/1336/194 2361/1334/193
f 2364/1335/194 2366/1337/195 2365/1338/195 2363/1336/194
f 2366/1337/195 2368/1339/196 2367/1340/196 2365/1338/195
f 2368/1339/196 2370/1341/197 2369/1342/197 2367/1340/196
f 2370/1341/197 2372/1343/198 2371/1344/198 2369/1342/197
f 2372/1343/198 2374/1345/199 2373/1346/199 2371/1344/198
f 2374/1345/199 2376/1347/200 2375/1348/200 2373/1346/199
f 2376/1347/200 2378/1349/201 2377/1350/201 2375/1348/200
f 2378/1349/201 2380/1351/202 2379/1352/202 2377/1350/201
f 2380/1351/202 2382/1353/203 2381/1354/203 2379/1352/202
f 2382/1353/203 2384/1355/204 2383/1356/204 2381/1354/203
f 2384/1355/204 2386/1357/205 2385/1358/205 2383/1356/204
f 2386/1357/205 2388/1359/206 2387/1360/206 2385/1358/205
f 2388/1359/206 2390/1361/207 2389/1362/207 2387/1360/206
f 2390/1361/207 2392/1363/208 2391/1364/208 2389/1362/207
f 2392/1363/208 2394/1365/209 2393/1366/209 2391/1364/208
f 2394/1365/209 2396/1367/210 2395/1368/210 2393/1366/209
f 2396/1367/210 2398/1369/211 2397/1370/211 2395/1368/210
f 2398/1369/211 2400/1371/212 2399/1372/212 2397/1370/211
f 2400/1371/212 2402/1373/213 2401/1374/213 2399/1372/212
f 2402/1373/213 2404/1375/214 2403/1376/214 2401/1374/213
f 2404/1375/214 2406/1377/215 2405/1378/215 2403/1376/214
f 2406/1377/215 2408/1379/216 2407/528/216 2405/1378/215
f 2408/1379/216 2410/1380/217 2409/1381/217 2407/528/216
f 2410/1380/217 2412/1382/218 2411/1383/218 2409/1381/217
f 2412/1382/218 2414/1384/219 2413/1385/219 2411/1383/218
f 2414/1384/219 2416/1386/220 2415/1387/220 2413/1385/219
f 2416/1386/220 2418/1388/221 2417/1389/221 2415/1387/220
f 2418/1388/221 2420/1390/222 2419/86/222 2417/1389/221
f 2420/1390/222 2422/1391/223 2421/1392/223 2419/86/222
f 2422/1391/223 2424/1393/224 2423/1394/224 2421/1392/223
f 2424/1393/224 2426/1395/225 2425/1396/225 2423/1394/224
f 2426/1395/225 2428/1397/226 2427/1398/226 2425/1396/225
f 2428/1397/226 2430/1399/227 2429/1400/227 2427/1398/226
f 2430/1399/227 2432/1401/228 2431/1402/228 2429/1400/227
f 2432/1401/228 2434/1403/229 2433/1404/229 2431/1402/228
f 2434/1403/229 2436/1405/230 2435/1406/230 2433/1404/229
f 2436/1405/230 2438/1407/231 2437/1408/231 2435/1406/230
f 2438/1407/231 2440/1409/232 2439/1410/232 2437/1408/231
f 2440/1409/232 2442/1411/233 2441/1412/233 2439/1410/232
f 2442/1411/233 2444/1413/234 2443/1414/234 2441/1412/233
f 2444/1413/234 2446/1415/235 2445/1416/235 2443/1414/234
f 2446/1415/235 2448/1417/236 2447/1418/236 2445/1416/235
f 2448/1417/236 2450/1419/237 2449/1420/237 2447/1418/236
f 2450/1419/237 2452/1421/238 2451/1422/238 2449/1420/237
f 2452/1421/238 2454/1423/239 2453/1424/239 2451/1422/238
f 2454/1423/239 2456/1425/240 2455/1426/240 2453/1424/239
f 2456/1425/240 2458/1427/241 2457/1428/241 2455/1426/240
f 2458/1427/241 2460/1429/242 2459/1430/242 2457/1428/241
f 2460/1429/242 2462/1431/243 2461/1432/243 2459/1430/242
f 2462/1431/243 2464/1433/244 2463/1434/244 2461/1432/243
f 2464/1433/244 2466/1435/245 2465/1436/245 2463/1434/244
f 2466/1435/245 2468/1437/246 2467/543/246 2465/1436/245
f 2468/1437/246 2470/1438/247 2469/1439/247 2467/543/246
f 2470/1438/247 2472/1440/248 2471/1441/248 2469/1439/247
f 2472/1440/248 2474/1442/249 2473/1443/249 2471/1441/248
f 2474/1442/249 2476/1444/250 2475/1445/250 2473/1443/249
f 2476/1444/250 2478/1446/251 2477/1447/251 2475/1445/250
f 2478/1446/251 2480/1448/252 2479/1449/252 2477/1447/251
f 2480/1448/252 2482/1450/253 2481/1451/253 2479/1449/252
f 2482/1450/253 2484/1452/254 2483/1453/254 2481/1451/253
f 2484/1452/254 2486/1454/255 2485/1455/255 2483/1453/254
f 2486/1454/255 2488/1456/256 2487/1457/256 2485/1455/255
f 2488/1456/256 2490/1458/257 2489/1459/257 2487/1457/256
f 2490/1458/257 2492/1460/258 2491/1461/258 2489/1459/257
f 2492/1460/258 2494/1462/259 2493/1463/259 2491/1461/258
f 2494/1462/259 2496/1464/260 2495/1465/260 2493/1463/259
f 2496/1464/260 2498/1466/261 2497/1467/261 2495/1465/260
f 2498/1466/261 2500/1468/262 2499/1469/262 2497/1467/261
f 2500/1468/262 2502/1470/263 2501/1471/263 2499/1469/262
f 2502/1470/263 2504/1472/264 2503/1473/264 2501/1471/263
f 2504/1472/264 2506/1474/265 2505/1475/265 2503/1473/264
f 2506/1474/265 2508/1476/266 2507/1477/266 2505/1475/265
f 2508/1476/266 2510/1478/267 2509/1479/267 2507/1477/266
f 2510/1478/267 2512/1480/268 2511/1481/268 2509/1479/267
f 2512/1480/268 2514/1482/269 2513/1483/269 2511/1481/268
f 2514/1482/269 2516/1484/270 2515/1485/270 2513/1483/269
f 2516/1484/270 2518/1486/271 2517/1487/271 2515/1485/270
f 2518/1486/271 2520/1488/272 2519/1489/272 2517/1487/271
f 2520/1488/272 2522/1490/273 2521/1491/273 2519/1489/272
f 2522/1490/273 2524/1492/274 2523/1493/274 2521/1491/273
f 2524/1492/274 2526/1494/275 2525/1495/275 2523/1493/274
f 2526/1494/275 2528/1496/276 2527/583/276 2525/1495/275
f 2528/1496/276 2530/1497/277 2529/1498/277 2527/583/276
f 2530/1497/277 2532/1499/278 2531/1500/278 2529/1498/277
f 2532/1499/278 2534/1501/279 2533/1502/279 2531/1500/278
f 2534/1501/279 2536/1503/280 2535/1504/280 2533/1502/279
f 2536/1503/280 2538/1505/281 2537/1506/281 2535/1504/280
f 2538/1505/281 2540/1507/282 2539/1508/282 2537/1506/281
f 2540/1507/282 2542/1509/283 2541/1510/283 2539/1508/282
f 2542/1509/283 2544/1511/284 2543/1512/284 2541/1510/283
f 2544/1511/284 2546/1513/285 2545/1514/285 2543/1512/284
f 2546/1513/285 2548/1515/286 2547/1516/286 2545/1514/285
f 2548/1515/286 2550/1517/287 2549/1518/287 2547/1516/286
f 2550/1517/287 2552/1519/288 2551/1520/288 2549/1518/287
f 2552/1519/288 2554/1521/289 2553/1522/289 2551/1520/288
f 2554/1521/289 2556/1523/290 2555/1524/290 2553/1522/289
f 2556/1523/290 2558/1525/291 2557/1526/291 2555/1524/290
f 2558/1525/291 2560/1527/292 2559/1528/292 2557/1526/291
f 2560/1527/292 2562/1529/293 2561/1530/293 2559/1528/292
f 2562/1529/293 2564/1531/294 2563/57/294 2561/1530/293
f 2564/1531/294 2566/1532/295 2565/1533/295 2563/57/294
f 2566/1532/295 2568/1534/296 2567/1535/296 2565/1533/295
f 2568/1534/296 2570/1536/297 2569/1537/297 2567/1535/296
f 2570/1536/297 2572/1538/298 2571/1539/298 2569/1537/297
f 2572/1538/298 2574/1540/299 2573/1541/299 2571/1539/298
f 2574/1540/299 2576/1542/300 2575/1543/300 2573/1541/299
f 2576/1542/300 2578/1544/301 2577/1545/301 2575/1543/300
f 2578/1544/301 2580/1546/302 2579/1547/302 2577/1545/301
f 2580/1546/302 2582/1548/303 2581/1549/303 2579/1547/302
f 2582/1548/303 2584/1550/304 2583/1551/304 2581/1549/303
f 2584/1550/304 2586/1552/305 2585/1553/305 2583/1551/304
f 2586/1552/305 2588/1554/306 2587/441/306 2585/1553/305
f 2588/1554/306 2590/1555/307 2589/1556/307 2587/441/306
f 2590/1555/307 2592/1557/308 2591/1558/308 2589/1556/307
f 2592/1557/308 2594/1559/309 2593/1560/309 2591/1558/308
f 2594/1559/309 2596/1561/310 2595/1562/310 2593/1560/309
f 2596/1561/310 2598/1563/311 2597/1564/311 2595/1562/310
f 2598/1563/311 2600/1565/312 2599/1566/312 2597/1564/311
f 2600/1565/312 2602/1567/313 2601/1568/313 2599/1566/312
f 2602/1567/313 2604/1569/314 2603/1570/314 2601/1568/313
f 2604/1569/314 2606/1571/315 2605/1572/315 2603/1570/314
f 2606/1571/315 2608/1573/316 2607/1574/316 2605/1572/315
f 2608/1573/316 2610/1575/317 2609/1576/317 2607/1574/316
f 2610/1575/317 2612/1577/318 2611/1578/318 2609/1576/317
f 2612/1577/318 2614/1579/319 2613/1580/319 2611/1578/318
f 2614/1579/319 2616/1581/320 2615/1582/320 2613/1580/319
f 2616/1581/320 2618/1583/321 2617/1584/321 2615/1582/320
f 2618/1583/321 2620/1585/322 2619/1586/322 2617/1584/321
f 2620/1585/322 2622/1587/323 2621/1588/323 2619/1586/322
f 2622/1587/323 2624/1589/324 2623/1590/324 2621/1588/323
f 2624/1589/324 2626/1591/325 2625/1592/325 2623/1590/324
f 2626/1591/325 2628/1593/326 2627/1594/326 2625/1592/325
f 2628/1593/326 2630/1595/327 2629/1596/327 2627/1594/326
f 2630/1595/327 2632/1597/328 2631/1598/328 2629/1596/327
f 2632/1597/328 2634/1599/329 2633/1600/329 2631/1598/328
f 2634/1599/329 2636/1601/330 2635/1602/330 2633/1600/329
f 2636/1601/330 2638/1603/331 2637/1604/331 2635/1602/330
f 2638/1603/331 2640/1605/332 2639/1606/332 2637/1604/331
f 2640/1605/332 2642/1607/333 2641/1608/333 2639/1606/332
f 2642/1607/333 2644/1609/334 2643/1610/334 2641/1608/333
f 2644/1609/334 2646/1611/335 2645/1612/335 2643/1610/334
f 2646/1611/335 2648/1613/336 2647/421/336 2645/1612/335
f 2648/1613/336 2650/1614/337 2649/1615/337 2647/421/336
f 2650/1614/337 2652/1616/338 2651/1617/338 2649/1615/337
f 2652/1616/338 2654/1618/339 2653/1619/339 2651/1617/338
f 2654/1618/339 2656/1620/340 2655/1621/340 2653/1619/339
f 2656/1620/340 2658/1622/341 2657/1623/341 2655/1621/340
f 2658/1622/341 2660/1624/342 2659/1625/342 2657/1623/341
f 2660/1624/342 2662/1626/343 2661/1627/343 2659/1625/342
f 2662/1626/343 2664/1628/344 2663/1629/344 2661/1627/343
f 2664/1628/344 2666/1630/345 2665/1631/345 2663/1629/344
f 2666/1630/345 2668/1632/346 2667/1633/346 2665/1631/345
f 2668/1632/346 2670/1634/347 2669/1635/347 2667/1633/346
f 2670/1634/347 2672/1636/348 2671/1637/348 2669/1635/347
f 2672/1636/348 2674/1638/349 2673/1639/349 2671/1637/348
f 2674/1638/349 2676/1640/350 2675/1641/350 2673/1639/349
f 2676/1640/350 2678/1642/351 2677/1643/351 2675/1641/350
f 2678/1642/351 2680/1644/352 2679/1645/352 2677/1643/351
f 2680/1644/352 2682/1646/353 2681/1647/353 2679/1645/352
f 2682/1646/353 2684/1648/354 2683/1649/354 2681/1647/353
f 2684/1648/354 2686/1650/355 2685/1651/355 2683/1649/354
f 2686/1650/355 2688/1652/356 2687/1653/356 2685/1651/355
f 2688/1652/356 2690/1654/357 2689/1655/357 2687/1653/356
f 2690/1654/357 2692/1656/358 2691/1657/358 2689/1655/357
f 2692/1656/358 2694/1658/359 2693/1659/359 2691/1657/358
f 2694/1658/359 2696/1660/360 2695/1661/360 2693/1659/359
f 2696/1660/360 2698/1662/361 2697/1663/361 2695/1661/360
f 2698/1662/361 2700/1664/362 2699/1665/362 2697/1663/361
f 2700/1664/362 2702/1666/363 2701/1667/363 2699/1665/362
f 2702/1666/363 2704/1668/364 2703/1669/364 2701/1667/363
f 2704/1668/364 2706/1670/365 2705/1671/365 2703/1669/364
f 2706/1670/365 1988/1672/7 1987/93/7 2705/1671/365
f 2708/968/366 2710/1673/367 2709/1674/367 2707/94/366
f 2710/1673/367 2712/1675/368 2711/1676/368 2709/1674/367
f 2712/1675/368 2714/1677/369 2713/1678/369 2711/1676/368
f 2714/1677/369 2716/1679/370 2715/1680/370 2713/1678/369
f 2716/1679/370 2718/1681/371 2717/1682/371 2715/1680/370
f 2718/1681/371 2720/1683/372 2719/1684/372 2717/1682/371
f 2720/1683/372 2722/1685/373 2721/1686/373 2719/1684/372
f 2722/1685/373 2724/1687/374 2723/1688/374 2721/1686/373
f 2724/1687/374 2726/1689/375 2725/1690/375 2723/1688/374
f 2726/1689/375 2728/1691/376 2727/1692/376 2725/1690/375
f 2728/1691/376 2730/1693/377 2729/1694/377 2727/1692/376
f 2730/1693/377 2732/1695/378 2731/1696/378 2729/1694/377
f 2732/1695/378 2734/1697/379 2733/1698/379 2731/1696/378
f 2734/1697/379 2736/1699/380 2735/1700/380 2733/1698/379
f 2736/1699/380 2738/1701/381 2737/1702/381 2735/1700/380
f 2738/1701/381 2740/1703/382 2739/1704/382 2737/1702/381
f 2740/1703/382 2742/1705/383 2741/1706/383 2739/1704/382
f 2742/1705/383 2744/1707/384 2743/1708/384 2741/1706/383
f 2744/1707/384 2746/1709/385 2745/1710/385 2743/1708/384
f 2746/1709/385 2748/1711/386 2747/1712/386 2745/1710/385
f 2748/1711/386 2750/1713/387 2749/1714/387 2747/1712/386
f 2750/1713/387 2752/1715/388 2751/1716/388 2749/1714/387
f 2752/1715/388 2754/1717/389 2753/1718/389 2751/1716/388
f 2754/1717/389 2756/1719/390 2755/1720/390 2753/1718/389
f 2756/1719/390 2758/1721/391 2757/1722/391 2755/1720/390
f 2758/1721/391 2760/1723/392 2759/1724/392 2757/1722/391
f 2760/1723/392 2762/1725/393 2761/1726/393 2759/1724/392
f 2762/1725/393 2764/1727/394 2763/1728/394 2761/1726/393
f 2764/1727/394 2766/1729/395 2765/1730/395 2763/1728/394
f 2766/1729/395 2768/1731/396 2767/1732/396 2765/1730/395
f 2768/1731/396 2770/1733/397 2769/1734/397 2767/1732/396
f 2770/1733/397 2772/1735/398 2771/1736/398 2769/1734/397
f 2772/1735/398 2774/1737/399 2773/1738/399 2771/1736/398
f 2774/1737/399 2776/1739/400 2775/1740/400 2773/1738/399
f 2776/1739/400 2778/1741/401 2777/1742/401 2775/1740/400
f 2778/1741/401 2780/1743/402 2779/1744/402 2777/1742/401
f 2780/1743/402 2782/1745/403 2781/1746/403 2779/1744/402
f 2782/1745/403 2784/1747/404 2783/1748/404 2781/1746/403
f 2784/1747/404 2786/1749/405 2785/1750/405 2783/1748/404
f 2786/1749/405 2788/1751/406 2787/1752/406 2785/1750/405
f 2788/1751/406 2790/1753/407 2789/1754/407 2787/1752/406
f 2790/1753/407 2792/1755/408 2791/1756/408 2789/1754/407
f 2792/1755/408 2794/1757/409 2793/1758/409 2791/1756/408
f 2794/1757/409 2796/1759/410 2795/1760/410 2793/1758/409
f 2796/1759/410 2798/1761/411 2797/1762/411 2795/1760/410
f 2798/1761/411 2800/1763/412 2799/1764/412 2797/1762/411
f 2800/1763/412 2802/1765/413 2801/1766/413 2799/1764/412
f 2802/1765/413 2804/1767/414 2803/1768/414 2801/1766/413
f 2804/1767/414 2806/1769/415 2805/1770/415 2803/1768/414
f 2806/1769/415 2808/1771/416 2807/1772/416 2805/1770/415
f 2808/1771/416 2810/1773/417 2809/1774/417 2807/1772/416
f 2810/1773/417 2812/1775/418 2811/1776/418 2809/1774/417
f 2812/1775/418 2814/1777/419 2813/1778/419 2811/1776/418
f 2814/1777/419 2816/1779/420 2815/1780/420 2813/1778/419
f 2816/1779/420 2818/1781/421 2817/1782/421 2815/1780/420
f 2818/1781/421 2820/1783/422 2819/1784/422 2817/1782/421
f 2820/1783/422 2822/1785/423 2821/1786/423 2819/1784/422
f 2822/1785/423 2824/1787/424 2823/1788/424 2821/1786/423
f 2824/1787/424 2826/1789/425 2825/1790/425 2823/1788/424
f 2826/1789/425 2828/1791/426 2827/1792/426 2825/1790/425
f 2828/1791/426 2830/1793/427 2829/1794/427 2827/1792/426
f 2830/1793/427 2832/1795/428 2831/1796/428 2829/1794/427
f 2832/1795/428 2834/1797/429 2833/1798/429 2831/1796/428
f 2834/1797/429 2836/1799/430 2835/1800/430 2833/1798/429
f 2836/1799/430 2838/1801/431 2837/1802/431 2835/1800/430
f 2838/1801/431 2840/1803/432 2839/1804/432 2837/1802/431
f 2840/1803/432 2842/1805/433 2841/1806/433 2839/1804/432
f 2842/1805/433 2844/1807/434 2843/1808/434 2841/1806/433
f 2844/1807/434 2846/1809/435 2845/1810/435 2843/1808/434
f 2846/1809/435 2848/1811/436 2847/1812/436 2845/1810/435
f 2848/1811/436 2850/1813/437 2849/1814/437 2847/1812/436
f 2850/1813/437 2852/1815/438 2851/1816/438 2849/1814/437
f 2852/1815/438 2854/1817/439 2853/1818/439 2851/1816/438
f 2854/1817/439 2856/1819/440 2855/1820/440 2853/1818/439
f 2856/1819/440 2858/1821/441 2857/1822/441 2855/1820/440
f 2858/1821/441 2860/1823/442 2859/1824/442 2857/1822/441
f 2860/1823/442 2862/1825/443 2861/1826/443 2859/1824/442
f 2862/1825/443 2864/1827/444 2863/1828/444 2861/1826/443
f 2864/1827/444 2866/1829/445 2865/1830/445 2863/1828/444
f 2866/1829/445 2868/1831/446 2867/1832/446 2865/1830/445
f 2868/1831/446 2870/1833/447 2869/1834/447 2867/1832/446
f 2870/1833/447 2872/1835/448 2871/1836/448 2869/1834/447
f 2872/1835/448 2874/1837/449 2873/1838/449 2871/1836/448
f 2874/1837/449 2876/1839/450 2875/1840/450 2873/1838/449
f 2876/1839/450 2878/1841/451 2877/1842/451 2875/1840/450
f 2878/1841/451 2880/1843/452 2879/1844/452 2877/1842/451
f 2880/1843/452 2882/1845/453 2881/1846/453 2879/1844/452
f 2882/1845/453 2884/1847/454 2883/1848/454 2881/1846/453
f 2884/1847/454 2886/1849/455 2885/1850/455 2883/1848/454
f 2886/1849/455 2888/1851/456 2887/1852/456 2885/1850/455
f 2888/1851/456 2890/1853/457 2889/1854/457 2887/1852/456
f 2890/1853/457 2892/1855/458 2891/1856/458 2889/1854/457
f 2892/1855/458 2894/1857/459 2893/1858/459 2891/1856/458
f 2894/1857/459 2896/1859/460 2895/1860/460 2893/1858/459
f 2896/1859/460 2898/1861/461 2897/1862/461 2895/1860/460
f 2898/1861/461 2900/1863/462 2899/1864/462 2897/1862/461
f 2900/1863/462 2902/1865/463 2901/1866/463 2899/1864/462
f 2902/1865/463 2904/1867/464 2903/1868/464 2901/1866/463
f 2904/1867/464 2906/1869/465 2905/1870/465 2903/1868/464
f 2906/1869/465 2908/1871/466 2907/1872/466 2905/1870/465
f 2908/1871/466 2910/1873/467 2909/1874/467 2907/1872/466
f 2910/1873/467 2912/1875/468 2911/1876/468 2909/1874/467
f 2912/1875/468 2914/1877/469 2913/1878/469 2911/1876/468
f 2914/1877/469 2916/1879/470 2915/1880/470 2913/1878/469
f 2916/1879/470 2918/1881/471 2917/1882/471 2915/1880/470
f 2918/1881/471 2920/1883/472 2919/1884/472 2917/1882/471
f 2920/1883/472 2922/1885/473 2921/1886/473 2919/1884/472
f 2922/1885/473 2924/1887/474 2923/1888/474 2921/1886/473
f 2924/1887/474 2926/1889/475 2925/1890/475 2923/1888/474
f 2926/1889/475 2928/1891/476 2927/1892/476 2925/1890/475
f 2928/1891/476 2930/1893/477 2929/1894/477 2927/1892/476
f 2930/1893/477 2932/1895/478 2931/1896/478 2929/1894/477
f 2932/1895/478 2934/1897/479 2933/1898/479 2931/1896/478
f 2934/1897/479 2936/1899/480 2935/1900/480 2933/1898/479
f 2936/1899/480 2938/1901/481 2937/1902/481 2935/1900/480
f 2938/1901/481 2940/1903/482 2939/1904/482 2937/1902/481
f 2940/1903/482 2942/1905/483 2941/1906/483 2939/1904/482
f 2942/1905/483 2944/1907/484 2943/1908/484 2941/1906/483
f 2944/1907/484 2946/1909/485 2945/1910/485 2943/1908/484
f 2946/1909/485 2948/1911/486 2947/1912/486 2945/1910/485
f 2948/1911/486 2950/1913/487 2949/1914/487 2947/1912/486
f 2950/1913/487 2952/1915/488 2951/1916/488 2949/1914/487
f 2952/1915/488 2954/1917/489 2953/1918/489 2951/1916/488
f 2954/1917/489 2956/1919/490 2955/1920/490 2953/1918/489
f 2956/1919/490 2958/1921/491 2957/1922/491 2955/1920/490
f 2958/1921/491 2960/1923/492 2959/1924/492 2957/1922/491
f 2960/1923/492 2962/1925/493 2961/1926/493 2959/1924/492
f 2962/1925/493 2964/1927/494 2963/1928/494 2961/1926/493
f 2964/1927/494 2966/1929/495 2965/1930/495 2963/1928/494
f 2966/1929/495 2968/1931/496 2967/1932/496 2965/1930/495
f 2968/1931/496 2970/1933/497 2969/1934/497 2967/1932/496
f 2970/1933/497 2972/1935/498 2971/1936/498 2969/1934/497
f 2972/1935/498 2974/1937/499 2973/1938/499 2971/1936/498
f 2974/1937/499 2976/1939/500 2975/1940/500 2973/1938/499
f 2976/1939/500 2978/1941/501 2977/1942/501 2975/1940/500
f 2978/1941/501 2980/1943/502 2979/1944/502 2977/1942/501
f 2980/1943/502 2982/1945/503 2981/1946/503 2979/1944/502
f 2982/1945/503 2984/1947/504 2983/1948/504 2981/1946/503
f 2984/1947/504 2986/1949/505 2985/1950/505 2983/1948/504
f 2986/1949/505 2988/1951/506 2987/1952/506 2985/1950/505
f 2988/1951/506 2990/1953/507 2989/1954/507 2987/1952/506
f 2990/1953/507 2992/1955/508 2991/1956/508 2989/1954/507
f 2992/1955/508 2994/1957/509 2993/1958/509 2991/1956/508
f 2994/1957/509 2996/1959/510 2995/1960/510 2993/1958/509
f 2996/1959/510 2998/1961/511 2997/1962/511 2995/1960/510
f 2998/1961/511 3000/1963/512 2999/1964/512 2997/1962/511
f 3000/1963/512 3002/1965/513 3001/1966/513 2999/1964/512
f 3002/1965/513 3004/1967/514 3003/1968/514 3001/1966/513
f 3004/1967/514 3006/1969/515 3005/1970/515 3003/1968/514
f 3006/1969/515 3008/1971/516 3007/1972/516 3005/1970/515
f 3008/1971/516 3010/1973/517 3009/1974/517 3007/1972/516
f 3010/1973/517 3012/1975/518 3011/1976/518 3009/1974/517
f 3012/1975/518 3014/1977/519 3013/1978/519 3011/1976/518
f 3014/1977/519 3016/1979/520 3015/1980/520 3013/1978/519
f 3016/1979/520 3018/1981/521 3017/1982/521 3015/1980/520
f 3018/1981/521 3020/1983/131 3019/1984/131 3017/1982/521
f 3020/1983/131 3022/1985/522 3021/1986/522 3019/1984/131
f 3022/1985/522 3024/1987/523 3023/1988/523 3021/1986/522
f 3024/1987/523 3026/1989/524 3025/1990/524 3023/1988/523
f 3026/1989/524 3028/1991/525 3027/1992/525 3025/1990/524
f 3028/1991/525 3030/1993/526 3029/1994/526 3027/1992/525
f 3030/1993/526 3032/1995/527 3031/1996/527 3029/1994/526
f 3032/1995/527 3034/1997/528 3033/1998/528 3031/1996/527
f 3034/1997/528 3036/1999/529 3035/2000/529 3033/1998/528
f 3036/1999/529 3038/2001/530 3037/2002/530 3035/2000/529
f 3038/2001/530 3040/2003/531 3039/2004/531 3037/2002/530
f 3040/2003/531 3042/2005/532 3041/2006/532 3039/2004/531
f 3042/2005/532 3044/2007/533 3043/2008/533 3041/2006/532
f 3044/2007/533 3046/2009/534 3045/2010/534 3043/2008/533
f 3046/2009/534 3048/2011/535 3047/2012/535 3045/2010/534
f 3048/2011/535 3050/2013/536 3049/2014/536 3047/2012/535
f 3050/2013/536 3052/2015/537 3051/2016/537 3049/2014/536
f 3052/2015/537 3054/2017/538 3053/2018/538 3051/2016/537
f 3054/2017/538 3056/2019/539 3055/2020/539 3053/2018/538
f 3056/2019/539 3058/2021/540 3057/2022/540 3055/2020/539
f 3058/2021/540 3060/2023/541 3059/2024/541 3057/2022/540
f 3060/2023/541 3062/2025/542 3061/2026/542 3059/2024/541
f 3062/2025/542 3064/2027/543 3063/2028/543 3061/2026/542
f 3064/2027/543 3066/2029/544 3065/2030/544 3063/2028/543
f 3066/2029/544 3068/2031/545 3067/2032/545 3065/2030/544
f 3068/2031/545 3070/2033/546 3069/2034/546 3067/2032/545
f 3070/2033/546 3072/2035/547 3071/2036/547 3069/2034/546
f 3072/2035/547 3074/2037/548 3073/2038/548 3071/2036/547
f 3074/2037/548 3076/2039/549 3075/2040/549 3073/2038/548
f 3076/2039/549 3078/2041/550 3077/2042/550 3075/2040/549
f 3078/2041/550 3080/2043/551 3079/2044/551 3077/2042/550
f 3080/2043/551 3082/2045/552 3081/2046/552 3079/2044/551
f 3082/2045/552 3084/2047/553 3083/2048/553 3081/2046/552
f 3084/2047/553 3086/2049/554 3085/2050/554 3083/2048/553
f 3086/2049/554 3088/2051/555 3087/2052/555 3085/2050/554
f 3088/2051/555 3090/2053/556 3089/2054/556 3087/2052/555
f 3090/2053/556 3092/2055/557 3091/2056/557 3089/2054/556
f 3092/2055/557 3094/2057/558 3093/2058/558 3091/2056/557
f 3094/2057/558 3096/2059/559 3095/2060/559 3093/2058/558
f 3096/2059/559 3098/2061/560 3097/2062/560 3095/2060/559
f 3098/2061/560 3100/2063/561 3099/2064/561 3097/2062/560
f 3100/2063/561 3102/2065/562 3101/2066/562 3099/2064/561
f 3102/2065/562 3104/2067/563 3103/2068/563 3101/2066/562
f 3104/2067/563 3106/2069/564 3105/2070/564 3103/2068/563
f 3106/2069/564 3108/2071/565 3107/2072/565 3105/2070/564
f 3108/2071/565 3110/2073/566 3109/2074/566 3107/2072/565
f 3110/2073/566 3112/2075/567 3111/2076/567 3109/2074/566
f 3112/2075/567 3114/2077/568 3113/2078/568 3111/2076/567
f 3114/2077/568 3116/2079/569 3115/2080/569 3113/2078/568
f 3116/2079/569 3118/2081/570 3117/2082/570 3115/2080/569
f 3118/2081/570 3120/2083/571 3119/2084/571 3117/2082/570
f 3120/2083/571 3122/2085/572 3121/2086/572 3119/2084/571
f 3122/2085/572 3124/2087/573 3123/2088/573 3121/2086/572
f 3124/2087/573 3126/2089/574 3125/2090/574 3123/2088/573
f 3126/2089/574 3128/2091/575 3127/2092/575 3125/2090/574
f 3128/2091/575 3130/2093/576 3129/2094/576 3127/2092/575
f 3130/2093/576 3132/2095/577 3131/2096/577 3129/2094/576
f 3132/2095/577 3134/2097/577 3133/2098/577 3131/2096/577
f 3134/2097/577 3136/2099/578 3135/2100/578 3133/2098/577
f 3136/2099/578 3138/2101/579 3137/2102/579 3135/2100/578
f 3138/2101/579 3140/2103/580 3139/2104/580 3137/2102/579
f 3140/2103/580 3142/2105/581 3141/2106/581 3139/2104/580
f 3142/2105/581 3144/2107/582 3143/2108/582 3141/2106/581
f 3144/2107/582 3146/2109/583 3145/2110/583 3143/2108/582
f 3146/2109/583 3148/2111/584 3147/2112/584 3145/2110/583
f 3148/2111/584 3150/2113/585 3149/2114/585 3147/2112/584
f 3150/2113/585 3152/2115/586 3151/2116/586 3149/2114/585
f 3152/2115/586 3154/2117/587 3153/2118/587 3151/2116/586
f 3154/2117/587 3156/2119/588 3155/2120/588 3153/2118/587
f 3156/2119/588 3158/2121/589 3157/2122/589 3155/2120/588
f 3158/2121/589 3160/2123/590 3159/2124/590 3157/2122/589
f 3160/2123/590 3162/2125/591 3161/2126/591 3159/2124/590
f 3162/2125/591 3164/2127/592 3163/2128/592 3161/2126/591
f 3164/2127/592 2708/1672/366 2707/93/366 3163/2128/592
f 3166/968/593 3168/2129/594 3167/2130/594 3165/94/593
f 3168/2129/594 3170/2131/595 3169/2132/595 3167/2130/594
f 3170/2131/595 3172/2133/596 3171/2134/596 3169/2132/595
f 3172/2133/596 3174/997/597 3173/998/597 3171/2134/596
f 3174/997/597 3176/2135/598 3175/2136/598 3173/998/597
f 3176/2135/598 3178/2137/599 3177/2138/599 3175/2136/598
f 3178/2137/599 3180/2139/600 3179/2140/600 3177/2138/599
f 3180/2139/600 3182/1027/601 3181/599/601 3179/2140/600
f 3182/1027/601 3184/2141/602 3183/2142/602 3181/599/601
f 3184/2141/602 3186/2143/603 3185/2144/603 3183/2142/602
f 3186/2143/603 3188/2145/604 3187/2146/604 3185/2144/603
f 3188/2145/604 3190/1056/605 3189/1057/605 3187/2146/604
f 3190/1056/605 3192/2147/606 3191/2148/606 3189/1057/605
f 3192/2147/606 3194/2149/607 3193/2150/607 3191/2148/606
f 3194/2149/607 3196/2151/608 3195/2152/608 3193/2150/607
f 3196/2151/608 3198/1086/609 3197/582/609 3195/2152/608
f 3198/1086/609 3200/2153/610 3199/2154/610 3197/582/609
f 3200/2153/610 3202/2155/611 3201/2156/611 3199/2154/610
f 3202/2155/611 3204/2157/612 3203/2158/612 3201/2156/611
f 3204/2157/612 3206/1114/613 3205/1115/613 3203/2158/612
f 3206/1114/613 3208/2159/614 3207/2160/614 3205/1115/613
f 3208/2159/614 3210/2161/615 3209/2162/615 3207/2160/614
f 3210/2161/615 3212/2163/616 3211/2164/616 3209/2162/615
f 3212/2163/616 3214/1144/617 3213/552/617 3211/2164/616
f 3214/1144/617 3216/2165/618 3215/2166/618 3213/552/617
f 3216/2165/618 3218/2167/619 3217/2168/619 3215/2166/618
f 3218/2167/619 3220/2169/620 3219/2170/620 3217/2168/619
f 3220/2169/620 3222/1173/621 3221/1174/621 3219/2170/620
f 3222/1173/621 3224/2171/622 3223/2172/622 3221/1174/621
f 3224/2171/622 3226/2173/623 3225/2174/623 3223/2172/622
f 3226/2173/623 3228/2175/624 3227/2176/624 3225/2174/623
f 3228/2175/624 3230/1203/625 3229/472/625 3227/2176/624
f 3230/1203/625 3232/2177/626 3231/2178/626 3229/472/625
f 3232/2177/626 3234/2179/627 3233/2180/627 3231/2178/626
f 3234/2179/627 3236/2181/628 3235/2182/628 3233/2180/627
f 3236/2181/628 3238/1232/629 3237/1233/629 3235/2182/628
f 3238/1232/629 3240/2183/630 3239/2184/630 3237/1233/629
f 3240/2183/630 3242/2185/631 3241/2186/631 3239/2184/630
f 3242/2185/631 3244/2187/632 3243/2188/632 3241/2186/631
f 3244/2187/632 3246/1261/633 3245/493/633 3243/2188/632
f 3246/1261/633 3248/2189/634 3247/2190/634 3245/493/633
f 3248/2189/634 3250/2191/635 3249/2192/635 3247/2190/634
f 3250/2191/635 3252/2193/636 3251/2194/636 3249/2192/635
f 3252/2193/636 3254/1290/637 3253/1291/637 3251/2194/636
f 3254/1290/637 3256/2195/638 3255/2196/638 3253/1291/637
f 3256/2195/638 3258/2197/639 3257/2198/639 3255/2196/638
f 3258/2197/639 3260/2199/640 3259/2200/640 3257/2198/639
f 3260/2199/640 3262/1320/641 3261/520/641 3259/2200/640
f 3262/1320/641 3264/2201/642 3263/2202/642 3261/520/641
f 3264/2201/642 3266/2203/643 3265/2204/643 3263/2202/642
f 3266/2203/643 3268/2205/644 3267/2206/644 3265/2204/643
f 3268/2205/644 3270/1349/645 3269/1350/645 3267/2206/644
f 3270/1349/645 3272/2207/646 3271/2208/646 3269/1350/645
f 3272/2207/646 3274/2209/647 3273/2210/647 3271/2208/646
f 3274/2209/647 3276/2211/648 3275/2212/648 3273/2210/647
f 3276/2211/648 3278/1379/649 3277/528/649 3275/2212/648
f 3278/1379/649 3280/2213/650 3279/2214/650 3277/528/649
f 3280/2213/650 3282/2215/310 3281/2216/310 3279/2214/650
f 3282/2215/310 3284/2217/651 3283/2218/651 3281/2216/310
f 3284/2217/651 3286/1407/652 3285/1408/652 3283/2218/651
f 3286/1407/652 3288/2219/653 3287/2220/653 3285/1408/652
f 3288/2219/653 3290/2221/654 3289/2222/654 3287/2220/653
f 3290/2221/654 3292/2223/655 3291/2224/655 3289/2222/654
f 3292/2223/655 3294/1437/417 3293/543/417 3291/2224/655
f 3294/1437/417 3296/2225/656 3295/2226/656 3293/543/417
f 3296/2225/656 3298/2227/657 3297/2228/657 3295/2226/656
f 3298/2227/657 3300/2229/658 3299/2230/658 3297/2228/657
f 3300/2229/658 3302/1466/659 3301/1467/659 3299/2230/658
f 3302/1466/659 3304/2231/660 3303/2232/660 3301/1467/659
f 3304/2231/660 3306/2233/661 3305/2234/661 3303/2232/660
f 3306/2233/661 3308/2235/662 3307/2236/662 3305/2234/661
f 3308/2235/662 3310/1496/663 3309/583/663 3307/2236/662
f 3310/1496/663 3312/2237/664 3311/2238/664 3309/583/663
f 3312/2237/664 3314/2239/665 3313/2240/665 3311/2238/664
f 3314/2239/665 3316/2241/666 3315/2242/666 3313/2240/665
f 3316/2241/666 3318/1525/667 3317/1526/667 3315/2242/666
f 3318/1525/667 3320/2243/668 3319/2244/668 3317/1526/667
f 3320/2243/668 3322/2245/669 3321/2246/669 3319/2244/668
f 3322/2245/669 3324/2247/670 3323/2248/670 3321/2246/669
f 3324/2247/670 3326/1554/671 3325/441/671 3323/2248/670
f 3326/1554/671 3328/2249/672 3327/2250/672 3325/441/671
f 3328/2249/672 3330/2251/489 3329/2252/489 3327/2250/672
f 3330/2251/489 3332/2253/673 3331/2254/673 3329/2252/489
f 3332/2253/673 3334/1583/674 3333/1584/674 3331/2254/673
f 3334/1583/674 3336/2255/675 3335/2256/675 3333/1584/674
f 3336/2255/675 3338/2257/676 3337/2258/676 3335/2256/675
f 3338/2257/676 3340/2259/677 3339/2260/677 3337/2258/676
f 3340/2259/677 3342/1613/678 3341/421/678 3339/2260/677
f 3342/1613/678 3344/2261/679 3343/2262/679 3341/421/678
f 3344/2261/679 3346/2263/680 3345/2264/680 3343/2262/679
f 3346/2263/680 3348/2265/681 3347/2266/681 3345/2264/680
f 3348/2265/681 3350/1642/682 3349/1643/682 3347/2266/681
f 3350/1642/682 3352/2267/683 3351/2268/683 3349/1643/682
f 3352/2267/683 3354/2269/684 3353/2270/684 3351/2268/683
f 3354/2269/684 3356/2271/685 3355/2272/685 3353/2270/684
f 3356/2271/685 3166/1672/593 3165/93/593 3355/2272/685
f 3358/968/686 3360/2273/687 3359/2274/687 3357/94/686
f 3360/2273/687 3362/2275/688 3361/2276/688 3359/2274/687
f 3362/2275/688 3364/2277/689 3363/2278/689 3361/2276/688
f 3364/2277/689 3366/2279/690 3365/2280/690 3363/2278/689
f 3366/2279/690 3368/2281/691 3367/2282/691 3365/2280/690
f 3368/2281/691 3370/2283/692 3369/2284/692 3367/2282/691
f 3370/2283/692 3372/2285/693 3371/2286/693 3369/2284/692
f 3372/2285/693 3374/2287/694 3373/2288/694 3371/2286/693
f 3374/2287/694 3376/2289/695 3375/2290/695 3373/2288/694
f 3376/2289/695 3378/2291/696 3377/2292/696 3375/2290/695
f 3378/2291/696 3380/2293/697 3379/2294/697 3377/2292/696
f 3380/2293/697 3382/2295/698 3381/2296/698 3379/2294/697
f 3382/2295/698 3384/1056/699 3383/1057/699 3381/2296/698
f 3384/1056/699 3386/2297/700 3385/2298/700 3383/1057/699
f 3386/2297/700 3388/2299/701 3387/2300/701 3385/2298/700
f 3388/2299/701 3390/2301/702 3389/2302/702 3387/2300/701
f 3390/2301/702 3392/2303/703 3391/2304/703 3389/2302/702
f 3392/2303/703 3394/2305/704 3393/2306/704 3391/2304/703
f 3394/2305/704 3396/2307/705 3395/2308/705 3393/2306/704
f 3396/2307/705 3398/2309/706 3397/2310/706 3395/2308/705
f 3398/2309/706 3400/2311/707 3399/2312/707 3397/2310/706
f 3400/2311/707 3402/2313/708 3401/2314/708 3399/2312/707
f 3402/2313/708 3404/2315/709 3403/2316/709 3401/2314/708
f 3404/2315/709 3406/2317/710 3405/2318/710 3403/2316/709
f 3406/2317/710 3408/2319/711 3407/2320/711 3405/2318/710
f 3408/2319/711 3410/1144/712 3409/552/712 3407/2320/711
f 3410/1144/712 3412/2321/713 3411/2322/713 3409/552/712
f 3412/2321/713 3414/2323/714 3413/2324/714 3411/2322/713
f 3414/2323/714 3416/2325/715 3415/2326/715 3413/2324/714
f 3416/2325/715 3418/2327/716 3417/2328/716 3415/2326/715
f 3418/2327/716 3420/2329/717 3419/2330/717 3417/2328/716
f 3420/2329/717 3422/2331/718 3421/2332/718 3419/2330/717
f 3422/2331/718 3424/2333/719 3423/2334/719 3421/2332/718
f 3424/2333/719 3426/2335/720 3425/2336/720 3423/2334/719
f 3426/2335/720 3428/2337/721 3427/2338/721 3425/2336/720
f 3428/2337/721 3430/2339/722 3429/2340/722 3427/2338/721
f 3430/2339/722 3432/2341/723 3431/2342/723 3429/2340/722
f 3432/2341/723 3434/2343/724 3433/2344/724 3431/2342/723
f 3434/2343/724 3436/1232/725 3435/1233/725 3433/2344/724
f 3436/1232/725 3438/2345/726 3437/2346/726 3435/1233/725
f 3438/2345/726 3440/2347/727 3439/2348/727 3437/2346/726
f 3440/2347/727 3442/2349/728 3441/2350/728 3439/2348/727
f 3442/2349/728 3444/2351/729 3443/2352/729 3441/2350/728
f 3444/2351/729 3446/2353/730 3445/2354/730 3443/2352/729
f 3446/2353/730 3448/2355/731 3447/2356/731 3445/2354/730
f 3448/2355/731 3450/2357/732 3449/2358/732 3447/2356/731
f 3450/2357/732 3452/2359/733 3451/2360/733 3449/2358/732
f 3452/2359/733 3454/2361/734 3453/2362/734 3451/2360/733
f 3454/2361/734 3456/2363/735 3455/2364/735 3453/2362/734
f 3456/2363/735 3458/2365/736 3457/2366/736 3455/2364/735
f 3458/2365/736 3460/2367/737 3459/2368/737 3457/2366/736
f 3460/2367/737 3462/1320/738 3461/520/738 3459/2368/737
f 3462/1320/738 3464/2369/739 3463/2370/739 3461/520/738
f 3464/2369/739 3466/2371/740 3465/2372/740 3463/2370/739
f 3466/2371/740 3468/2373/741 3467/2374/741 3465/2372/740
f 3468/2373/741 3470/2375/742 3469/2376/742 3467/2374/741
f 3470/2375/742 3472/2377/743 3471/2378/743 3469/2376/742
f 3472/2377/743 3474/2379/744 3473/2380/744 3471/2378/743
f 3474/2379/744 3476/2381/745 3475/2382/745 3473/2380/744
f 3476/2381/745 3478/2383/746 3477/2384/746 3475/2382/745
f 3478/2383/746 3480/2385/747 3479/2386/747 3477/2384/746
f 3480/2385/747 3482/2387/748 3481/2388/748 3479/2386/747
f 3482/2387/748 3484/2389/749 3483/2390/749 3481/2388/748
f 3484/2389/749 3486/2391/750 3485/2392/750 3483/2390/749
f 3486/2391/750 3488/1407/751 3487/1408/751 3485/2392/750
f 3488/1407/751 3490/2393/752 3489/2394/752 3487/1408/751
f 3490/2393/752 3492/2395/753 3491/2396/753 3489/2394/752
f 3492/2395/753 3494/2397/754 3493/2398/754 3491/2396/753
f 3494/2397/754 3496/2399/755 3495/2400/755 3493/2398/754
f 3496/2399/755 3498/2401/756 3497/2402/756 3495/2400/755
f 3498/2401/756 3500/2403/757 3499/2404/757 3497/2402/756
f 3500/2403/757 3502/2405/758 3501/2406/758 3499/2404/757
f 3502/2405/758 3504/2407/759 3503/2408/759 3501/2406/758
f 3504/2407/759 3506/2409/760 3505/2410/760 3503/2408/759
f 3506/2409/760 3508/2411/761 3507/2412/761 3505/2410/760
f 3508/2411/761 3510/2413/762 3509/2414/762 3507/2412/761
f 3510/2413/762 3512/2415/763 3511/2416/763 3509/2414/762
f 3512/2415/763 3514/1496/764 3513/583/764 3511/2416/763
f 3514/1496/764 3516/2417/765 3515/2418/765 3513/583/764
f 3516/2417/765 3518/2419/766 3517/2420/766 3515/2418/765
f 3518/2419/766 3520/2421/767 3519/2422/767 3517/2420/766
f 3520/2421/767 3522/2423/768 3521/2424/768 3519/2422/767
f 3522/2423/768 3524/2425/769 3523/2426/769 3521/2424/768
f 3524/2425/769 3526/2427/770 3525/2428/770 3523/2426/769
f 3526/2427/770 3528/2429/771 3527/2430/771 3525/2428/770
f 3528/2429/771 3530/2431/772 3529/2432/772 3527/2430/771
f 3530/2431/772 3532/2433/773 3531/2434/773 3529/2432/772
f 3532/2433/773 3534/2435/774 3533/2436/774 3531/2434/773
f 3534/2435/774 3536/2437/775 3535/2438/775 3533/2436/774
f 3536/2437/775 3538/2439/776 3537/2440/776 3535/2438/775
f 3538/2439/776 3540/1583/580 3539/1584/580 3537/2440/776
f 3540/1583/580 3542/2441/777 3541/2442/777 3539/1584/580
f 3542/2441/777 3544/2443/778 3543/2444/778 3541/2442/777
f 3544/2443/778 3546/2445/779 3545/2446/779 3543/2444/778
f 3546/2445/779 3548/2447/780 3547/2448/780 3545/2446/779
f 3548/2447/780 3550/2449/781 3549/2450/781 3547/2448/780
f 3550/2449/781 3552/2451/782 3551/2452/782 3549/2450/781
f 3552/2451/782 3554/2453/783 3553/2454/783 3551/2452/782
f 3554/2453/783 3556/2455/784 3555/2456/784 3553/2454/783
f 3556/2455/784 3558/2457/785 3557/2458/785 3555/2456/784
f 3558/2457/785 3560/2459/786 3559/2460/786 3557/2458/785
f 3560/2459/786 3562/2461/787 3561/2462/787 3559/2460/786
f 3562/2461/787 3564/2463/788 3563/2464/788 3561/2462/787
f 3564/2463/788 3358/1672/686 3357/93/686 3563/2464/788
f 3566/968/789 3568/2465/790 3567/2466/790 3565/94/789
f 3568/2465/790 3570/2467/791 3569/2468/791 3567/2466/790
f 3570/2467/791 3572/987/792 3571/988/792 3569/2468/791
f 3572/987/792 3574/2469/793 3573/2470/793 3571/988/792
f 3574/2469/793 3576/2471/794 3575/2472/794 3573/2470/793
f 3576/2471/794 3578/1007/795 3577/1008/795 3575/2472/794
f 3578/1007/795 3580/2473/796 3579/2474/796 3577/1008/795
f 3580/2473/796 3582/2475/797 3581/2476/797 3579/2474/796
f 3582/2475/797 3584/1027/798 3583/599/798 3581/2476/797
f 3584/1027/798 3586/2477/706 3585/2478/706 3583/599/798
f 3586/2477/706 3588/2479/799 3587/2480/799 3585/2478/706
f 3588/2479/799 3590/1046/800 3589/1047/800 3587/2480/799
f 3590/1046/800 3592/2481/801 3591/2482/801 3589/1047/800
f 3592/2481/801 3594/2483/802 3593/2484/802 3591/2482/801
f 3594/2483/802 3596/1066/803 3595/1067/803 3593/2484/802
f 3596/1066/803 3598/2485/804 3597/2486/804 3595/1067/803
f 3598/2485/804 3600/2487/805 3599/2488/805 3597/2486/804
f 3600/2487/805 3602/1086/806 3601/582/806 3599/2488/805
f 3602/1086/806 3604/2489/807 3603/2490/807 3601/582/806
f 3604/2489/807 3606/2491/808 3605/2492/808 3603/2490/807
f 3606/2491/808 3608/1105/809 3607/1106/809 3605/2492/808
f 3608/1105/809 3610/2493/810 3609/2494/810 3607/1106/809
f 3610/2493/810 3612/2495/811 3611/2496/811 3609/2494/810
f 3612/2495/811 3614/1124/812 3613/1125/812 3611/2496/811
f 3614/1124/812 3616/2497/813 3615/2498/813 3613/1125/812
f 3616/2497/813 3618/2499/814 3617/2500/814 3615/2498/813
f 3618/2499/814 3620/1144/815 3619/552/815 3617/2500/814
f 3620/1144/815 3622/2501/816 3621/2502/816 3619/552/815
f 3622/2501/816 3624/2503/817 3623/2504/817 3621/2502/816
f 3624/2503/817 3626/1163/818 3625/1164/818 3623/2504/817
f 3626/1163/818 3628/2505/819 3627/2506/819 3625/1164/818
f 3628/2505/819 3630/2507/820 3629/2508/820 3627/2506/819
f 3630/2507/820 3632/1183/821 3631/1184/821 3629/2508/820
f 3632/1183/821 3634/2509/822 3633/2510/822 3631/1184/821
f 3634/2509/822 3636/2511/823 3635/2512/823 3633/2510/822
f 3636/2511/823 3638/1203/824 3637/472/824 3635/2512/823
f 3638/1203/824 3640/2513/825 3639/2514/825 3637/472/824
f 3640/2513/825 3642/2515/826 3641/2516/826 3639/2514/825
f 3642/2515/826 3644/1222/827 3643/1223/827 3641/2516/826
f 3644/1222/827 3646/2517/828 3645/2518/828 3643/1223/827
f 3646/2517/828 3648/2519/829 3647/2520/829 3645/2518/828
f 3648/2519/829 3650/1242/830 3649/1243/830 3647/2520/829
f 3650/1242/830 3652/2521/831 3651/2522/831 3649/1243/830
f 3652/2521/831 3654/2523/832 3653/2524/832 3651/2522/831
f 3654/2523/832 3656/1261/833 3655/493/833 3653/2524/832
f 3656/1261/833 3658/2525/834 3657/2526/834 3655/493/833
f 3658/2525/834 3660/2527/835 3659/2528/835 3657/2526/834
f 3660/2527/835 3662/1280/836 3661/1281/836 3659/2528/835
f 3662/1280/836 3664/2529/837 3663/2530/837 3661/1281/836
f 3664/2529/837 3666/2531/838 3665/2532/838 3663/2530/837
f 3666/2531/838 3668/1300/839 3667/1301/839 3665/2532/838
f 3668/1300/839 3670/2533/840 3669/2534/840 3667/1301/839
f 3670/2533/840 3672/2535/841 3671/2536/841 3669/2534/840
f 3672/2535/841 3674/1320/842 3673/520/842 3671/2536/841
f 3674/1320/842 3676/2537/843 3675/2538/843 3673/520/842
f 3676/2537/843 3678/2539/844 3677/2540/844 3675/2538/843
f 3678/2539/844 3680/1339/845 3679/1340/845 3677/2540/844
f 3680/1339/845 3682/2541/846 3681/2542/846 3679/1340/845
f 3682/2541/846 3684/2543/847 3683/2544/847 3681/2542/846
f 3684/2543/847 3686/1359/848 3685/1360/848 3683/2544/847
f 3686/1359/848 3688/2545/849 3687/2546/849 3685/1360/848
f 3688/2545/849 3690/2547/850 3689/2548/850 3687/2546/849
f 3690/2547/850 3692/1379/851 3691/528/851 3689/2548/850
f 3692/1379/851 3694/2549/852 3693/2550/852 3691/528/851
f 3694/2549/852 3696/2551/853 3695/2552/853 3693/2550/852
f 3696/2551/853 3698/1397/854 3697/1398/854 3695/2552/853
f 3698/1397/854 3700/2553/855 3699/2554/855 3697/1398/854
f 3700/2553/855 3702/2555/856 3701/2556/856 3699/2554/855
f 3702/2555/856 3704/1417/857 3703/1418/857 3701/2556/856
f 3704/1417/857 3706/2557/858 3705/2558/858 3703/1418/857
f 3706/2557/858 3708/2559/859 3707/2560/859 3705/2558/858
f 3708/2559/859 3710/1437/860 3709/543/860 3707/2560/859
f 3710/1437/860 3712/2561/861 3711/2562/861 3709/543/860
f 3712/2561/861 3714/2563/862 3713/2564/862 3711/2562/861
f 3714/2563/862 3716/1456/863 3715/1457/863 3713/2564/862
f 3716/1456/863 3718/2565/864 3717/2566/864 3715/1457/863
f 3718/2565/864 3720/2567/865 3719/2568/865 3717/2566/864
f 3720/2567/865 3722/1476/866 3721/1477/866 3719/2568/865
f 3722/1476/866 3724/2569/867 3723/2570/867 3721/1477/866
f 3724/2569/867 3726/2571/868 3725/2572/868 3723/2570/867
f 3726/2571/868 3728/1496/869 3727/583/869 3725/2572/868
f 3728/1496/869 3730/2573/870 3729/2574/870 3727/583/869
f 3730/2573/870 3732/2575/871 3731/2576/871 3729/2574/870
f 3732/2575/871 3734/1515/872 3733/1516/872 3731/2576/871
f 3734/1515/872 3736/2577/873 3735/2578/873 3733/1516/872
f 3736/2577/873 3738/2579/874 3737/2580/874 3735/2578/873
f 3738/2579/874 3740/1534/875 3739/1535/875 3737/2580/874
f 3740/1534/875 3742/2581/876 3741/2582/876 3739/1535/875
f 3742/2581/876 3744/2583/877 3743/2584/877 3741/2582/876
f 3744/2583/877 3746/1554/878 3745/441/878 3743/2584/877
f 3746/1554/878 3748/2585/879 3747/2586/879 3745/441/878
f 3748/2585/879 3750/2587/880 3749/2588/880 3747/2586/879
f 3750/2587/880 3752/1573/881 3751/1574/881 3749/2588/880
f 3752/1573/881 3754/2589/261 3753/2590/261 3751/1574/881
f 3754/2589/261 3756/2591/882 3755/2592/882 3753/2590/261
f 3756/2591/882 3758/1593/883 3757/1594/883 3755/2592/882
f 3758/1593/883 3760/2593/884 3759/2594/884 3757/1594/883
f 3760/2593/884 3762/2595/885 3761/2596/885 3759/2594/884
f 3762/2595/885 3764/1613/886 3763/421/886 3761/2596/885
f 3764/1613/886 3766/2597/887 3765/2598/887 3763/421/886
f 3766/2597/887 3768/2599/888 3767/2600/888 3765/2598/887
f 3768/2599/888 3770/1632/889 3769/1633/889 3767/2600/888
f 3770/1632/889 3772/2601/890 3771/2602/890 3769/1633/889
f 3772/2601/890 3774/2603/891 3773/2604/891 3771/2602/890
f 3774/2603/891 3776/1652/892 3775/1653/892 3773/2604/891
f 3776/1652/892 3778/2605/893 3777/2606/893 3775/1653/892
f 3778/2605/893 3780/2607/894 3779/2608/894 3777/2606/893
f 3780/2607/894 3566/1672/789 3565/93/789 3779/2608/894
f 3782/968/895 3784/2129/896 3783/2130/896 3781/94/895
f 3784/2129/896 3786/2131/897 3785/2132/897 3783/2130/896
f 3786/2131/897 3788/2133/898 3787/2134/898 3785/2132/897
f 3788/2133/898 3790/997/899 3789/998/899 3787/2134/898
f 3790/997/899 3792/2135/900 3791/2136/900 3789/998/899
f 3792/2135/900 3794/2137/901 3793/2138/901 3791/2136/900
f 3794/2137/901 3796/2139/902 3795/2140/902 3793/2138/901
f 3796/2139/902 3798/1027/903 3797/599/903 3795/2140/902
f 3798/1027/903 3800/2141/904 3799/2142/904 3797/599/903
f 3800/2141/904 3802/2143/905 3801/2144/905 3799/2142/904
f 3802/2143/905 3804/2145/906 3803/2146/906 3801/2144/905
f 3804/2145/906 3806/1056/605 3805/1057/605 3803/2146/906
f 3806/1056/605 3808/2147/907 3807/2148/907 3805/1057/605
f 3808/2147/907 3810/2149/908 3809/2150/908 3807/2148/907
f 3810/2149/908 3812/2151/909 3811/2152/909 3809/2150/908
f 3812/2151/909 3814/1086/609 3813/582/609 3811/2152/909
f 3814/1086/609 3816/2153/910 3815/2154/910 3813/582/609
f 3816/2153/910 3818/2155/911 3817/2156/911 3815/2154/910
f 3818/2155/911 3820/2157/912 3819/2158/912 3817/2156/911
f 3820/2157/912 3822/1114/913 3821/1115/913 3819/2158/912
f 3822/1114/913 3824/2159/914 3823/2160/914 3821/1115/913
f 3824/2159/914 3826/2161/915 3825/2162/915 3823/2160/914
f 3826/2161/915 3828/2163/916 3827/2164/916 3825/2162/915
f 3828/2163/916 3830/1144/917 3829/552/917 3827/2164/916
f 3830/1144/917 3832/2165/918 3831/2166/918 3829/552/917
f 3832/2165/918 3834/2167/919 3833/2168/919 3831/2166/918
f 3834/2167/919 3836/2169/344 3835/2170/344 3833/2168/919
f 3836/2169/344 3838/1173/920 3837/1174/920 3835/2170/344
f 3838/1173/920 3840/2171/921 3839/2172/921 3837/1174/920
f 3840/2171/921 3842/2173/922 3841/2174/922 3839/2172/921
f 3842/2173/922 3844/2175/923 3843/2176/923 3841/2174/922
f 3844/2175/923 3846/1203/924 3845/472/924 3843/2176/923
f 3846/1203/924 3848/2177/925 3847/2178/925 3845/472/924
f 3848/2177/925 3850/2179/926 3849/2180/926 3847/2178/925
f 3850/2179/926 3852/2181/927 3851/2182/927 3849/2180/926
f 3852/2181/927 3854/1232/928 3853/1233/928 3851/2182/927
f 3854/1232/928 3856/2183/929 3855/2184/929 3853/1233/928
f 3856/2183/929 3858/2185/47 3857/2186/47 3855/2184/929
f 3858/2185/47 3860/2187/930 3859/2188/930 3857/2186/47
f 3860/2187/930 3862/1261/931 3861/493/931 3859/2188/930
f 3862/1261/931 3864/2189/932 3863/2190/932 3861/493/931
f 3864/2189/932 3866/2191/933 3865/2192/933 3863/2190/932
f 3866/2191/933 3868/2193/934 3867/2194/934 3865/2192/933
f 3868/2193/934 3870/1290/935 3869/1291/935 3867/2194/934
f 3870/1290/935 3872/2195/936 3871/2196/936 3869/1291/935
f 3872/2195/936 3874/2197/937 3873/2198/937 3871/2196/936
f 3874/2197/937 3876/2199/437 3875/2200/437 3873/2198/937
f 3876/2199/437 3878/1320/938 3877/520/938 3875/2200/437
f 3878/1320/938 3880/2201/939 3879/2202/939 3877/520/938
f 3880/2201/939 3882/2203/940 3881/2204/940 3879/2202/939
f 3882/2203/940 3884/2205/941 3883/2206/941 3881/2204/940
f 3884/2205/941 3886/1349/942 3885/1350/942 3883/2206/941
f 3886/1349/942 3888/2207/943 3887/2208/943 3885/1350/942
f 3888/2207/943 3890/2209/944 3889/2210/944 3887/2208/943
f 3890/2209/944 3892/2211/945 3891/2212/945 3889/2210/944
f 3892/2211/945 3894/1379/946 3893/528/946 3891/2212/945
f 3894/1379/946 3896/2213/947 3895/2214/947 3893/528/946
f 3896/2213/947 3898/2215/948 3897/2216/948 3895/2214/947
f 3898/2215/948 3900/2217/949 3899/2218/949 3897/2216/948
f 3900/2217/949 3902/1407/950 3901/1408/950 3899/2218/949
f 3902/1407/950 3904/2219/951 3903/2220/951 3901/1408/950
f 3904/2219/951 3906/2221/952 3905/2222/952 3903/2220/951
f 3906/2221/952 3908/2223/953 3907/2224/953 3905/2222/952
f 3908/2223/953 3910/1437/954 3909/543/954 3907/2224/953
f 3910/1437/954 3912/2225/955 3911/2226/955 3909/543/954
f 3912/2225/955 3914/2227/956 3913/2228/956 3911/2226/955
f 3914/2227/956 3916/2229/957 3915/2230/957 3913/2228/956
f 3916/2229/957 3918/1466/958 3917/1467/958 3915/2230/957
f 3918/1466/958 3920/2231/959 3919/2232/959 3917/1467/958
f 3920/2231/959 3922/2233/960 3921/2234/960 3919/2232/959
f 3922/2233/960 3924/2235/961 3923/2236/961 3921/2234/960
f 3924/2235/961 3926/1496/962 3925/583/962 3923/2236/961
f 3926/1496/962 3928/2237/963 3927/2238/963 3925/583/962
f 3928/2237/963 3930/2239/964 3929/2240/964 3927/2238/963
f 3930/2239/964 3932/2241/965 3931/2242/965 3929/2240/964
f 3932/2241/965 3934/1525/966 3933/1526/966 3931/2242/965
f 3934/1525/966 3936/2243/967 3935/2244/967 3933/1526/966
f 3936/2243/967 3938/2245/968 3937/2246/968 3935/2244/967
f 3938/2245/968 3940/2247/969 3939/2248/969 3937/2246/968
f 3940/2247/969 3942/1554/970 3941/441/970 3939/2248/969
f 3942/1554/970 3944/2249/971 3943/2250/971 3941/441/970
f 3944/2249/971 3946/2251/972 3945/2252/972 3943/2250/971
f 3946/2251/972 3948/2253/973 3947/2254/973 3945/2252/972
f 3948/2253/973 3950/1583/974 3949/1584/974 3947/2254/973
f 3950/1583/974 3952/2255/975 3951/2256/975 3949/1584/974
f 3952/2255/975 3954/2257/976 3953/2258/976 3951/2256/975
f 3954/2257/976 3956/2259/977 3955/2260/977 3953/2258/976
f 3956/2259/977 3958/1613/978 3957/421/978 3955/2260/977
f 3958/1613/978 3960/2261/979 3959/2262/979 3957/421/978
f 3960/2261/979 3962/2263/980 3961/2264/980 3959/2262/979
f 3962/2263/980 3964/2265/981 3963/2266/981 3961/2264/980
f 3964/2265/981 3966/1642/982 3965/1643/982 3963/2266/981
f 3966/1642/982 3968/2267/983 3967/2268/983 3965/1643/982
f 3968/2267/983 3970/2269/984 3969/2270/984 3967/2268/983
f 3970/2269/984 3972/2271/985 3971/2272/985 3969/2270/984
f 3972/2271/985 3782/1672/895 3781/93/895 3971/2272/985
